ticker,name,sector,market,current_price,annual_return,volatility,annual_dividend_per_share,pe,roe,analyst_rating
1301.T,極洋,水産・農林業,プライム（内国株式）,4785.0,0.02773259160778598,0.20414139049849372,150.0,8.849558,0.0,-
130A.T,Ｖｅｒｉｔａｓ　Ｉｎ　Ｓｉｌｉｃｏ,医薬品,グロース（内国株式）,448.0,-0.37604456824512533,0.5298418981431318,0.0,0.0,-0.21319,-
131A.T,ＣＣＮグループ,情報・通信業,PRO Market,1737.0,0.011648223645894,0.011861970348685191,20.0,9.2423115,0.0,-
132A.T,アイエヌホールディングス,陸運業,PRO Market,220.0,0.0,0.0,0.0,87.64941,0.0,-
1332.T,ニッスイ,水産・農林業,プライム（内国株式）,1305.0,0.31267720674467087,0.29833754614586616,32.0,15.699464,0.1066,買い
1333.T,Ｕｍｉｏｓ,水産・農林業,プライム（内国株式）,1311.0,0.22377356710390206,0.22653687544525974,44.666668,10.2771845,0.08513,-
134A.T,アプライズ,サービス業,PRO Market,1500.0,0.0,0.0,0.0,14.044944,0.0,-
135A.T,ＶＲＡＩＮ　Ｓｏｌｕｔｉｏｎ,情報・通信業,グロース（内国株式）,4390.0,0.8133002891367204,0.705266944877006,0.0,51.99115,0.0,強気買い
1375.T,ユキグニファクトリー,水産・農林業,プライム（内国株式）,1167.0,0.08297271300860153,0.1328173311087687,23.0,50.0,0.1008,-
1376.T,カネコ種苗,水産・農林業,スタンダード（内国株式）,1638.0,0.19996984536628715,0.2391739488130861,48.0,12.5311985,0.05158,-
1377.T,サカタのタネ,水産・農林業,プライム（内国株式）,4525.0,0.2550524521918557,0.22874565575727904,85.0,15.848097,0.06309,買い
1379.T,ホクト,水産・農林業,プライム（内国株式）,2112.0,0.1593514709383558,0.16937353142766284,55.0,11.025321,0.107080005,-
137A.T,Ｃｏｃｏｌｉｖｅ,情報・通信業,グロース（内国株式）,710.0,-0.5126973232669869,0.44448963951443454,0.0,11.539087,0.0,-
1380.T,秋川牧園,水産・農林業,スタンダード（内国株式）,998.0,-0.006665953869033155,0.13732658238315132,10.0,44.64673,0.060229998,-
1381.T,アクシーズ,水産・農林業,スタンダード（内国株式）,3410.0,0.1592198511220622,0.36347353093234414,120.0,9.881473,0.10371,-
1382.T,ホーブ,水産・農林業,スタンダード（内国株式）,877.0,-0.49565715505186364,0.6584482840517286,50.0,0.0,-0.00958,-
1383.T,ベルグアース,水産・農林業,スタンダード（内国株式）,3010.0,0.006717240307099972,0.12489759458559294,10.0,111.111115,0.052800003,-
1384.T,ホクリヨウ,水産・農林業,スタンダード（内国株式）,2213.0,0.12423274039519343,0.33833671599805426,130.0,8.431597,0.11241999,-
138A.T,光フードサービス,小売業,グロース（内国株式）,3110.0,0.3494192974578155,0.2836000023819854,40.0,32.264317,0.080129996,-
139A.T,東日本地所,不動産業,PRO Market,3350.0,0.012084592145015106,0.012306346277155556,40.0,7.6219516,0.0,-
1401.T,エムビーエス,建設業,グロース（内国株式）,1293.0,-0.06967640856695599,0.4989554865974808,15.0,19.342915,0.14659001,-
1407.T,ウエストホールディングス,建設業,スタンダード（内国株式）,2845.0,0.7809294421146581,0.5593543898771537,100.0,13.495116,0.16728,強気買い
1414.T,ショーボンドホールディングス,建設業,プライム（内国株式）,1258.0,-0.008155416128142157,0.1951821423163229,45.75,20.0,0.1387,-
1417.T,ミライト・ワン,建設業,プライム（内国株式）,3533.0,0.2997706408834062,0.2573357194851558,85.0,16.611265,0.08816,強気買い
1418.T,インターライフホールディングス,建設業,スタンダード（内国株式）,600.0,0.5156500301421693,0.4050076671132844,30.0,7.948922,0.20125,-
1419.T,タマホーム,建設業,プライム（内国株式）,3095.0,-0.13734809828463393,0.26420093425775737,125.0,48.545433,0.08319,売り
141A.T,トライアルホールディングス,小売業,グロース（内国株式）,3920.0,0.5770820830505361,0.6223540459362008,17.0,49.49867,0.079780005,買い
1420.T,サンヨーホームズ,建設業,スタンダード（内国株式）,632.0,-0.06642048155762,0.1234763542581018,25.0,6.891526,0.0348,-
1429.T,日本アクア,建設業,プライム（内国株式）,786.0,-0.06090560331550503,0.26447825997011115,35.0,11.925988,0.17089,-
142A.T,ジンジブ,サービス業,グロース（内国株式）,861.0,0.21610169491525424,0.5942543805593978,0.0,8.810797,-0.32996,-
1430.T,ファーストコーポレーション,建設業,スタンダード（内国株式）,1038.0,0.15761109950167143,0.21561778333618659,48.0,10.162254,0.13269,-
1431.T,Ｌｉｂ　Ｗｏｒｋ,建設業,グロース（内国株式）,648.0,-0.14613066490587343,0.15405348847456782,6.4,66.22177,0.046090003,-
1433.T,ベステラ,建設業,プライム（内国株式）,1195.0,-0.02431148230813069,0.32889722818761347,40.0,19.961103,0.12053,-
1434.T,ＪＥＳＣＯホールディングス,建設業,スタンダード（内国株式）,1664.0,0.4758674376140546,0.5719286518986181,40.0,11.709798,0.18907,-
1435.T,ｒｏｂｏｔ　ｈｏｍｅ,不動産業,スタンダード（内国株式）,185.0,0.10095578663860132,0.454715402948733,2.0,9.259259,0.19448,-
1436.T,グリーンエナジー＆カンパニー,建設業,グロース（内国株式）,1552.0,1.0344991579716816,0.7339143834542652,5.0,49.260483,0.08981,-
1438.T,岐阜造園,建設業,スタンダード（内国株式）,2322.0,0.20827984889184303,0.18356845341910585,38.0,15.504074,0.11375,-
143A.T,イシン,サービス業,グロース（内国株式）,701.0,-0.3240115718418515,0.32910039854680756,0.0,10.139665,0.01154,-
1443.T,技研ホールディングス,建設業,スタンダード（内国株式）,276.0,0.06148376566101953,0.3753886124622242,1.1,8.018358,0.05262,-
1444.T,ニッソウ,建設業,グロース（内国株式）,2650.0,0.011064479206409768,0.21728251389333333,0.0,0.0,-0.026889998,-
1446.T,キャンディル,建設業,スタンダード（内国株式）,544.0,-0.020956692343831542,0.11514208080660832,8.0,25.378073,0.07326,-
1447.T,ＳＡＡＦホールディングス,建設業,グロース（内国株式）,398.0,0.4369727112490801,0.6525390138460719,4.5,38.316723,0.1174,-
144A.T,エネルギーパワー,建設業,PRO Market,450.0,0.0,0.0,0.0,18.796991,0.0,-
1450.T,ＴＡＮＡＫＥＮ,建設業,スタンダード（内国株式）,1457.0,0.042513468635314834,0.21077386511118454,55.0,8.877176,0.17764,-
145A.T,Ｌ　ｉｓ　Ｂ,情報・通信業,グロース（内国株式）,889.0,-0.34099332839140106,0.45126441555746716,0.0,32.448376,0.07762,-
146A.T,コロンビア・ワークス,不動産業,スタンダード（内国株式）,3770.0,0.16999514406312277,0.5713383479589628,78.0,7.5200834,0.23454,-
147A.T,ソラコム,情報・通信業,グロース（内国株式）,1049.0,-0.010377358490566037,0.4963982723660278,0.0,84.110535,0.09277,-
148A.T,ハッチ・ワーク,情報・通信業,グロース（内国株式）,1722.0,-0.33896353166986565,0.469231102808591,0.0,14.534884,0.27366,-
1491.T,中外鉱業,非鉄金属,スタンダード（内国株式）,712.0,-0.30470921590154576,0.6045104854733104,34.0,12.642208,0.15832,-
149A.T,シンカ,情報・通信業,グロース（内国株式）,772.0,-0.228,0.7936527051693926,0.0,61.65644,0.04241,-
150A.T,ＪＳＨ,サービス業,グロース（内国株式）,746.0,0.8419753086419753,0.6232496196893679,0.0,8.337079,0.0,-
1514.T,住石ホールディングス,鉱業,スタンダード（内国株式）,706.0,0.15244324838420778,0.7956623196843384,20.0,16.695059,0.11983,-
1515.T,日鉄鉱業,鉱業,プライム（内国株式）,3625.0,1.2866360154566616,0.6984562065927468,71.4,21.50529,0.07014,-
1518.T,三井松島ホールディングス,その他製品,プライム（内国株式）,2283.0,0.8689458962774649,0.4290350230708075,64.0,6.7980294,0.18361999,-
151A.T,ダイブグループ,サービス業,グロース（内国株式）,644.0,-0.25720876585928487,0.2964653986194945,0.0,11.365273,0.19674,-
152A.T,オプティ,卸売業,PRO Market,1186.0,0.0,0.0,0.0,4.992423,0.0,-
153A.T,カウリス,情報・通信業,グロース（内国株式）,1324.0,-0.4036807902798864,0.7570258852354792,4.8,38.755535,0.23095,-
154A.T,ＧＡＩＡ,その他金融業,PRO Market,6610.0,0.002578492340360989,0.00262580807301503,17.0,48.542263,0.0,-
155A.T,情報戦略テクノロジー,情報・通信業,グロース（内国株式）,820.0,0.055341055341055344,0.6887964353197371,0.0,28.459343,0.0,-
156A.T,マテリアルグループ,サービス業,グロース（内国株式）,854.0,0.11359181961512779,0.333938432098208,26.0,13.129272,0.29511,-
157A.T,グリーンモンスター,サービス業,グロース（内国株式）,731.0,0.3966599446056773,0.9837162533484753,10.0,0.0,-0.0139999995,-
158A.T,エクセリ,小売業,PRO Market,2227.0,0.011353315168029064,0.011561650254707328,25.0,47.17221,0.0,-
1605.T,ＩＮＰＥＸ,鉱業,プライム（内国株式）,3954.0,0.7089764934776328,0.3818776728646669,106.0,12.8042145,0.08457,中立
160A.T,アズパートナーズ,サービス業,スタンダード（内国株式）,2022.0,-0.3668872924791325,0.3443241474106692,70.0,6.273566,0.25823,-
161A.T,三葉,サービス業,PRO Market,1125.0,0.0,0.0,0.0,11.890921,0.0,-
164A.T,アップルパーク,不動産業,PRO Market,1980.0,0.019294514389506422,0.019648571708295117,37.48,9.460557,0.0,-
1662.T,石油資源開発,鉱業,プライム（内国株式）,1877.0,0.6608217124981598,0.4666729051336427,65.0,7.2622237,0.084139995,-
1663.T,Ｋ＆Ｏエナジーグループ,鉱業,プライム（内国株式）,1927.0,0.18813155774245444,0.37405830189849215,30.0,15.847657,0.088690005,-
166A.T,タスキホールディングス,不動産業,プライム（内国株式）,1149.0,0.6639161321646014,0.3649931110181233,52.0,8.76113,0.0,-
167A.T,リョーサン菱洋ホールディングス,卸売業,プライム（内国株式）,3110.0,0.12998586116119792,0.2633483525526259,140.0,14.700289,0.0,-
168A.T,イタミアート,その他製品,グロース（内国株式）,1065.0,-0.18656105719613775,0.6648491873958952,20.0,11.489777,0.11935,-
1711.T,ＳＤＳホールディングス,建設業,スタンダード（内国株式）,241.0,-0.1858108108108108,0.5564013676388613,0.0,0.0,-0.069510005,-
1716.T,第一カッター興業,建設業,スタンダード（内国株式）,1435.0,0.14789675655148596,0.2116950988948788,45.0,9.891339,0.08911,-
1717.T,明豊ファシリティワークス,サービス業,スタンダード（内国株式）,956.0,-0.07360242826573234,0.147228117791947,44.0,12.29966,0.17406,-
1718.T,美樹工業,建設業,スタンダード（内国株式）,6780.0,-0.10069698470695762,0.30086053642173727,350.0,5.216484,0.0929,-
1719.T,安藤・間,建設業,プライム（内国株式）,1888.5,0.1560006091374503,0.2150814692282547,80.0,11.947112,0.0,中立
171A.T,ゼロジャパン,卸売業,PRO Market,2167.0,0.0,0.0,0.0,9.930346,0.0,-
1720.T,東急建設,建設業,プライム（内国株式）,1143.0,0.047089210272850575,0.3292983956399412,40.0,23.660713,0.11707,-
1721.T,コムシスホールディングス,建設業,プライム（内国株式）,5257.0,0.47326717932465545,0.2483637091918133,130.0,19.841476,0.08924,-
1723.T,日本電技,建設業,スタンダード（内国株式）,2071.0,0.5862477582755058,0.5225393669503826,40.0,20.367168,0.15873,-
1724.T,シンクレイヤ,建設業,スタンダード（内国株式）,716.0,0.14138690019009909,0.17712441619117616,28.0,14.085588,0.25195,-
172A.T,ネオホーム,不動産業,PRO Market,2234.0,0.0,0.0,0.0,46.9525,0.0,-
1736.T,オーテック,建設業,スタンダード（内国株式）,2369.0,0.3604159665450155,0.35931303332392006,82.0,10.320117,0.15039,-
173A.T,ハンモック,情報・通信業,グロース（内国株式）,1574.0,0.07350349873740075,0.24795921299587012,40.0,10.12169,0.23284,-
1758.T,太洋基礎工業,建設業,スタンダード（内国株式）,2437.0,0.21872977638423163,0.3309135355197592,60.0,12.4072485,0.05039,-
175A.T,Ｗｉｌｌ　Ｓｍａｒｔ,情報・通信業,グロース（内国株式）,620.0,-0.39805825242718446,0.537952461247074,0.0,0.0,-2.01456,-
1762.T,高松コンストラクショングループ,建設業,プライム（内国株式）,4000.0,0.23822733669497748,0.29982200768365463,130.0,12.562647,0.07567,強気買い
1764.T,工藤建設,建設業,スタンダード（内国株式）,2711.0,0.02054413489694295,0.23781619813962815,127.0,8.143405,0.0,-
1766.T,東建コーポレーション,建設業,プライム（内国株式）,13500.0,-0.036815068493150686,0.2015701698435502,360.0,11.50748,0.120299995,強気買い
1768.T,ソネック,建設業,スタンダード（内国株式）,1020.0,0.06015162513914281,0.49190638475877385,50.0,10.373286,0.12292,-
1770.T,藤田エンジニアリング,建設業,スタンダード（内国株式）,2092.0,0.4167474270418225,0.3724676803553726,75.0,11.708794,0.06797,-
1773.T,ワイ・ティー・エル・コーポレーション・バーハッド,建設業,プライム（外国株式）,95.0,0.05611143289242461,0.38048651352919377,1.9669001,13.485114,0.13242,-
177A.T,コージンバイオ,化学,グロース（内国株式）,846.0,-0.5152617968691641,0.5089544503354205,10.0,10.395304,0.09787,-
1780.T,ヤマウラ,建設業,プライム（内国株式）,1478.0,0.06566540849282744,0.19044626092638095,30.0,8.097341,0.10429,-
1783.T,ｆａｎｔａｓｉｓｔａ,不動産業,スタンダード（内国株式）,50.0,-0.21875,0.5005380702393754,0.0,0.0,-0.03079,-
1786.T,オリエンタル白石,建設業,プライム（内国株式）,359.0,-0.10741042757407503,0.24198939200872427,14.5,13.605197,0.06336,-
1787.T,ナカボーテック,建設業,スタンダード（内国株式）,5920.0,0.17458724324408112,0.21458000693165977,335.0,15.313814,0.11076,-
1788.T,三東工業社,建設業,スタンダード（内国株式）,4310.0,0.10944412222602991,0.37348394283917324,130.0,9.794282,0.094849996,-
1793.T,大本組,建設業,スタンダード（内国株式）,2035.0,0.5318268538875801,0.3371394660501895,50.0,33.111782,0.03313,-
1795.T,マサル,建設業,スタンダード（内国株式）,5580.0,0.363039128406095,0.29722322175993315,160.0,10.559673,0.08607,-
1798.T,守谷商会,建設業,スタンダード（内国株式）,1009.0,0.06759895861116123,0.40340479323070877,36.0,4.9456887,0.16181,-
1799.T,第一建設工業,建設業,スタンダード（内国株式）,3270.0,0.053947499188918266,0.3426165491064593,160.0,12.706318,0.060149997,-
1801.T,大成建設,建設業,プライム（内国株式）,12355.0,0.3037227684776893,0.4556971368269304,310.0,20.508865,0.0,買い
1802.T,大林組,建設業,プライム（内国株式）,2941.5,0.24844651181297608,0.3414390979988284,88.0,16.207489,0.15325,買い
1803.T,清水建設,建設業,プライム（内国株式）,2336.5,0.2644663668906366,0.4297292686868729,72.0,20.0,0.11965,中立
1807.T,佐藤渡辺,建設業,スタンダード（内国株式）,1886.0,0.12173674082297126,0.21282784309912023,80.0,10.493364,0.052160002,-
1808.T,長谷工コーポレーション,建設業,プライム（内国株式）,2856.5,0.19392623595530842,0.26445408283453,95.0,20.28439,0.10509,買い
1810.T,松井建設,建設業,スタンダード（内国株式）,1491.0,0.04547331008189929,0.31826061066260036,78.0,11.363794,0.09219,-
1811.T,錢高組,建設業,スタンダード（内国株式）,7870.0,0.27508446433036937,0.503765345723016,120.0,14.814815,0.04146,-
1812.T,鹿島建設,建設業,プライム（内国株式）,4747.0,0.15252334866457884,0.40293567099119765,146.0,17.698917,0.0,強気買い
1813.T,不動テトラ,建設業,プライム（内国株式）,2821.0,0.11999207511810991,0.39066001478285317,115.0,15.552099,0.10812,-
1814.T,大末建設,建設業,プライム（内国株式）,3565.0,0.41207246998089836,0.41573621210521594,183.0,12.658006,0.16188999,-
1815.T,鉄建建設,建設業,プライム（内国株式）,4355.0,0.3406743656514725,0.3561214186697195,170.0,16.393442,0.04005,-
1820.T,西松建設,建設業,プライム（内国株式）,5485.0,0.09055962769865035,0.21983550916389227,230.0,12.8865185,0.0,買い
1822.T,大豊建設,建設業,スタンダード（内国株式）,807.0,-0.009150485102209295,0.20031795606652938,34.0,21.011145,0.06156,-
1826.T,佐田建設,建設業,スタンダード（内国株式）,1090.0,-0.07997761682212658,0.21750517157151777,60.0,22.27208,0.05806,-
1827.T,ナカノフドー建設,建設業,スタンダード（内国株式）,1287.0,0.7127993734364544,0.4606520895679613,38.0,15.759687,0.07197,-
1828.T,田辺工業,建設業,スタンダード（内国株式）,2315.0,-0.04485973381855353,0.25430872492736983,100.0,9.380828,0.10528,-
1833.T,奥村組,建設業,プライム（内国株式）,5730.0,0.24526051854232753,0.24094235098530215,297.0,17.76199,0.029289998,-
1835.T,東鉄工業,建設業,プライム（内国株式）,3950.0,-0.08477868707330222,0.308021249542683,150.0,15.408196,0.10741,-
1840.T,土屋ホールディングス,建設業,スタンダード（内国株式）,250.0,0.026892949982528905,0.21382713619047722,10.0,0.0,-0.016590001,-
1844.T,大盛工業,建設業,スタンダード（内国株式）,476.0,-0.40517698743812497,0.7719064179329647,11.5,20.488857,0.08935001,-
1847.T,イチケン,建設業,スタンダード（内国株式）,3340.0,0.9918073284452378,0.3695471050246971,115.0,7.6161885,0.0,-
1848.T,富士ピー・エス,建設業,スタンダード（内国株式）,703.0,0.35938786455068017,0.3606847071393207,22.0,3.7118452,0.22325,-
184A.T,学びエイド,情報・通信業,グロース（内国株式）,316.0,-0.47333333333333333,0.4411710762297354,0.0,0.0,0.74958,-
1850.T,南海辰村建設,建設業,スタンダード（内国株式）,420.0,-0.11820685863884409,0.48336714134139536,8.0,6.698297,0.11437,-
1852.T,淺沼組,建設業,プライム（内国株式）,933.0,0.1399347550720079,0.2684659531973228,45.0,13.567634,0.13019,-
1853.T,森組,建設業,スタンダード（内国株式）,333.0,0.07857332004458709,0.15756947079383615,14.0,11.962963,0.17448,-
185A.T,リサイクルテック・ジャパン,サービス業,PRO Market,886.0,0.0,0.0,0.0,1.9383491,0.0,-
1860.T,戸田建設,建設業,プライム（内国株式）,1493.0,0.5386316410865578,0.26507620660566356,58.0,14.513612,0.10925,買い
1861.T,熊谷組,建設業,プライム（内国株式）,1287.0,0.13218892065864116,0.3094198906687382,47.0,19.803091,0.11468001,強気買い
1866.T,北野建設,建設業,スタンダード（内国株式）,1200.0,0.11794906203568763,0.37126602942702625,30.0,11.312092,0.07033,-
1867.T,植木組,建設業,スタンダード（内国株式）,2679.0,0.10452353839803188,0.3035549423200755,120.0,8.084126,0.08371,-
186A.T,アストロスケールホールディングス,サービス業,グロース（内国株式）,1219.0,0.8358433734939759,0.8767971823990546,0.0,-375.6374,-1.02823,-
1870.T,矢作建設工業,建設業,プライム（内国株式）,2138.0,0.04913558085027773,0.25037729691362404,100.0,8.810409,0.1532,-
1871.T,ピーエス・コンストラクション,建設業,プライム（内国株式）,2316.0,0.31417189150167774,0.38599739393131793,120.0,15.266328,0.15507,-
1873.T,日本ハウスホールディングス,建設業,プライム（内国株式）,326.0,0.02343942361325478,0.1567861761489196,12.0,59.85533,0.0,-
1878.T,大東建託,不動産業,プライム（内国株式）,3317.0,0.06986072330396126,0.2268334641856452,150.4,13.020761,0.1974,中立
1879.T,新日本建設,建設業,プライム（内国株式）,2319.0,0.26975739642241486,0.26271211216470913,67.0,8.481836,0.11416,-
1882.T,東亜道路工業,建設業,プライム（内国株式）,1619.0,0.048237166238583505,0.18671642819847822,90.0,20.039362,0.06459,-
1885.T,東亜建設工業,建設業,プライム（内国株式）,2055.0,-0.0016108675021447988,0.5052367496091366,100.0,15.600972,0.16404,-
1887.T,日本国土開発,建設業,プライム（内国株式）,548.0,0.1828686491388846,0.29731825486071234,25.0,22.424019,0.03178,-
1888.T,若築建設,建設業,プライム（内国株式）,3800.0,-0.3271228110675778,0.3496489654124322,135.0,11.848204,0.08552,-
1893.T,五洋建設,建設業,プライム（内国株式）,1433.5,0.3867711284749633,0.48478101219218345,48.0,25.639755,0.18159,強気買い
1897.T,金下建設,建設業,スタンダード（内国株式）,3310.0,0.20038113971114907,0.28760995073756485,50.0,29.58527,0.01263,-
1898.T,世紀東急工業,建設業,プライム（内国株式）,1500.0,0.009024479107946157,0.1658735835145559,71.0,12.738905,0.101169996,-
1899.T,福田組,建設業,プライム（内国株式）,4775.0,0.6879616652914177,0.3443142937197494,130.0,13.037771,0.06387,-
189A.T,Ｄ＆Ｍカンパニー,サービス業,グロース（内国株式）,981.0,0.11589543978948325,0.45980246265314023,20.0,9.822747,0.10366,-
1904.T,大成温調,建設業,スタンダード（内国株式）,5130.0,0.2570258163586579,0.19869156696097381,179.0,15.220658,0.09157,-
1905.T,テノックス,建設業,スタンダード（内国株式）,1458.0,0.1469654324046359,0.29180056962971873,60.5,12.9704895,0.06764,-
1909.T,日本ドライケミカル,機械,スタンダード（内国株式）,3700.0,1.4141925568343288,0.44892222395689385,22.5,16.420074,0.17616,-
190A.T,Ｃｈｏｒｄｉａ　Ｔｈｅｒａｐｅｕｔｉｃｓ,医薬品,グロース（内国株式）,82.0,-0.5418994413407822,0.7430622043617647,0.0,0.0,-0.519,-
1911.T,住友林業,建設業,プライム（内国株式）,1353.0,-0.165992012504052,0.32380129682589975,53.0,8.312755,0.12991,-
1914.T,日本基礎技術,建設業,スタンダード（内国株式）,745.0,0.1862901676277472,0.2420272217753683,30.0,11.724137,0.0471,-
1921.T,巴コーポレーション,建設業,スタンダード（内国株式）,1892.0,0.2623625985412422,0.33648647414647304,36.0,34.248913,0.025840001,-
1925.T,大和ハウス工業,建設業,プライム（内国株式）,4689.0,-0.09177943126127938,0.1904892470450069,175.0,10.141922,0.11734,-
1926.T,ライト工業,建設業,プライム（内国株式）,3730.0,0.19332506909150385,0.24294522646984104,145.0,16.129032,0.13942,中立
1928.T,積水ハウス,建設業,プライム（内国株式）,3471.0,0.05975315886171852,0.1953861233794366,144.0,10.152214,0.11247,買い
1929.T,日特建設,建設業,プライム（内国株式）,1172.0,-0.029162074216688136,0.20164925700627434,49.0,15.874597,0.11303,-
192A.T,インテグループ,サービス業,グロース（内国株式）,1229.0,-0.4476199630823738,0.26517757682228976,20.0,0.0,0.0,-
1930.T,北陸電気工事,建設業,プライム（内国株式）,1524.0,0.08708877627663582,0.35365105388780693,48.0,13.174237,0.07989,-
1934.T,ユアテック,建設業,プライム（内国株式）,2515.0,-0.02216118492182085,0.3219046182975335,72.0,15.698729,0.09029,-
1938.T,日本リーテック,建設業,プライム（内国株式）,2463.0,0.2507654833315749,0.3341678900917546,82.0,13.054869,0.08975001,-
1939.T,四電工,建設業,プライム（内国株式）,2120.0,0.6270613776504096,0.27533303083796845,77.0,18.518862,0.08168,-
1941.T,中電工,建設業,プライム（内国株式）,5080.0,0.350699076066858,0.26878675677309,135.0,12.547004,0.07515,-
1942.T,関電工,建設業,プライム（内国株式）,5337.0,0.42123395968909677,0.4342959531083945,124.0,25.316204,0.15217,-
1944.T,きんでん,建設業,プライム（内国株式）,6686.0,0.2936186936583725,0.4588341804313422,130.0,24.681866,0.1047,-
1945.T,東京エネシス,建設業,プライム（内国株式）,2042.0,0.23687051956866154,0.4670278698800816,63.0,15.897983,0.067379996,-
1946.T,トーエネック,建設業,プライム（内国株式）,2120.0,0.5612693188316407,0.4492547511750337,76.0,13.123117,0.114750005,-
1948.T,弘電社,建設業,スタンダード（内国株式）,11410.0,3.719765155747516,0.49128951612145816,100.0,20.01393,0.13052,-
194A.T,ＷＯＬＶＥＳ　ＨＡＮＤ,サービス業,グロース（内国株式）,1983.0,1.120855614973262,0.7159271207667188,0.0,17.272148,0.0,-
1950.T,日本電設工業,建設業,プライム（内国株式）,3835.0,0.4318037489942702,0.3641606682507887,124.0,19.23149,0.090679996,-
1951.T,エクシオグループ,建設業,プライム（内国株式）,2540.5,0.2010209364924779,0.2394671012110342,68.0,19.257462,0.1076,-
1952.T,新日本空調,建設業,プライム（内国株式）,3010.0,0.025365166413422523,0.4309514672516715,110.0,14.77718,0.18035,-
1959.T,クラフティア,建設業,プライム（内国株式）,8179.0,0.17739545291185613,0.33044906117689604,220.0,22.421276,0.106359996,買い
195A.T,ＭＵＳＣＡＴ　ＧＲＯＵＰ,サービス業,グロース（内国株式）,606.0,-0.3933933933933934,0.7141912283734541,0.0,0.0,-0.10632,-
1960.T,サンテック,建設業,スタンダード（内国株式）,1680.0,0.7617977850281957,0.5352167227483879,65.0,8.368049,0.06866,-
1961.T,三機工業,建設業,プライム（内国株式）,2360.0,0.508187441891887,0.4412502753224093,65.0,22.779238,0.1899,-
1963.T,日揮ホールディングス,建設業,プライム（内国株式）,2233.0,0.6973535822351054,0.43942530470667035,52.0,23.013136,0.082399994,-
1964.T,中外炉工業,建設業,プライム（内国株式）,4055.0,0.037514813805179625,0.35120142419000644,166.0,8.960573,0.15656,-
1965.T,テクノ菱和,建設業,スタンダード（内国株式）,6110.0,0.27156870346488365,0.5573022645958449,170.0,14.492754,0.20941,-
1966.T,高田工業所,建設業,スタンダード（内国株式）,1742.0,0.14125155957311383,0.2933701267445013,70.0,8.741175,0.06403,-
1967.T,ヤマト,建設業,スタンダード（内国株式）,2087.0,0.049637084012633684,0.32919713845568294,60.0,11.173213,0.120620005,-
1968.T,太平電業,建設業,プライム（内国株式）,2357.0,0.13564947226841884,0.3687490272595676,70.0,21.349245,0.09449001,-
1969.T,高砂熱学工業,建設業,プライム（内国株式）,4220.0,0.021724000836525176,0.41300587617724704,115.0,15.45612,0.22594999,-
196A.T,ＭＦＳ,その他金融業,グロース（内国株式）,333.0,-0.075,0.4399093947238555,0.0,34.63035,0.0,-
1972.T,三晃金属工業,建設業,スタンダード（内国株式）,1325.0,-0.07567808997542812,0.24254425512102432,69.0,8.631184,0.12157,-
1975.T,朝日工業社,建設業,プライム（内国株式）,3835.0,0.2980007702979331,0.4331272841302819,144.0,14.184397,0.18327999,-
1976.T,明星工業,建設業,プライム（内国株式）,1769.0,0.15611340525790682,0.28739854080324645,65.0,12.488664,0.120699994,-
1979.T,大氣社,建設業,プライム（内国株式）,3905.0,0.39870990670067086,0.30061380754846956,110.0,17.857143,0.09989,買い
197A.T,タウンズ,医薬品,スタンダード（内国株式）,509.0,-0.05972796854731461,0.23570048603251584,28.0,14.1567135,0.0,-
1980.T,ダイダン,建設業,プライム（内国株式）,2698.0,0.4835944523461577,0.4945834779600444,83.333332,15.151834,0.22097,-
1981.T,協和日成,建設業,スタンダード（内国株式）,1317.0,-0.09165554409878911,0.23991170609979348,50.0,10.684049,0.0725,-
1982.T,日比谷総合設備,建設業,プライム（内国株式）,2933.0,0.2934999130565391,0.4360460322600475,75.0,22.2469,0.1104,-
198A.T,ＰｏｓｔＰｒｉｍｅ,情報・通信業,グロース（内国株式）,156.0,-0.7028571428571428,1.1626106076922804,0.0,0.0,-0.23969999,-
1992.T,神田通信機,建設業,スタンダード（内国株式）,2950.0,0.05422213644879333,0.14037595675571324,82.0,16.862934,0.04221,-
1994.T,高橋カーテンウォール工業,建設業,スタンダード（内国株式）,595.0,0.24261057230055572,0.28291624356138334,21.0,23.144653,0.01762,-
1997.T,暁飯島工業,建設業,スタンダード（内国株式）,4145.0,0.3590940696373688,0.33381914843753535,110.0,8.368285,0.1333,-
199A.T,メディエア,情報・通信業,PRO Market,1350.0,0.00536189373701503,0.0054602853151513205,7.2,26.88172,0.0,-
2001.T,ニップン,食料品,プライム（内国株式）,2950.0,0.3251885069464589,0.17537444548511832,68.0,12.106281,0.08039,-
2002.T,日清製粉グループ本社,食料品,プライム（内国株式）,2068.0,0.18611289802669442,0.1936647526524625,60.0,25.487877,0.053590003,-
2003.T,日東富士製粉,食料品,スタンダード（内国株式）,1821.0,0.05428425739785795,0.19271536484251206,70.0,19.608051,0.068969995,-
2004.T,昭和産業,食料品,プライム（内国株式）,3745.0,0.2851703871726263,0.18311453423478932,115.0,10.761068,0.07174,-
2009.T,鳥越製粉,食料品,スタンダード（内国株式）,1085.0,0.1959833736308347,0.1439141736212906,49.0,22.834806,0.03121,-
203A.T,シュンビン,サービス業,PRO Market,160.0,0.003134796238244514,0.0031923202333373067,0.5,41.34367,0.05149,-
204A.T,タイヨーパッケージ,パルプ・紙,PRO Market,1250.0,0.23517786561264822,0.1643885924166405,250.0,6.016847,0.19793,-
2053.T,中部飼料,食料品,プライム（内国株式）,2031.0,0.16569435276977917,0.23296879954589553,65.0,14.83637,0.07118,-
2055.T,日和産業,食料品,スタンダード（内国株式）,351.0,0.11475885867744236,0.23076234196501683,6.0,22.881844,0.034649998,-
205A.T,ロゴスホールディングス,建設業,グロース（内国株式）,1677.0,0.2621930211247147,0.4422580617804769,63.39,17.723963,0.2168,-
2060.T,フィード・ワン,食料品,プライム（内国株式）,1435.0,0.2945391804051888,0.25573362815624423,45.5,8.733915,0.11071999,-
206A.T,ＰＲＩＳＭ　ＢｉｏＬａｂ,医薬品,グロース（内国株式）,170.0,-0.05027932960893855,0.8811084495632869,0.0,0.0,-0.32137,-
207A.T,ライジングコーポレーション,建設業,PRO Market,1400.0,0.03615436828128816,0.03681780652273629,48.85,8.058018,0.0,-
208A.T,構造計画研究所ホールディングス,情報・通信業,スタンダード（内国株式）,3015.0,0.041009631250924626,0.22956059030721823,102.0,12.853758,0.0,-
209A.T,小野谷機工,機械,PRO Market,780.0,0.012987012987012988,0.01322532668096913,10.0,21.230267,0.07146,-
2108.T,日本甜菜製糖,食料品,プライム（内国株式）,5810.0,1.2204363754775438,0.32327696174426895,160.0,0.0,-0.022839999,-
2109.T,ＤＭ三井製糖,食料品,プライム（内国株式）,3660.0,0.16508204495549697,0.1573101920612733,130.0,20.324741,0.033570003,-
2112.T,塩水港精糖,食料品,スタンダード（内国株式）,469.0,0.2483760469782537,0.3276083728240742,20.0,5.6242733,0.14479,-
2114.T,フジ日本,食料品,スタンダード（内国株式）,649.0,0.2002297694054745,0.12888383243654958,18.0,11.947905,0.120340005,-
2117.T,ウェルネオシュガー,食料品,プライム（内国株式）,2858.0,0.19506317424363537,0.15887754726122807,119.0,16.69449,0.082159996,-
211A.T,カドス・コーポレーション,建設業,スタンダード（内国株式）,3370.0,-0.27869583002297343,0.2957988612035971,180.0,0.0,0.15554,-
2120.T,ＬＩＦＵＬＬ,サービス業,プライム（内国株式）,243.0,0.09704271511260443,0.3969251652845117,10.41,10.195675,0.10467,-
2121.T,ＭＩＸＩ,情報・通信業,プライム（内国株式）,3530.0,0.12254149416411772,0.2685218204009348,120.0,10.190803,0.10026,-
2122.T,インタースペース,サービス業,スタンダード（内国株式）,1422.0,0.5524585373882328,0.37785527368123145,30.0,38.318607,0.047080003,-
2124.T,ジェイエイシーリクルートメント,サービス業,プライム（内国株式）,984.0,-0.10306030412769526,0.2525814017469795,55.0,16.584814,0.41544998,-
2127.T,日本Ｍ＆Ａセンターホールディングス,サービス業,プライム（内国株式）,674.7999877929688,-0.05644344121638396,0.3151051140523886,29.0,16.637346,0.30945998,買い
212A.T,フィットイージー,サービス業,プライム（内国株式）,3085.0,0.12332655487770999,0.49755512115089573,51.0,26.215986,0.36915,-
2130.T,メンバーズ,サービス業,プライム（内国株式）,946.0,-0.23907428156118737,0.41399214712482013,33.0,15.454948,0.16775,-
2134.T,北浜キャピタルパートナーズ,サービス業,スタンダード（内国株式）,21.0,-0.7,0.957712728579449,0.0,0.0,-0.32606,-
2136.T,ヒップ,サービス業,スタンダード（内国株式）,1419.0,0.11627896257277404,0.2222184159127324,70.0,14.045584,0.12212,-
2138.T,クルーズ,情報・通信業,スタンダード（内国株式）,455.0,-0.29566563467492263,0.3380791510571206,0.0,26.903553,-0.039690003,-
2139.T,中広,サービス業,スタンダード（内国株式）,523.0,0.19939537754120668,0.20508035025515145,12.0,28.2489,0.09155,-
2146.T,ＵＴグループ,サービス業,プライム（内国株式）,231.0,0.3545040199437237,0.31782300733835583,13.341332999999999,20.50209,0.17708999,-
2148.T,アイティメディア,サービス業,プライム（内国株式）,1256.0,-0.20562786087289778,0.23882482925444756,100.0,22.320549,0.15279001,-
2152.T,幼児活動研究会,サービス業,スタンダード（内国株式）,1534.0,0.088996175934733,0.2860878816030189,26.0,16.412046,0.10626,-
2153.T,Ｅ・Ｊホールディングス,サービス業,プライム（内国株式）,1826.0,0.04761215092357524,0.19480012228925678,69.0,8.782435,0.09323,-
2154.T,オープンアップグループ,サービス業,プライム（内国株式）,2039.0,0.11761408841773338,0.20523461284844868,85.0,11.96144,0.17187999,-
2156.T,セーラー広告,サービス業,スタンダード（内国株式）,274.0,-0.19684385018003053,0.3683411093053962,6.0,17.92396,0.00721,-
2157.T,コシダカホールディングス,サービス業,プライム（内国株式）,1055.0,-0.2359291258347256,0.2674574392989967,25.0,18.502943,0.16570999,-
2158.T,ＦＲＯＮＴＥＯ,サービス業,グロース（内国株式）,651.0,-0.18726591760299627,0.5346099757372167,0.0,116.78623,0.14543,-
215A.T,タイミー,サービス業,グロース（内国株式）,1669.0,-0.3220958570268075,0.5619886045680079,0.0,65.44311,0.41149,買い
2160.T,ジーエヌアイグループ,医薬品,グロース（内国株式）,2786.0,0.040328603435399554,0.5734277458145922,0.0,16.257206,-0.15619001,強気買い
2162.T,ｎｍｓ　ホールディングス,サービス業,スタンダード（内国株式）,536.0,0.16883121722994493,0.36864009069983206,3.0,0.0,-0.15869,-
2163.T,アルトナー,サービス業,プライム（内国株式）,974.0,0.0634882807147743,0.14772252391895924,64.0,15.4802885,0.25337,-
2164.T,地域新聞社,サービス業,スタンダード（内国株式）,149.0,-0.33695922890917035,0.6596161606815281,0.0,120.588234,-1.35309,-
2168.T,パソナグループ,サービス業,プライム（内国株式）,1670.0,-0.19286297696439583,0.26057924504312724,75.0,40.20284,-0.034849998,-
2169.T,ＣＤＳ,サービス業,スタンダード（内国株式）,1725.0,0.021889871465414604,0.06038204412437668,74.0,27.47269,0.051269997,-
216A.T,ライフクリエイト,小売業,PRO Market,1250.0,0.0,0.0,0.0,8.038586,0.28246,-
2170.T,リンクアンドモチベーション,サービス業,プライム（内国株式）,704.0,0.19034414845865036,0.31652673456916786,16.4,40.48096,0.12942,-
2173.T,博展,サービス業,グロース（内国株式）,709.0,0.16730148674916917,0.3964828340552151,33.0,8.237501,0.45904,-
2175.T,エス・エム・エス,サービス業,プライム（内国株式）,2366.0,0.5023154881809612,0.3944718994851493,29.5,19.341703,0.15786,-
2179.T,成学社,サービス業,スタンダード（内国株式）,862.0,0.14793055621483384,0.16932931010199018,22.0,9.217034,0.11934,-
217A.T,サポート,サービス業,PRO Market,382.0,0.0,0.0,0.0,5.0276384,0.27613002,-
2180.T,サニーサイドアップグループ,サービス業,スタンダード（内国株式）,1307.0,0.9247353879471243,0.4361292324242694,11.0,9.16187,0.31308,-
2181.T,パーソルホールディングス,サービス業,プライム（内国株式）,291.5,0.07763522686939839,0.248616992753124,11.5,13.756492,0.19106,買い
2183.T,リニカル,サービス業,スタンダード（内国株式）,207.0,-0.3723711297470674,0.2723319627365008,8.0,10.978724,-0.26568002,-
2185.T,シイエム・シイ,サービス業,スタンダード（内国株式）,1900.0,0.1728336733954201,0.14606563211485377,55.0,11.574074,0.11298,-
2186.T,ソーバル,サービス業,スタンダード（内国株式）,918.0,-0.01981956430898719,0.059734457249806305,33.0,17.242697,0.08484,-
218A.T,Ｌｉｂｅｒａｗａｒｅ,精密機器,グロース（内国株式）,1128.0,-0.41765616933402167,0.8973665480782609,0.0,0.0,0.15326999,-
2193.T,クックパッド,サービス業,スタンダード（内国株式）,134.0,-0.2717391304347826,0.34963945325836726,0.0,14.031413,0.05589,-
2195.T,アミタホールディングス,サービス業,グロース（内国株式）,350.0,-0.03508030957391352,0.7415357385367327,5.0,27.48307,0.10813,-
2198.T,アイ・ケイ・ケイホールディングス,サービス業,プライム（内国株式）,795.0,0.022950269664313815,0.1572482670301158,24.0,11.990583,0.20709999,-
219A.T,Ｈｅａｒｔｓｅｅｄ,医薬品,グロース（内国株式）,2229.0,-0.3604017216642755,0.8246039867420477,0.0,211.61676,0.083500005,-
2201.T,森永製菓,食料品,プライム（内国株式）,2584.5,-0.014976277704894816,0.20863467475984598,65.0,14.164384,0.14996,-
2204.T,中村屋,食料品,スタンダード（内国株式）,3190.0,0.03883919921645645,0.1424819473410099,75.0,24.941866,0.0,-
2206.T,江崎グリコ,食料品,プライム（内国株式）,5185.0,0.07076431494157115,0.2033382548261192,95.0,74.62705,0.05448,やや弱気
2207.T,ｍｅｉｔｏ,食料品,プライム（内国株式）,3625.0,0.7135970835611705,0.2208539870599175,55.0,15.079366,0.05481,-
2208.T,ブルボン,食料品,スタンダード（内国株式）,3100.0,0.23647857181739154,0.20097250914647924,42.0,15.822939,0.08568,-
2209.T,井村屋グループ,食料品,プライム（内国株式）,2417.0,-0.04541615623112232,0.14182214675197183,38.0,12.135681,0.102060005,-
220A.T,Ｆａｂｅｒ　Ｃｏｍｐａｎｙ,情報・通信業,スタンダード（内国株式）,938.0,-0.07502145546637254,0.34608484170507364,30.0,10.6636305,0.10208,-
2211.T,不二家,食料品,プライム（内国株式）,2504.0,-0.006439976971504902,0.13017423511458484,30.0,31.556232,0.037130002,-
2212.T,山崎製パン,食料品,プライム（内国株式）,3612.0,0.055649765284345225,0.2649581690451169,60.0,16.102842,0.08948,買い
2215.T,第一屋製パン,食料品,スタンダード（内国株式）,607.0,-0.008169934640522876,0.16505336612672397,0.0,13.179465,0.038540002,-
2216.T,カンロ,食料品,スタンダード（内国株式）,1095.0,-0.45598050946153157,0.40248505873271306,32.0,15.198403,0.18864,-
2217.T,モロゾフ,食料品,プライム（内国株式）,1514.0,-0.027762343801540947,0.1513241996070241,15.0,25.853577,0.03263,-
2220.T,亀田製菓,食料品,プライム（内国株式）,1361.0,-0.039467320317183155,0.22004673691076018,22.0,3.509968,0.31041,-
2221.T,岩塚製菓,食料品,スタンダード（内国株式）,3050.0,0.019899169356262125,0.11959855282252002,32.0,16.638765,0.033299997,-
2222.T,寿スピリッツ,食料品,プライム（内国株式）,2680.5,0.45902703650880505,0.30519802324300455,35.0,23.584545,0.29391,強気買い
2224.T,コモ,食料品,スタンダード（内国株式）,3700.0,0.1336032752062955,0.11014234999989722,7.0,0.0,0.03484,-
2226.T,湖池屋,食料品,スタンダード（内国株式）,4840.0,0.016052017067728772,0.07289834380980337,55.0,22.522087,0.12746,-
2229.T,カルビー,食料品,プライム（内国株式）,3070.0,0.136713574434069,0.21117187797228235,66.0,22.98842,0.0,中立
222A.T,ＮＩＣＳ,情報・通信業,PRO Market,60.0,0.01694915254237288,0.017260172109061504,1.0,6.4239826,0.0,-
2264.T,森永乳業,食料品,プライム（内国株式）,1176.0,0.46674014228173755,0.297703935589696,25.0,39.371433,0.04302,-
2266.T,六甲バター,食料品,プライム（内国株式）,1073.0,-0.12684088228843166,0.18388337145337622,20.0,15.527869,0.0,-
2267.T,ヤクルト本社,食料品,プライム（内国株式）,2974.5,0.22799830226822165,0.30168316490312175,70.0,18.86832,0.07873,中立
2268.T,Ｂ－Ｒ　サーティワン　アイスクリーム,食料品,スタンダード（内国株式）,4055.0,-0.009301398967624643,0.05723384399970847,85.0,22.075235,0.12371001,-
2269.T,明治ホールディングス,食料品,プライム（内国株式）,4351.0,0.45315319318778996,0.22805881888076246,105.0,23.696909,0.06292,中立
226A.T,勝美ジャパン,食料品,PRO Market,600.0,0.027027913650003756,0.027523880039527233,15.79,9.496676,0.31928,-
2270.T,雪印メグミルク,食料品,プライム（内国株式）,3670.0,0.28788235763813985,0.2299301110735845,100.0,13.387071,0.096499994,-
227A.T,ＩＮＳＩＧＨＴ　ＬＡＢ,情報・通信業,PRO Market,1230.0,0.0,0.0,0.0,0.0,0.125,-
2281.T,プリマハム,食料品,プライム（内国株式）,2430.0,0.059056851973170746,0.22834745903355494,80.0,23.528421,0.03721,-
2282.T,日本ハム,食料品,プライム（内国株式）,6423.0,0.1681025334824937,0.27501728335601017,160.0,22.295235,0.059910003,中立
2286.T,林兼産業,食料品,スタンダード（内国株式）,919.0,0.5627384614522369,0.30029329000165006,43.0,5.211067,0.114379995,-
2288.T,丸大食品,食料品,プライム（内国株式）,2248.0,0.15712474392834574,0.23050397742282405,70.0,13.387222,0.06796,-
228A.T,オプロ,情報・通信業,グロース（内国株式）,1636.0,0.0024509803921568627,0.5222543116248091,0.0,14.69658,0.20062,-
2291.T,福留ハム,食料品,スタンダード（内国株式）,513.0,-0.5293577981651376,0.28414875994468486,0.0,0.0,-0.21576999,-
2292.T,Ｓ　Ｆｏｏｄｓ,食料品,プライム（内国株式）,2888.0,0.08622492915214525,0.2141193999353657,104.0,17.421505,0.06606,-
2293.T,滝沢ハム,食料品,スタンダード（内国株式）,2717.0,0.0543267365153279,0.13955893937233005,0.0,0.0,-0.047140002,-
2294.T,柿安本店,食料品,プライム（内国株式）,2641.0,-0.0026616192185336986,0.14274398959076276,85.0,41.491127,0.04092,-
2296.T,伊藤ハム米久ホールディングス,食料品,プライム（内国株式）,5110.0,-0.056481398169704024,0.16578568403831856,235.0,19.959734,0.057579998,やや弱気
229A.T,アスミホールディングス,建設業,PRO Market,760.0,0.0,0.0,0.0,60.60606,0.36543,-
2300.T,きょくとう,サービス業,スタンダード（内国株式）,497.0,0.017609929198995566,0.12609391593482586,11.0,73.52941,0.07152,-
2301.T,学情,サービス業,プライム（内国株式）,1695.0,-0.07866027847133185,0.22863141852585941,71.0,12.042933,0.11919,強気買い
2303.T,ドーン,情報・通信業,スタンダード（内国株式）,1335.0,0.062298341878128535,0.3334699507946928,14.0,20.039837,0.1577,-
2304.T,ＣＳＳホールディングス,サービス業,スタンダード（内国株式）,910.0,-0.013081823686767016,0.206116420695358,45.0,8.278401,0.20861,-
2305.T,スタジオアリス,サービス業,スタンダード（内国株式）,1928.0,-0.08090013754338529,0.11772603129840016,50.0,21.276367,0.04449,-
2307.T,クロスキャット,情報・通信業,プライム（内国株式）,1087.0,-0.043708331333162154,0.24919687573002683,37.0,9.699468,0.23501,-
2311.T,エプコ,サービス業,スタンダード（内国株式）,785.0,0.07552708097251884,0.2224647517328204,36.0,17.242834,0.09101,-
2315.T,ＣＡＩＣＡ　ＤＩＧＩＴＡＬ,情報・通信業,スタンダード（内国株式）,64.0,-0.2,1.007642950670917,0.0,63.934425,0.05055,-
2317.T,システナ,情報・通信業,プライム（内国株式）,440.0,-0.06645941924880969,0.31144984336116066,14.0,18.177893,0.32909,-
2321.T,ソフトフロントホールディングス,情報・通信業,グロース（内国株式）,131.0,-0.35148514851485146,0.8016520545109391,0.0,0.0,-0.17506,-
2323.T,ｆｏｎｆｕｎ,情報・通信業,スタンダード（内国株式）,323.0,0.33839781826288673,0.7516442230300593,0.0,28.642797,0.06981,-
2325.T,ＮＪＳ,サービス業,プライム（内国株式）,4825.0,-0.13896944010707116,0.3687005002386401,110.0,21.14151,0.07976,-
2326.T,デジタルアーツ,情報・通信業,プライム（内国株式）,4370.0,-0.44169411640235007,0.43537960761193834,95.0,23.753178,0.19593,-
2327.T,日鉄ソリューションズ,情報・通信業,プライム（内国株式）,3866.0,0.11317649407599763,0.30864701083312324,85.0,26.177334,0.10735,やや弱気
2329.T,東北新社,情報・通信業,スタンダード（内国株式）,488.0,-0.2678606683083365,0.17489986529916984,27.07,9.049839,0.16194001,-
2330.T,フォーサイド,情報・通信業,スタンダード（内国株式）,77.0,-0.7344827586206897,0.5749764189297393,0.0,11.012783,0.15785,-
2331.T,ＡＬＳＯＫ,サービス業,プライム（内国株式）,1184.5,0.06130946280706548,0.21097670033849864,29.2,19.607994,0.0,買い
2332.T,クエスト,情報・通信業,スタンダード（内国株式）,1666.0,0.18583672956925693,0.45261398365763095,58.0,10.905306,0.10808,-
2334.T,イオレ,サービス業,グロース（内国株式）,508.0,-0.3271523178807947,1.0044278408689709,0.0,0.0,0.02009,-
2335.T,キューブシステム,情報・通信業,プライム（内国株式）,1090.0,-0.07384239115214791,0.17744165299975553,46.0,13.623302,0.0,-
2337.T,いちご,不動産業,プライム（内国株式）,413.0,-0.008530710550656153,0.2775151435528099,11.5,11.467037,0.13936,-
2338.T,クオンタムソリューションズ,情報・通信業,スタンダード（内国株式）,133.0,-0.7223382045929019,1.1501171428262396,0.0,0.0,-2.2692301,-
2340.T,極楽湯ホールディングス,サービス業,スタンダード（内国株式）,515.0,0.059670781893004114,0.09424373201339331,6.0,21.460176,0.16882,-
2341.T,アルバイトタイムス,サービス業,スタンダード（内国株式）,172.0,0.09719660918292755,0.2995217483986383,5.0,21.276596,-0.15362,-
2342.T,トランスジェニックグループ,サービス業,スタンダード（内国株式）,257.0,0.028,0.8735522537212089,0.0,0.0,-0.14701,-
2345.T,ＨＯＤＬ１,情報・通信業,スタンダード（内国株式）,108.0,-0.6210526315789474,0.8631374379213299,0.0,0.0,-0.42451,-
2349.T,エヌアイデイ,情報・通信業,スタンダード（内国株式）,2543.0,0.0994039585444518,0.21075022351145242,29.0,10.881342,0.10467,-
2351.T,ＡＳＪ,情報・通信業,スタンダード（内国株式）,332.0,-0.09307312752825493,0.5366926065326676,3.0,14.643895,0.08667,-
2353.T,日本駐車場開発,不動産業,プライム（内国株式）,269.0,-0.06594797317223307,0.24199325310268543,9.0,18.348623,0.26034,-
2354.T,ＹＥ　ＤＩＧＩＴＡＬ,情報・通信業,スタンダード（内国株式）,1325.0,0.990591528120654,0.6894338166074806,20.0,12.609535,0.16946,-
2359.T,コア,情報・通信業,プライム（内国株式）,2118.0,0.10245975205060881,0.2418899233192889,60.0,13.495405,0.15379,-
2370.T,メディネット,サービス業,グロース（内国株式）,26.0,-0.3157894736842105,0.4637490185954483,0.0,0.0,-0.69344,-
2371.T,カカクコム,サービス業,プライム（内国株式）,3700.0,0.3049836024580727,0.4486381018727066,50.0,21.786179,0.32863998,買い
2373.T,ケア２１,サービス業,スタンダード（内国株式）,409.0,0.0364065497686355,0.31652286537994284,17.0,15.384616,0.129,-
2375.T,ギグワークス,サービス業,スタンダード（内国株式）,205.0,-0.2536293050585108,0.4040548037414251,2.0,15.827863,0.22941,-
2376.T,サイネックス,サービス業,スタンダード（内国株式）,784.0,0.0038155766334634004,0.33021463349463387,15.0,26.525728,0.01742,-
2378.T,ルネサンス,サービス業,プライム（内国株式）,1068.0,-0.10367749069824193,0.17719418562525951,13.0,41.91759,0.04729,-
2379.T,ディップ,サービス業,プライム（内国株式）,1880.0,-0.2013769477409503,0.20852993076096357,95.0,14.409102,0.20087999,-
2384.T,ＳＢＳホールディングス,陸運業,プライム（内国株式）,5190.0,0.5426398160289628,0.32070853429958834,90.0,14.577013,0.1125,強気買い
2385.T,総医研ホールディングス,サービス業,グロース（内国株式）,220.0,0.3106382638319101,0.4833359754896033,10.0,38.00905,0.02863,-
2388.T,ウェッジホールディングス,その他金融業,グロース（内国株式）,36.0,-0.5662650602409639,0.7909966549051706,0.0,0.0,-0.16610001,-
2391.T,プラネット,サービス業,スタンダード（内国株式）,1175.0,-0.02411319216350403,0.11724734532387562,44.0,19.530033,0.07714,-
2393.T,日本ケアサプライ,サービス業,スタンダード（内国株式）,4420.0,1.1436463983730172,0.42568058481539417,72.0,18.083183,0.12474,-
2395.T,新日本科学,サービス業,プライム（内国株式）,1418.0,-0.10695150206201554,0.36883475920954456,50.0,13.459131,0.07981,強気買い
239A.T,バレッグス,不動産業,PRO Market,450.0,0.07913669064748201,0.08058886114230893,33.0,16.363636,0.18634,-
2404.T,鉄人化ホールディングス,サービス業,スタンダード（内国株式）,559.0,-0.06365159128978225,0.21285308841970474,0.0,20.879557,1.0842099,-
2408.T,ＫＧ情報,サービス業,スタンダード（内国株式）,857.0,0.39529500054058525,0.2524856600023842,36.0,16.51416,0.07757,-
2410.T,キャリアデザインセンター,サービス業,プライム（内国株式）,2922.0,0.33274805391251944,0.19587048394876405,100.0,11.792475,0.27259,-
2411.T,ゲンダイエージェンシー,情報・通信業,スタンダード（内国株式）,465.0,0.1000159041540452,0.1758365501288915,24.0,10.928836,0.11951,-
2413.T,エムスリー,サービス業,プライム（内国株式）,1708.0,-0.26258898434027395,0.48707069091683325,22.0,24.33072,0.12472,-
2415.T,ヒューマンホールディングス,サービス業,スタンダード（内国株式）,1588.0,-0.11690454000500576,0.25924390538708536,69.0,6.6094127,0.14422,-
2418.T,ツカダ・グローバルホールディング,サービス業,スタンダード（内国株式）,604.0,-0.06867975937977586,0.3063145472489872,13.0,6.4977646,0.123409994,-
241A.T,ＲＯＸＸ,情報・通信業,グロース（内国株式）,406.0,-0.5968222442899702,0.6119686924512647,0.0,3.4689841,0.76888,-
2424.T,ブラス,サービス業,スタンダード（内国株式）,600.0,-0.12565794230946944,0.14940376282620585,8.0,10.605007,0.074200004,-
2425.T,ケアサービス,サービス業,スタンダード（内国株式）,661.0,-0.15001958597040183,0.14243928478454077,22.0,10.785023,0.11739001,-
2428.T,ウェルネット,サービス業,スタンダード（内国株式）,635.0,-0.11815879166570957,0.1777332314877534,29.5,12.253992,0.118590005,-
2429.T,ワールドホールディングス,サービス業,プライム（内国株式）,2866.0,0.17749601387260602,0.25782272507152965,129.5,7.336765,0.14243001,-
2432.T,ディー・エヌ・エー,情報・通信業,プライム（内国株式）,2496.5,0.1305244784391749,0.30619714368490614,66.0,6.662291,0.09747,-
2433.T,博報堂ＤＹホールディングス,サービス業,プライム（内国株式）,1307.5,0.13626022945984717,0.28019008869372525,32.0,24.508457,0.05341,中立
2435.T,シダー,サービス業,スタンダード（内国株式）,216.0,-0.039403405516745496,0.2686239987957039,8.0,5.7344856,0.31768999,-
2436.T,共同ピーアール,サービス業,スタンダード（内国株式）,649.0,0.4031490839699643,0.28849109395736705,7.0,10.309597,0.2274,-
2437.T,Ｓｈｉｎｗａ　Ｗｉｓｅ　Ｈｏｌｄｉｎｇｓ,サービス業,スタンダード（内国株式）,610.0,1.0962199312714778,0.7639515588191234,0.0,0.0,-0.26227,-
2438.T,アスカネット,サービス業,グロース（内国株式）,352.0,-0.12632493236487044,0.3791321551518395,7.0,0.0,-0.04772,-
243A.T,トップス,食料品,PRO Market,1122.0,0.0035778175313059034,0.00364347103554432,4.0,51.824482,0.061750002,-
2440.T,ぐるなび,サービス業,スタンダード（内国株式）,131.0,-0.45867768595041325,0.3043059810195271,0.0,178.82352,0.0,-
2445.T,タカミヤ,サービス業,スタンダード（内国株式）,419.0,0.2531041264988078,0.35065723567520346,16.0,14.790528,0.0,-
2449.T,プラップジャパン,サービス業,スタンダード（内国株式）,1092.0,0.0002320097669962249,0.18343527754461147,41.0,10.245673,0.09736,-
244A.T,グロースエクスパートナーズ,情報・通信業,グロース（内国株式）,1159.0,-0.47174111212397446,0.3876064101388234,0.0,7.827338,0.0,-
2454.T,オールアバウト,サービス業,スタンダード（内国株式）,345.0,-0.12651911264844978,0.17503810877380985,1.0,89.32039,-0.0067299996,-
2459.T,アウンコンサルティング,サービス業,スタンダード（内国株式）,174.0,-0.31496062992125984,0.761739371969076,0.0,0.0,-0.30361998,-
245A.T,ＩＮＧＳ,小売業,グロース（内国株式）,2466.0,-0.22330708661417323,0.2963077847809709,0.0,18.069042,0.0,-
2461.T,ファンコミュニケーションズ,サービス業,プライム（内国株式）,397.0,-0.18109703281429407,0.17466176551186516,29.5,22.678844,0.07335,-
2462.T,ライク,サービス業,プライム（内国株式）,1545.0,0.07930117418380057,0.15242672811441035,60.0,13.418874,0.1341,-
2464.T,Ａｏｂａ‐ＢＢＴ,サービス業,スタンダード（内国株式）,363.0,0.07289756515028326,0.13951491983296527,11.0,18.115183,0.03612,-
2469.T,ヒビノ,サービス業,スタンダード（内国株式）,2786.0,0.05008660498785469,0.3543323049464587,85.0,16.58353,0.23327999,-
246A.T,アスア,サービス業,グロース（内国株式）,914.0,0.4260473513234931,0.4744430497697865,7.0,22.325266,0.0,-
2471.T,エスプール,サービス業,プライム（内国株式）,300.0,-0.07525508704242394,0.2620703694865103,10.0,14.3244705,0.14418,-
2475.T,ＷＤＢホールディングス,サービス業,プライム（内国株式）,1839.0,0.05714752458406242,0.22155454243532924,62.5,9.442743,0.09974,-
2477.T,手間いらず,情報・通信業,スタンダード（内国株式）,3090.0,0.07007676076682814,0.31224659977216174,44.5,15.105775,0.06313,-
2479.T,ジェイテック,サービス業,スタンダード（内国株式）,245.0,0.06633584526484197,0.17075931167177544,13.0,10.123352,0.107200004,-
247A.T,Ａｉロボティクス,化学,グロース（内国株式）,963.0,-0.37386215864759426,0.7395005505331377,0.0,64.3238,0.0,-
2480.T,システム・ロケーション,情報・通信業,スタンダード（内国株式）,1725.0,0.13250352104153906,0.18247377090304923,38.0,16.403603,0.098620005,-
2481.T,タウンニュース社,サービス業,スタンダード（内国株式）,662.0,-0.028815058002697885,0.14209599213000318,22.0,9.9408455,0.07535,-
2483.T,翻訳センター,サービス業,スタンダード（内国株式）,2205.0,0.15382794898474042,0.2906133480369833,140.0,8.163359,0.09791,-
2484.T,出前館,情報・通信業,スタンダード（内国株式）,156.0,-0.14754098360655737,0.3783409380166063,0.0,168.42105,-0.20291,-
2485.T,ティア,サービス業,スタンダード（内国株式）,451.0,-0.1775927942495034,0.1962852971118219,20.0,13.005051,0.0857,-
2488.T,ＪＴＰ,サービス業,スタンダード（内国株式）,1451.0,-0.042710185560494426,0.2835410489504778,49.0,10.741437,0.11047,-
2489.T,アドウェイズ,サービス業,スタンダード（内国株式）,380.0,0.327814422647098,0.38260073804886746,6.42,43.49845,0.02076,-
248A.T,キッズスター,情報・通信業,グロース（内国株式）,814.0,-0.5720294426919033,0.43513453024154647,0.0,16.141796,0.06959,-
2491.T,バリューコマース,サービス業,プライム（内国株式）,483.0,-0.3727842485899385,0.35432263700344696,32.0,20.879608,0.038900003,-
2492.T,インフォマート,サービス業,プライム（内国株式）,590.0,0.5706620064069093,0.5346545229817475,6.5,54.641598,0.16656,買い
2493.T,イーサポートリンク,サービス業,スタンダード（内国株式）,949.0,0.029224616371223734,0.10561759331088547,5.0,30.861965,0.03579,-
2497.T,ユナイテッド,サービス業,グロース（内国株式）,529.0,-0.17952570570852575,0.20980377440370032,23.0,10.2004,-0.07064,-
2498.T,オリエンタルコンサルタンツホールディングス,サービス業,スタンダード（内国株式）,3310.0,0.1587226920173721,0.283366911469024,120.0,9.832872,0.14713,-
2499.T,日本和装ホールディングス,サービス業,スタンダード（内国株式）,292.0,-0.11779801342058122,0.17435903091359817,16.0,12.57837,0.062750004,-
249A.T,ヒューマンアジャスト,サービス業,PRO Market,1700.0,0.0,0.0,0.0,18.315018,0.0,-
2501.T,サッポロビール,食料品,プライム（内国株式）,1916.5,0.3187677241273415,0.3501547040322205,38.0,48.539295,0.072340004,やや弱気
2502.T,アサヒグループホールディングス,食料品,プライム（内国株式）,1680.5,-0.09133964384138685,0.22593866551198336,52.0,14.064259,0.05805,-
2503.T,キリンホールディングス,食料品,プライム（内国株式）,3038.0,0.4017827612341805,0.25723774414413497,75.0,14.577499,0.11389,買い
250A.T,シマダヤ,食料品,スタンダード（内国株式）,1620.0,-0.06047497162000146,0.18953593400392205,52.0,10.485569,0.0,-
251A.T,ニューロマジック,サービス業,PRO Market,256.0,0.04166668994973155,0.042431280145089005,10.24,0.0,0.17705,-
252A.T,ウェッジ,小売業,PRO Market,2566.0,0.004922817032734673,0.005013151485538786,12.57,17.241148,0.092810005,-
2531.T,宝ホールディングス,食料品,プライム（内国株式）,2182.0,0.28700161021505916,0.3377221180428478,31.0,26.955202,0.03949,-
2533.T,オエノンホールディングス,食料品,プライム（内国株式）,479.0,-0.2131291396156714,0.3394056219967233,11.0,7.9707494,0.119219996,-
253A.T,ＥＴＳグループ,建設業,スタンダード（内国株式）,1037.0,-0.08668456148118062,0.5245794083280673,17.0,16.882763,0.15784,-
254A.T,ＡＩフュージョンキャピタルグループ,証券、商品先物取引業,スタンダード（内国株式）,1164.0,-0.016891891891891893,0.41600630822728063,0.0,11.425817,-0.030940002,-
255A.T,ジーエルテクノホールディングス,精密機器,スタンダード（内国株式）,5090.0,0.6780414714961034,0.542210777269707,123.0,15.769706,0.0,-
256A.T,飛島ホールディングス,建設業,プライム（内国株式）,2135.0,0.05978948812478936,0.27228393030245934,105.0,10.304932,0.09454001,-
2573.T,北海道コカ・コーラボトリング,食料品,スタンダード（内国株式）,4010.0,0.1591510096212238,0.123447685943884,30.0,35.714287,0.03907,-
2579.T,コカ・コーラ　ボトラーズジャパンホールディングス,食料品,プライム（内国株式）,3863.0,0.48278642075834716,0.33968302593024435,67.0,38.77071,-0.11969,買い
2585.T,ライフドリンク　カンパニー,食料品,プライム（内国株式）,1602.0,-0.44424476974725635,0.6712465221129559,14.0,22.987032,0.23965,買い
2586.T,フルッタフルッタ,食料品,グロース（内国株式）,80.0,-0.7324414715719063,0.909303614438257,0.0,24.406048,0.05617,-
2587.T,サントリービバレッジ＆フード,食料品,プライム（内国株式）,4571.0,0.012338726037891243,0.2156062464419914,120.0,16.340097,0.08036,中立
2588.T,プレミアムウォーターホールディングス,食料品,スタンダード（内国株式）,3755.0,0.15115305561721956,0.25494298819472566,115.0,17.699324,0.25823,-
2590.T,ダイドーグループホールディングス,食料品,プライム（内国株式）,3025.0,0.13680111008393522,0.26259113486981517,30.0,26.871988,-0.39558,-
2593.T,伊藤園,食料品,プライム（内国株式）,2970.0,-0.1358368032712996,0.26807765459437266,48.0,25.0,0.01713,-
2594.T,キーコーヒー,食料品,プライム（内国株式）,2027.0,0.014427807659776718,0.0905622913288772,12.0,72.98194,0.010650001,-
2597.T,ユニカフェ,食料品,スタンダード（内国株式）,1192.0,0.2575006321394981,0.14014693938619643,10.0,21.598574,0.09899,-
2602.T,日清オイリオグループ,食料品,プライム（内国株式）,2067.0,0.2366913111019736,0.17180272792380402,60.0,7.8125,0.11686,強気買い
2607.T,不二製油,食料品,プライム（内国株式）,4612.0,0.3141768435953195,0.36326025633321096,52.0,36.080048,0.0,-
2612.T,かどや製油,食料品,スタンダード（内国株式）,1751.0,0.4553625954295286,0.23791829876615928,45.666668,16.694492,0.078,-
2613.T,Ｊ－オイルミルズ,食料品,プライム（内国株式）,2226.0,0.09772187425825604,0.14572697538781781,70.0,13.423119,0.03498,-
261A.T,日水コン,サービス業,スタンダード（内国株式）,1962.0,-0.29629597846739,0.3266188561157701,79.0,15.404232,0.12052,-
262A.T,インターメスティック,小売業,プライム（内国株式）,1850.0,-0.3145545622293476,0.4762254418305559,44.0,16.113997,0.16805,強気買い
263A.T,デジタルキューブ,情報・通信業,PRO Market,800.0,0.0,0.0,0.0,99.0099,0.0,-
264A.T,Ｓｃｈｏｏ,サービス業,グロース（内国株式）,333.0,-0.5612648221343873,0.7781512400998964,0.0,27.17796,0.13997,-
2652.T,まんだらけ,小売業,スタンダード（内国株式）,428.0,0.30111340548967336,0.35882880767245434,1.0,9.606987,0.09157,-
2653.T,イオン九州,小売業,スタンダード（内国株式）,2823.0,-0.057176886393032623,0.12024913140682841,50.0,14.662387,0.12810001,-
2654.T,アスモ,小売業,スタンダード（内国株式）,426.0,0.09490566347041308,0.1591068846720338,10.0,19.08615,0.04447,-
2656.T,ベクターホールディングス,小売業,スタンダード（内国株式）,189.0,0.44274809160305345,0.6753344310670313,0.0,0.0,-1.5167799,-
2659.T,サンエー,小売業,プライム（内国株式）,3365.0,0.18252452939812824,0.19645307149230387,125.0,19.417757,0.07381,買い
265A.T,Ｈｍｃｏｍｍ,情報・通信業,グロース（内国株式）,709.0,-0.42169657422512236,0.6550968822375063,0.0,150.22624,0.0,-
2664.T,カワチ薬品,小売業,プライム（内国株式）,3785.0,0.3902408666622906,0.1945516054086573,100.0,14.792613,0.03799,-
2666.T,オートウェーブ,小売業,スタンダード（内国株式）,180.0,0.15480129532968648,0.24577946864380038,4.0,7.8721375,0.04,-
2667.T,イメージ　ワン,卸売業,スタンダード（内国株式）,102.0,-0.6046511627906976,0.7838078986449477,0.0,0.0,-0.54605997,-
2668.T,タビオ,卸売業,スタンダード（内国株式）,1272.0,0.07667207608704861,0.12292708138315078,30.0,13.812772,0.14494,-
2669.T,カネ美食品,小売業,スタンダード（内国株式）,4000.0,0.2072512295408717,0.12366574942091979,38.0,20.57624,0.04168,-
266A.T,グローカルマーケティング,サービス業,PRO Market,1350.0,0.0,0.0,0.0,525.2919,0.0,-
2670.T,エービーシー・マート,小売業,プライム（内国株式）,2793.5,-0.039783260546130184,0.28457173506696065,75.0,15.384821,0.0,買い
2673.T,夢みつけ隊,小売業,スタンダード（内国株式）,118.0,-0.4485981308411215,1.0791028454736844,0.0,15.771812,0.05367,-
2674.T,ハードオフコーポレーション,小売業,プライム（内国株式）,2725.0,0.5819425879677064,0.2863302706973604,85.0,12.869674,0.12816,-
2676.T,高千穂交易,卸売業,プライム（内国株式）,2080.0,0.08556981431726689,0.1726195296323763,76.0,44.444443,0.0881,-
2678.T,アスクル,小売業,プライム（内国株式）,1280.0,-0.15741030244166163,0.2663160019871706,10.0,9.646533,-0.15322,中立
267A.T,トワライズ,その他金融業,PRO Market,1891.0,-0.03959103420766039,0.037890677776048064,20.0,5.0251384,0.094840005,-
2681.T,ゲオホールディングス,小売業,プライム（内国株式）,2352.0,0.4214133896225582,0.32195527078922126,34.0,14.925373,0.060289998,-
2683.T,魚喜,小売業,スタンダード（内国株式）,1010.0,-0.03213429436129136,0.05472379481293647,10.0,114.98856,0.05009,-
2685.T,アンドエスティＨＤ,小売業,プライム（内国株式）,3535.0,0.1900931543851652,0.25943856495518686,90.0,14.836578,0.11936,買い
2687.T,シー・ヴイ・エス・ベイエリア,サービス業,スタンダード（内国株式）,505.0,-0.17502229724710636,0.17743384013784982,20.0,10.448678,0.04208,-
2689.T,オルバヘルスケアホールディングス,卸売業,スタンダード（内国株式）,1873.0,-0.034815753957407915,0.10317781032147007,80.0,10.131693,0.104169995,-
268A.T,リガク・ホールディングス,精密機器,プライム（内国株式）,1701.0,1.123997530694835,0.7886034563272571,18.9,53.494026,0.134,買い
2693.T,ＹＫＴ,卸売業,スタンダード（内国株式）,300.0,0.24156546572724105,0.5947331653462768,5.0,53.430355,0.00348,-
2694.T,焼肉坂井ホールディングス,小売業,スタンダード（内国株式）,72.0,-0.006801440988611644,0.14239789811665998,0.5,0.0,-0.11971,-
2695.T,くら寿司,小売業,プライム（内国株式）,1729.0,-0.07229487937579268,0.2882644630006617,10.0,39.216766,0.04163,-
2698.T,キャンドゥ,小売業,スタンダード（内国株式）,3675.0,-0.04848847797979783,0.16503072759594267,17.0,117.6259,0.05883,-
269A.T,Ｓａｐｅｅｔ,情報・通信業,グロース（内国株式）,2685.0,-0.04141378079257408,0.4406841678861591,0.0,51.12832,0.27011,-
2700.T,木徳神糧,卸売業,スタンダード（内国株式）,1790.0,-0.7102918726878065,0.5096767685781116,95.0,3.0637326,0.30532,-
2702.T,日本マクドナルドホールディングス,小売業,スタンダード（内国株式）,8070.0,0.22772325475738897,0.23280655811091105,56.0,33.237846,0.12712,-
2705.T,大戸屋ホールディングス,小売業,スタンダード（内国株式）,9240.0,0.7225384729587643,0.23296369618645324,20.0,47.170437,0.29885998,-
2708.T,久世,卸売業,スタンダード（内国株式）,1888.0,0.09698276290073057,0.20415996343769444,45.0,5.98089,0.18271999,-
271A.T,アクセリア,情報・通信業,PRO Market,1500.0,0.0,0.0,0.0,16.949152,-0.14741999,-
2721.T,ジェイホールディングス,卸売業,スタンダード（内国株式）,112.0,-0.46919431279620855,0.5512613345561884,0.0,0.0,-5.95349,-
2722.T,ＩＫホールディングス,小売業,スタンダード（内国株式）,359.0,-0.10089869530817215,0.3041796825536704,9.0,12.346457,0.10451,-
2726.T,パルグループホールディングス,小売業,プライム（内国株式）,1524.0,-0.4049775276047146,0.36666047009247044,40.0,0.008997182,0.22409001,強気買い
2730.T,エディオン,小売業,プライム（内国株式）,2547.0,0.2793731379286516,0.256809325634023,48.0,17.921543,0.06372,-
2733.T,あらた,卸売業,プライム（内国株式）,2683.0,-0.0994676653162521,0.16496381256152812,112.0,10.351793,0.07383,-
2734.T,サーラコーポレーション,小売業,プライム（内国株式）,1232.0,0.2256877529582909,0.2512796287154898,32.0,11.79302,0.07492,-
2735.T,ワッツ,小売業,スタンダード（内国株式）,717.0,0.07688587271888903,0.17396826814517308,20.0,9.487723,0.06847,-
2736.T,フェスタリアホールディングス,小売業,スタンダード（内国株式）,670.0,0.013364680955202705,0.18634168217471708,7.0,13.946083,0.113170005,-
2737.T,トーメンデバイス,卸売業,プライム（内国株式）,28350.0,3.7558503279329045,0.7794078349505217,540.0,13.462054,0.15467,-
2742.T,ハローズ,小売業,プライム（内国株式）,3945.0,-0.2365349244903467,0.24115102970615057,70.0,10.660879,0.1311,-
2747.T,北雄ラッキー,小売業,スタンダード（内国株式）,3165.0,0.03363608464598524,0.10297377644584513,50.0,26.665508,0.060549997,-
2749.T,ＪＰホールディングス,サービス業,プライム（内国株式）,660.0,0.11604980065083914,0.22510752832276515,12.5,15.975387,0.0,-
274A.T,ガーデン,小売業,スタンダード（内国株式）,2368.0,-0.02439424767135942,0.17581486823639858,100.0,27.646696,0.0,-
2750.T,石光商事,卸売業,スタンダード（内国株式）,1350.0,-0.016105979990631868,0.2919335278569783,45.0,8.802624,0.12267,-
2751.T,テンポスホールディングス,卸売業,スタンダード（内国株式）,3750.0,0.09756753738214279,0.12760072943171116,9.0,25.906218,0.114779994,-
2752.T,フジオフードグループ本社,小売業,プライム（内国株式）,1124.0,-0.008911799491184856,0.15713844752732925,3.0,624.85876,0.01043,-
2753.T,あみやき亭,小売業,プライム（内国株式）,1391.0,-0.10283571407763513,0.16210029555585276,34.0,23.393232,0.057140004,強気買い
2760.T,東京エレクトロン　デバイス,卸売業,プライム（内国株式）,3970.0,0.4024605018082387,0.44746730641246085,107.0,13.17545,0.0,-
2762.T,ＳＡＮＫＯ　ＭＡＲＫＥＴＩＮＧ　ＦＯＯＤＳ,小売業,スタンダード（内国株式）,71.0,-0.26804123711340205,0.217210780728291,0.0,0.0,-2.42922,-
2764.T,ひらまつ,小売業,スタンダード（内国株式）,151.0,0.15267175572519084,0.392411357422114,0.0,0.0,-0.0058099995,-
2767.T,円谷フィールズホールディングス,卸売業,プライム（内国株式）,2540.0,0.2405496659145033,0.4759390153054902,70.0,5.099368,0.31019,-
2768.T,双日,卸売業,プライム（内国株式）,5624.0,0.5168668180642497,0.32463611695010924,165.0,12.269962,0.11336,買い
2769.T,ヴィレッジヴァンガードコーポレーション,小売業,スタンダード（内国株式）,905.0,-0.11707317073170732,0.11102053546070478,0.0,0.0,-0.92866,-
276A.T,ククレブ・アドバイザーズ,不動産業,グロース（内国株式）,3575.0,-0.5455213875154571,0.7690905108424099,22.0,104.3131,0.0,-
2776.T,新都ホールディングス,卸売業,スタンダード（内国株式）,95.0,-0.3870967741935484,0.5250781606012906,0.0,0.0,0.0996,-
2778.T,パレモ・ホールディングス,小売業,スタンダード（内国株式）,113.0,-0.20422535211267606,0.3630980921610576,0.0,67.41573,0.013300001,-
277A.T,グロービング,サービス業,プライム（内国株式）,1846.0,-0.37695434716222803,0.6599851924485113,16.1,29.600828,0.0,強気買い
2780.T,コメ兵ホールディングス,小売業,スタンダード（内国株式）,5140.0,0.810783176384296,0.4671645129106686,106.0,15.479925,0.12589,-
2782.T,セリア,小売業,スタンダード（内国株式）,4250.0,0.42334007909970467,0.3296095916821479,75.0,21.645561,0.12371001,中立
2784.T,アルフレッサ　ホールディングス,卸売業,プライム（内国株式）,2337.0,0.07683604086741735,0.21934057181349725,68.0,18.83208,0.06875,-
2788.T,アップルインターナショナル,卸売業,スタンダード（内国株式）,413.0,0.2297032214824133,0.23863003962160126,10.0,5.747503,0.0785,-
2789.T,カルラ,小売業,スタンダード（内国株式）,474.0,0.03420458831124833,0.0972144832434855,5.0,11.217872,0.11482,-
278A.T,Ｔｅｒｒａ　Ｄｒｏｎｅ,精密機器,グロース（内国株式）,13960.0,2.2465116279069766,1.1856219050525538,0.0,0.0,-0.43367,強気買い
2790.T,ナフコ,小売業,スタンダード（内国株式）,2149.0,0.1452918867876043,0.18094159616355843,58.0,81.63341,0.00357,-
2791.T,大黒天物産,小売業,プライム（内国株式）,4545.0,-0.4278726577556558,0.35426287029970427,35.0,12.437997,0.09483,-
2792.T,ハニーズホールディングス,小売業,プライム（内国株式）,1449.0,-0.03045098349916932,0.1526699397733873,55.0,12.1505995,0.06879,-
2795.T,日本プリメックス,卸売業,スタンダード（内国株式）,973.0,0.13688052238091755,0.16074172831216627,25.0,12.343182,0.041479997,-
2796.T,ファーマライズホールディングス,小売業,スタンダード（内国株式）,500.0,0.026923072342731565,0.15785988205352786,14.0,0.0,-0.01679,-
2798.T,ワイズテーブルコーポレーション,小売業,スタンダード（内国株式）,3055.0,0.026545698924731184,0.06692072600131642,0.0,32.257362,0.45185003,-
279A.T,インターグ,サービス業,PRO Market,1550.0,0.013071895424836602,0.013311766724635644,20.0,22.93578,0.0,-
2801.T,キッコーマン,食料品,プライム（内国株式）,1837.5,0.4224630625291055,0.3221174883738341,25.0,24.818167,0.1104,買い
2802.T,味の素,食料品,プライム（内国株式）,5396.0,0.3614412664363639,0.4450943124886323,48.0,125.01326,0.10297,買い
2804.T,ブルドックソース,食料品,プライム（内国株式）,1845.0,-0.14619146089778287,0.1507271609060882,45.0,9.727627,0.10389,-
2805.T,ヱスビー食品,食料品,スタンダード（内国株式）,6800.0,1.1750674398351706,0.3289117538523857,50.0,15.999746,0.091730006,-
2806.T,ユタカフーズ,食料品,スタンダード（内国株式）,1888.0,-0.08090815199886855,0.1785663836437512,40.0,23.473707,0.02152,-
2809.T,キユーピー,食料品,プライム（内国株式）,4779.0,0.13595503622735508,0.24869836236387255,64.0,18.484423,0.09979,-
280A.T,ＴＭＨ,卸売業,グロース（内国株式）,1144.0,-0.09779179810725552,0.8449414429577697,0.0,22.75761,0.22567,-
2810.T,ハウス食品グループ本社,食料品,プライム（内国株式）,3766.0,0.35467280892470465,0.21503667293388845,70.0,23.148012,0.041929998,-
2811.T,カゴメ,食料品,プライム（内国株式）,2701.0,-0.0577936934248483,0.18059587130997412,48.0,17.920902,0.075279996,-
2813.T,和弘食品,食料品,スタンダード（内国株式）,3970.0,0.27344572401523454,0.21420820551310976,100.0,9.216536,0.12189,-
2814.T,佐藤食品工業,食料品,スタンダード（内国株式）,3455.0,0.09922927930810993,0.22678441842230995,50.0,15.974359,0.033800002,-
2815.T,アリアケジャパン,食料品,プライム（内国株式）,5370.0,-0.0631579727481887,0.21357560608363083,180.0,18.017736,0.07216,-
2816.T,ダイショー,食料品,スタンダード（内国株式）,1409.0,0.017033250055906956,0.030899261993206757,21.0,45.25571,0.09382,-
2818.T,ピエトロ,食料品,スタンダード（内国株式）,1760.0,0.022341744264523213,0.04671383835728165,24.0,0.0,-0.0107700005,-
2819.T,エバラ食品工業,食料品,スタンダード（内国株式）,2602.0,0.022746722550018934,0.13920798933267953,47.0,18.248484,0.04833,-
281A.T,インフォメティス,情報・通信業,グロース（内国株式）,436.0,-0.707774798927614,1.0333755687101873,0.0,0.0,-0.77569,-
2820.T,やまみ,食料品,スタンダード（内国株式）,6280.0,0.2507005229501675,0.3970248906662597,84.0,16.18117,0.17607,-
2831.T,はごろもフーズ,食料品,スタンダード（内国株式）,3675.0,0.12251480064340572,0.11675323879245544,70.0,13.157894,0.0572,-
284A.T,フクヤ建設,建設業,PRO Market,2335.0,0.08604651162790698,0.08762547840484036,185.0,212.85323,0.23045,-
285A.T,キオクシアホールディングス,電気機器,プライム（内国株式）,54320.0,22.566160520607376,1.146724641016606,0.0,127.001144,0.19680001,買い
286A.T,ユカリア,サービス業,グロース（内国株式）,820.0,-0.08685968819599109,0.42951352569961804,0.0,11.532448,0.14138,-
2871.T,ニチレイ,食料品,プライム（内国株式）,2187.0,0.2940139544219495,0.2423811887905921,47.0,19.282057,0.09810001,-
2872.T,セイヒョー,食料品,スタンダード（内国株式）,2004.0,-0.1285589344965593,0.16223518202994885,18.0,31.041058,0.01681,-
2874.T,横浜冷凍,卸売業,プライム（内国株式）,2102.0,0.8669747285529892,0.4180235895538153,25.0,49.25684,0.03824,-
2875.T,東洋水産,食料品,プライム（内国株式）,10660.0,0.06388366111553483,0.2750226166665788,220.0,17.574623,0.13028,買い
2876.T,デルソーレ,食料品,スタンダード（内国株式）,462.0,0.11019242958215146,0.2273942147386731,12.0,0.0,0.07056,-
2877.T,日東ベスト,食料品,スタンダード（内国株式）,746.0,0.013412068365821069,0.09171814461534002,12.0,18.246042,0.028350001,-
287A.T,黒田グループ,卸売業,スタンダード（内国株式）,1181.0,0.3866943162207046,0.2387700829557912,61.0,14.292279,0.0,-
2882.T,イートアンドホールディングス,食料品,プライム（内国株式）,2057.0,-0.019524051851413093,0.11046796226560021,15.0,76.91137,0.01131,-
2883.T,大冷,食料品,スタンダード（内国株式）,2020.0,0.045082931365971586,0.06328788399697426,60.0,0.0,-0.07297,-
2884.T,ヨシムラ・フード・ホールディングス,食料品,プライム（内国株式）,677.0,-0.2609170305676856,0.46294315809475045,0.0,14.203946,0.14027001,-
288A.T,ラクサス・テクノロジーズ,サービス業,グロース（内国株式）,96.0,-0.43529411764705883,0.36772910864461117,0.0,15.363129,0.67928004,-
2892.T,日本食品化工,食料品,スタンダード（内国株式）,4510.0,0.31777123904006865,0.23980894002499625,145.0,13.227336,0.0,-
2894.T,石井食品,食料品,スタンダード（内国株式）,353.0,0.13336944954523067,0.14086529939291087,4.0,13.944879,0.10702,-
2897.T,日清食品ホールディングス,食料品,プライム（内国株式）,3086.0,0.12979105724134923,0.2643627313671828,70.0,18.796629,0.10299,買い
2901.T,ウェルディッシュ,食料品,スタンダード（内国株式）,160.0,-0.7482144330459336,0.7070691086219413,1.5,16.314339,0.0,-
2903.T,シノブフーズ,食料品,スタンダード（内国株式）,1583.0,0.12123393060143327,0.37814707410286785,32.0,16.393959,0.066750005,-
2904.T,一正蒲鉾,食料品,スタンダード（内国株式）,751.0,0.03182723739311081,0.051057850469174444,14.0,34.96344,0.024300002,-
2907.T,あじかん,食料品,スタンダード（内国株式）,1519.0,0.26977399342768266,0.20688072901822746,52.0,12.936074,0.030250002,-
2908.T,フジッコ,食料品,プライム（内国株式）,1619.0,0.02092964395526979,0.11146492032381124,46.0,33.901917,0.01967,-
290A.T,Ｓｙｎｓｐｅｃｔｉｖｅ,情報・通信業,グロース（内国株式）,1342.0,0.5550405561993047,0.7691461213325925,0.0,0.0,-0.01265,買い
2910.T,ロック・フィールド,食料品,プライム（内国株式）,1415.0,-0.07639408624113489,0.1822586828246835,24.0,303.0769,0.00117,-
2911.T,旭松食品,食料品,スタンダード（内国株式）,2263.0,0.022434608788863802,0.06965308543449572,45.0,15.57624,0.03395,-
2914.T,日本たばこ産業,食料品,プライム（内国株式）,6980.0,0.5180410093994032,0.23158027161064335,266.0,21.459564,0.12583,買い
2915.T,ケンコーマヨネーズ,食料品,プライム（内国株式）,2069.0,0.10789739068456847,0.23026681325428683,67.0,13.927897,0.064109996,-
2916.T,仙波糖化工業,食料品,スタンダード（内国株式）,741.0,-0.014627659574468085,0.12079565093964957,15.0,36.629097,0.02954,-
2917.T,大森屋,食料品,スタンダード（内国株式）,931.0,-0.006414611899272152,0.09679536857253324,10.0,0.0,-0.00017000001,-
2918.T,わらべや日洋ホールディングス,食料品,プライム（内国株式）,2871.0,0.054450896491863604,0.3158993155735049,120.0,13.19285,0.08294,買い
291A.T,リスキル,サービス業,グロース（内国株式）,1990.0,-0.4223512336719884,0.4373633223255938,0.0,10.06893,0.0,-
2922.T,なとり,食料品,プライム（内国株式）,2006.0,0.01104205460450244,0.09771815121476222,26.0,28.088888,0.03799,-
2923.T,サトウ食品,食料品,スタンダード（内国株式）,8360.0,0.12944481976180128,0.35347496411973,75.0,11.848417,0.16615999,-
2924.T,イフジ産業,食料品,スタンダード（内国株式）,1927.0,-0.14717147078764894,0.23204407791623236,67.0,7.3260922,0.17045,-
2926.T,篠崎屋,食料品,スタンダード（内国株式）,125.0,0.02459016393442623,0.3412321477698214,0.0,37.17472,0.10065,-
2927.T,ＡＦＣ－ＨＤアムスライフサイエンス,食料品,スタンダード（内国株式）,901.0,0.054150111795589775,0.1235446989436105,36.0,8.665241,0.10159001,-
2929.T,ファーマフーズ,食料品,プライム（内国株式）,608.0,-0.36652179583865047,0.39726267066818205,25.0,4.594595,-0.15447,-
292A.T,エスアイイー,サービス業,PRO Market,680.0,0.006780900412630233,0.006905330982407861,4.58,17.763845,0.05973,-
2930.T,北の達人コーポレーション,化学,プライム（内国株式）,127.0,-0.13207461778713372,0.23372459752797392,3.5,18.30161,0.0923,-
2931.T,ユーグレナ,食料品,プライム（内国株式）,360.0,-0.2318566232382047,0.28233078002839124,2.0,-164.4,0.01735,-
2932.T,ＳＴＩフードホールディングス,食料品,スタンダード（内国株式）,1106.0,-0.11954424094008809,0.17034371534489887,40.0,9.041538,0.26999,-
2933.T,紀文食品,食料品,プライム（内国株式）,1133.0,0.020977730198702405,0.13108423338000796,20.0,15.174985,0.05372,-
2934.T,ジェイフロンティア,食料品,グロース（内国株式）,2004.0,0.1258426966292135,0.39631316162461566,0.0,21.26039,-0.058579996,-
2935.T,ピックルスホールディングス,食料品,プライム（内国株式）,1180.0,0.1931304795764768,0.22120084178514487,29.0,12.531917,0.06676,-
2936.T,ベースフード,食料品,グロース（内国株式）,269.0,-0.43487394957983194,0.4102576386603657,0.0,30.406654,0.48101002,-
2937.T,サンクゼール,食料品,グロース（内国株式）,1741.0,0.0431649351131895,0.16934869275698042,35.0,31.151737,0.10917,-
2938.T,オカムラ食品工業,食料品,スタンダード（内国株式）,1280.0,-0.003503782182190401,0.34793308117044375,8.0,27.470142,0.14083,-
293A.T,ＢＡＢＹ　ＪＯＢ,小売業,PRO Market,950.0,0.007957559681697613,0.008103582130779587,7.5,18.693428,0.0,-
2961.T,日本調理機,金属製品,スタンダード（内国株式）,1443.0,0.4574921907220785,0.40194190784174244,37.5,9.233584,0.06367,-
2962.T,テクニスコ,金属製品,スタンダード（内国株式）,1549.0,4.416083916083916,1.2810948390721242,0.0,0.0,-0.90405,-
296A.T,令和アカウンティング・ホールディングス,サービス業,グロース（内国株式）,1087.0,0.761236090618164,0.40633186945634214,32.5,19.767443,0.49552,-
2970.T,ＧＬＣ　ＧＲＯＵＰ,不動産業,スタンダード（内国株式）,1096.0,0.3047619047619048,0.5282958309808744,0.0,12.263263,0.32661,-
2975.T,スター・マイカ・ホールディングス,不動産業,プライム（内国株式）,1586.0,0.48341409279193287,0.39274655462392555,47.5,14.49287,0.17834,強気買い
2978.T,ツクルバ,不動産業,グロース（内国株式）,341.0,-0.43914473684210525,0.28345709641901895,0.0,70.38269,0.03707,-
297A.T,アルピコホールディングス,小売業,スタンダード（内国株式）,215.0,-0.036954087346024636,0.1952637245397515,5.0,7.4074073,0.0,-
2980.T,ＳＲＥホールディングス,不動産業,プライム（内国株式）,2403.0,-0.223723043868728,0.5799685501711558,18.0,51.492992,0.17882,-
2981.T,ランディックス,不動産業,グロース（内国株式）,2157.0,-0.08934677371642231,0.4111674473331918,47.0,6.1702356,0.25280002,-
2982.T,ＡＤワークスグループ,不動産業,プライム（内国株式）,421.0,0.08074115693508312,0.41586113117415285,20.0,6.357439,0.16779,-
2983.T,アールプランナー,不動産業,グロース（内国株式）,1646.0,0.7279506763775453,0.5418063246825429,70.0,9.328316,0.36453998,強気買い
2984.T,ヤマイチエステート,不動産業,スタンダード（内国株式）,764.0,0.13398288903200523,0.18085121492146292,30.0,43.85749,0.00434,-
2986.T,ＬＡホールディングス,不動産業,グロース（内国株式）,2823.0,0.10957546748858807,0.3573578389906429,116.666668,10.567696,0.2552,-
298A.T,ＧＶＡ　ＴＥＣＨ,情報・通信業,グロース（内国株式）,322.0,-0.5046153846153846,0.6774895846997546,0.0,0.0,-0.70084,-
2990.T,アイダ設計,不動産業,PRO Market,262.0,-0.23659669586733104,0.2382815450849346,0.8,82.692314,0.01288,-
2991.T,ランドネット,不動産業,スタンダード（内国株式）,540.0,-0.11164109471245634,0.3276412134214655,11.1,6.596417,0.21067,-
2993.T,長栄,不動産業,スタンダード（内国株式）,2235.0,0.12992963983073075,0.22030910740425722,125.0,5.5835094,0.18962999,-
2997.T,ストレージ王,不動産業,グロース（内国株式）,1324.0,0.38784067085953877,0.3691428950973497,0.0,14.471104,0.09924,-
2998.T,クリアル,不動産業,グロース（内国株式）,544.0,-0.5956044003908886,0.6619441207496236,8.0,20.834486,0.23942,-
2999.T,ホームポジション,不動産業,スタンダード（内国株式）,617.0,0.02519977035523846,0.3311545967023082,10.0,11.694677,0.11911,-
299A.T,クラシル,サービス業,グロース（内国株式）,1280.0,-0.34459805427547363,0.5510133216004061,0.0,23.866789,0.0,強気買い
3001.T,片倉工業,繊維製品,スタンダード（内国株式）,2953.0,0.08745764637987413,0.30537922167095655,60.0,15.290926,0.06137,-
3002.T,グンゼ,繊維製品,プライム（内国株式）,4200.0,0.17579193994187747,0.20280886515326466,216.0,49.018387,0.02777,-
3003.T,ヒューリック,不動産業,プライム（内国株式）,1780.0,0.16820975117892425,0.23660388354030537,67.0,12.594685,0.12839,-
3004.T,神栄,卸売業,スタンダード（内国株式）,2116.0,0.09537679131800815,0.2577930634769433,110.0,4.9180326,0.18318,-
300A.T,ＭＩＣ,サービス業,スタンダード（内国株式）,3320.0,0.3198287904464906,0.3943344457901129,70.0,20.027845,0.0,-
3010.T,ポラリス・ホールディングス,サービス業,スタンダード（内国株式）,190.0,-0.11263735519775855,0.30659685703628925,5.0,12.258953,0.11903,-
3011.T,バナーズ,小売業,スタンダード（内国株式）,144.0,-0.006561388298390844,0.5766955988367044,5.0,10.674157,0.08488,-
301A.T,インデックス,不動産業,PRO Market,550.0,0.0,0.0,0.0,13.036265,0.06158,-
3020.T,アプライド,小売業,スタンダード（内国株式）,4360.0,0.17670321922806392,0.25781499272224856,130.0,5.1493435,0.18445,-
3021.T,パシフィックネット,サービス業,スタンダード（内国株式）,1628.0,0.2887846945066669,0.43884734834851513,52.0,15.43185,0.23807,-
3023.T,ラサ商事,卸売業,スタンダード（内国株式）,2103.0,0.300959844160685,0.3427494236127094,80.0,9.781529,0.10543,-
3024.T,クリエイト,卸売業,スタンダード（内国株式）,1157.0,0.06821878744921726,0.1864018604566383,40.0,8.389067,0.09462,-
3028.T,アルペン,小売業,プライム（内国株式）,2376.0,0.022804790613998413,0.1706822632346879,55.0,14.450587,0.03903,-
302A.T,ビースタイルホールディングス,サービス業,グロース（内国株式）,625.0,-0.053747161241483724,0.3030261246004792,0.0,13.31692,0.0,-
3030.T,ハブ,小売業,スタンダード（内国株式）,849.0,0.09777744912012568,0.28110327532571083,11.0,25.129,0.16603,-
3031.T,ラクーンホールディングス,情報・通信業,プライム（内国株式）,653.0,-0.05370798249739319,0.2384437925438308,27.0,16.261726,0.1568,強気買い
3034.T,クオールホールディングス,小売業,プライム（内国株式）,2510.0,0.18936648317272986,0.3288946164644232,50.0,9.794124,0.11964,-
3035.T,ケイティケイ,卸売業,スタンダード（内国株式）,769.0,0.21633294321618524,0.22379866873800286,21.0,10.183876,0.08528,-
3036.T,アルコニックス,卸売業,プライム（内国株式）,3430.0,0.6867842505587685,0.4156702374206456,87.0,17.211704,0.08831,-
3038.T,神戸物産,卸売業,プライム（内国株式）,2797.0,-0.3341260382165279,0.3285483621169306,30.0,22.727272,0.18132,中立
303A.T,ｖｉｓｕｍｏ,情報・通信業,グロース（内国株式）,602.0,-0.40159045725646125,0.5189208272556519,0.0,21.644432,0.0,-
3040.T,ソリトンシステムズ,情報・通信業,プライム（内国株式）,2385.0,0.73799459616501,0.4202522269019722,58.0,14.264967,0.17981,-
3041.T,ビューティカダンホールディングス,卸売業,スタンダード（内国株式）,401.0,-0.12253829321663019,0.2402902470380988,0.0,0.0,-0.00587,-
3042.T,セキュアヴェイル,情報・通信業,スタンダード（内国株式）,302.0,-0.0687932494978358,0.418482102316511,5.0,15.580285,0.06587,-
3045.T,カワサキ,卸売業,スタンダード（内国株式）,1487.0,0.00014384529340170474,0.14459674271756723,50.0,9.199341,0.05171,-
3046.T,ジンズホールディングス,小売業,プライム（内国株式）,6380.0,-0.23433294431488882,0.503730473863042,106.0,15.1285925,0.29479998,-
3048.T,ビックカメラ,小売業,プライム（内国株式）,1790.0,0.10674202800411278,0.21520145463757076,43.0,17.889683,0.110240005,-
304A.T,フォルシア,情報・通信業,グロース（内国株式）,1900.0,-0.14182475158084915,0.3804021726389969,0.0,46.048634,0.0,-
3050.T,ＤＣＭホールディングス,小売業,プライム（内国株式）,1613.0,0.1051676432523087,0.20497618706738754,47.0,12.594401,0.06007,-
3053.T,ペッパーフードサービス,小売業,スタンダード（内国株式）,210.0,0.14130434782608695,0.2448572584431065,0.0,0.0,-0.03471,-
3054.T,ハイパー,卸売業,スタンダード（内国株式）,370.0,0.25044335800461415,0.4737541165429496,7.0,10.310109,0.08015,-
3058.T,三洋堂ホールディングス,小売業,スタンダード（内国株式）,704.0,0.024745269286754003,0.11783143619471853,0.0,18.379978,0.13186,-
3059.T,ヒラキ,小売業,スタンダード（内国株式）,708.0,-0.12949269276096145,0.05805653497178481,20.0,0.0,-0.15559,-
305A.T,ダブルツリー,小売業,PRO Market,1146.0,0.01415929203539823,0.014419117230932942,16.0,6.180563,0.12476,-
3063.T,ジェイグループホールディングス,小売業,グロース（内国株式）,1202.0,0.5308139617586605,0.2820096126970286,4.0,25.77287,0.04499,-
3064.T,ＭｏｎｏｔａＲＯ,小売業,プライム（内国株式）,1816.0,-0.3073221163324074,0.4074213509123033,36.0,27.763319,0.28151,中立
3065.T,ライフフーズ,小売業,スタンダード（内国株式）,1618.0,-0.029330078300786305,0.05084253096180376,5.0,16.129354,0.12591,-
3067.T,東京一番フーズ,小売業,スタンダード（内国株式）,459.0,0.002183406113537118,0.10818829260170969,0.0,53.17647,0.03481,-
3068.T,ＷＤＩ,小売業,スタンダード（内国株式）,3025.0,0.012188430234652667,0.08217392432384084,17.0,0.0,-0.109189995,-
3069.T,ＪＦＬＡホールディングス,食料品,スタンダード（内国株式）,167.0,0.04375,0.2375801881185367,0.0,34.84536,0.07596,-
3070.T,ジェリービーンズグループ,卸売業,グロース（内国株式）,71.0,-0.7171314741035857,0.9586036419113484,0.0,0.0,-0.094239995,-
3071.T,ストリーム,小売業,スタンダード（内国株式）,104.0,-0.07831132069858404,0.1807818019330808,3.0,0.0,0.050240003,-
3075.T,銚子丸,小売業,スタンダード（内国株式）,1701.0,0.06402007181639462,0.11009368656131059,14.0,29.067245,0.0,-
3076.T,あい　ホールディングス,卸売業,プライム（内国株式）,2933.0,0.19168874835348304,0.2069077502826773,125.0,11.520886,0.117130004,-
3077.T,ホリイフードサービス,小売業,スタンダード（内国株式）,1021.0,0.6388443017656501,0.6712357524298742,0.0,15.265662,0.0,-
3079.T,ディーブイエックス,卸売業,スタンダード（内国株式）,932.0,-0.09449100177189308,0.37625521815889984,50.0,32.786884,0.03503,-
307A.T,ハウジング・スタッフ,建設業,PRO Market,800.0,0.0,0.0,0.0,8.896797,0.0,-
3080.T,ジェーソン,小売業,スタンダード（内国株式）,813.0,0.19308119615593347,0.13738353034718603,13.0,52.63158,0.02319,-
3082.T,きちりホールディングス,小売業,スタンダード（内国株式）,973.0,0.08369673791730459,0.10171392785226611,7.5,39.991676,0.12618,-
3083.T,スターシーズ,小売業,スタンダード（内国株式）,958.0,0.2605047537141064,0.5349010920358573,10.0,0.0,-0.53183,-
3086.T,Ｊ．フロント　リテイリング,小売業,プライム（内国株式）,3023.0,0.3434230499617605,0.35466509049494055,54.0,21.141771,0.06974,中立
3087.T,ドトール・日レスホールディングス,小売業,プライム（内国株式）,3290.0,0.2866086565654531,0.19769709118729248,57.0,19.876875,0.06641,-
3088.T,マツキヨココカラ＆カンパニー,小売業,プライム（内国株式）,2572.5,-0.16611797121121566,0.2632024913558685,50.0,17.985123,0.10854,買い
3089.T,テクノアルファ,卸売業,スタンダード（内国株式）,1050.0,0.11900666303057149,0.539303959698562,35.0,4.7280817,0.22966999,-
308A.T,ぽすとめいとホールディングス,サービス業,PRO Market,1310.0,0.0,0.0,0.0,15.036731,0.0,-
3091.T,ブロンコビリー,小売業,プライム（内国株式）,2752.0,0.43218830312653755,0.21907421660044565,17.5,34.012577,0.09423,-
3092.T,ＺＯＺＯ,小売業,プライム（内国株式）,1133.0,-0.20165477833759735,0.2907854317916745,39.0,21.737421,0.50288,中立
3093.T,トレジャー・ファクトリー,小売業,プライム（内国株式）,2147.0,0.21963436537486325,0.34089055701528836,40.0,13.122875,0.28184998,-
3096.T,オーシャンシステム,小売業,スタンダード（内国株式）,1609.0,0.18652722082588544,0.1770746202976811,20.0,14.7924795,0.09105,-
3097.T,物語コーポレーション,小売業,プライム（内国株式）,5670.0,0.31271365782191113,0.3826456692137521,43.0,28.571428,0.17232999,強気買い
3099.T,三越伊勢丹ホールディングス,小売業,プライム（内国株式）,3473.0,0.4316800729134503,0.3638286234110351,70.0,20.661581,0.096540004,中立
309A.T,コスモス調剤,小売業,PRO Market,700.0,0.033973412112259974,0.034596829471191234,23.0,78.125,0.0,-
3101.T,東洋紡,化学,プライム（内国株式）,1629.0,0.5733873265898356,0.4240199068191355,40.0,16.811192,0.04754,買い
3103.T,ユニチカ,繊維製品,スタンダード（内国株式）,1410.0,5.497695852534562,1.4003997891516602,0.0,35.03012,0.34915,-
3104.T,富士紡ホールディングス,繊維製品,プライム（内国株式）,3450.0,0.6564653632379847,0.4801559180996266,60.0,24.691757,0.105299994,強気買い
3105.T,日清紡ホールディングス,電気機器,プライム（内国株式）,2135.0,1.036315270082538,0.4608315539833553,36.0,18.381775,0.00866,-
3106.T,倉敷紡績,繊維製品,プライム（内国株式）,10400.0,0.3378643202618242,0.4262357669722795,307.0,13.157895,0.10023,-
3107.T,ダイワボウホールディングス,卸売業,プライム（内国株式）,3620.0,0.17744461471586598,0.25860080692991916,105.0,9.250616,0.21067,-
3109.T,シキボウ,繊維製品,プライム（内国株式）,1089.0,0.09472163102465228,0.14779666917742287,50.0,14.306608,0.0422,-
310A.T,サーティーフォー,不動産業,PRO Market,1440.0,0.0,0.0,0.0,0.0,-0.70215,-
3110.T,日東紡績,ガラス・土石製品,プライム（内国株式）,3065.0,1.8372491097323649,0.9432777694179055,25.4,64.515305,0.25874,-
3111.T,オーミケンシ,繊維製品,スタンダード（内国株式）,172.0,-0.4068965517241379,0.332111009775271,0.0,0.0,-0.34333,-
3113.T,ＵＮＩＶＡ・Ｏａｋホールディングス,証券、商品先物取引業,スタンダード（内国株式）,78.0,-0.012658227848101266,0.535398315202096,0.0,0.0,-0.51857,-
3116.T,トヨタ紡織,輸送用機器,プライム（内国株式）,2260.0,-0.02315317429631268,0.2743463415793637,86.0,21.141521,0.046609998,中立
3121.T,マーチャント・バンカーズ,サービス業,スタンダード（内国株式）,253.0,-0.1328362474127251,0.3455981542775072,2.0,0.0,-0.01049,-
3123.T,サイボー,繊維製品,スタンダード（内国株式）,650.0,0.23638086930011365,0.25040991707143373,17.0,7.651396,0.06528,-
312A.T,シンコーホールディングス,建設業,PRO Market,1542.0,0.0,0.0,0.0,4.7058105,0.0,-
3131.T,シンデン・ハイテックス,卸売業,スタンダード（内国株式）,6080.0,1.2553652554090882,0.5864883091035624,130.0,9.940401,0.074829996,-
3132.T,マクニカホールディングス,卸売業,プライム（内国株式）,3332.0,0.6723544160042682,0.4594328381972261,70.0,19.645733,0.07953,-
3133.T,海帆,小売業,グロース（内国株式）,75.0,-0.8943661971830986,1.1359720379927742,0.0,21.830986,-3.7151902,-
3134.T,Ｈａｍｅｅ,小売業,スタンダード（内国株式）,304.0,-0.7575687721514354,0.7419800997544461,22.5,9.17367,0.056939997,強気買い
3135.T,マーケットエンタープライズ,小売業,スタンダード（内国株式）,1169.0,-0.36224768139661756,0.4749117618512637,0.0,56.807983,0.06662,-
3137.T,ファンデリー,小売業,スタンダード（内国株式）,208.0,-0.1875,0.4864913293364371,0.0,38.253967,0.0,-
3138.T,富士山マガジンサービス,小売業,スタンダード（内国株式）,1130.0,0.26007763592787214,0.3106619090647499,30.0,47.161938,0.1972,-
3139.T,ラクト・ジャパン,卸売業,プライム（内国株式）,3415.0,-0.13324491768551935,0.23785118770522207,148.0,8.576389,0.14384,-
3140.T,ＢＲＵＮＯ,卸売業,グロース（内国株式）,1028.0,0.039221614449582665,0.08720972407388339,11.5,33.218533,0.08687,-
3143.T,オーウイル,卸売業,スタンダード（内国株式）,693.0,0.006850042099466474,0.2391968890086276,22.0,6.5017157,0.18195999,-
3148.T,クリエイトＳＤホールディングス,小売業,プライム（内国株式）,3420.0,-0.005948984094269761,0.1634508951342388,93.0,13.245162,0.11638,-
3150.T,グリムス,電気・ガス業,プライム（内国株式）,2529.0,0.01389969084174711,0.3001047716547639,85.0,14.64141,0.29813,-
3151.T,バイタルケーエスケー・ホールディングス,卸売業,プライム（内国株式）,1672.0,0.3774275647541673,0.22084978377687856,70.0,7.390812,0.06159,-
3153.T,八洲電機,卸売業,プライム（内国株式）,2838.0,0.3601096750921028,0.36244087411595,45.0,14.184077,0.17082001,-
3154.T,メディアスホールディングス,卸売業,プライム（内国株式）,808.0,-0.02139311341915397,0.2029021480557815,20.0,13.755746,0.06735,-
3156.T,レスター,卸売業,プライム（内国株式）,4755.0,0.9196351482092125,0.3928260179344598,128.0,16.666666,0.06717,-
3157.T,ジオリーブグループ,卸売業,スタンダード（内国株式）,1411.0,0.2158129037028669,0.2839485901335021,50.0,8.090404,0.10257,-
3159.T,丸善ＣＨＩホールディングス,小売業,スタンダード（内国株式）,400.0,0.22277975849465392,0.18582442737223695,6.0,6.844479,0.06316,-
3160.T,大光,卸売業,スタンダード（内国株式）,580.0,0.018530775101928427,0.1077609804824124,15.0,74.06015,-0.0040700003,-
3161.T,アゼアス,卸売業,スタンダード（内国株式）,683.0,0.10276407650533,0.16548683700087288,23.0,28.48909,0.01671,-
3166.T,ＯＣＨＩホールディングス,卸売業,スタンダード（内国株式）,1442.0,0.06585475624100198,0.11444588700570459,54.0,17.95306,0.050479997,-
3167.T,ＴＯＫＡＩホールディングス,卸売業,プライム（内国株式）,1263.0,0.19221953302633174,0.18121724804178052,36.0,15.015016,0.1168,-
3168.T,ＭＥＲＦ,卸売業,スタンダード（内国株式）,1442.0,1.5905886403584277,0.7875027575606312,30.0,0.0,0.01831,-
3169.T,ミサワ,小売業,スタンダード（内国株式）,661.0,0.039982054016182114,0.13345875147913278,8.0,43.858433,0.31087,-
3172.T,ティーライフ,小売業,スタンダード（内国株式）,1125.0,0.030793732425140226,0.07444614080688988,30.0,13.774661,0.053829998,-
3173.T,Ｃｏｍｉｎｉｘ,卸売業,スタンダード（内国株式）,1546.0,0.8189107761085737,0.3388036715970565,35.0,0.0,0.022230001,-
3174.T,ハピネス・アンド・ディ,小売業,スタンダード（内国株式）,404.0,-0.4381084840055633,0.3682752218764648,0.0,0.0,-1.62412,-
3175.T,エー・ピーホールディングス,小売業,スタンダード（内国株式）,942.0,-0.00211864406779661,0.1104350147348221,0.0,28.59375,1.18175,-
3176.T,三洋貿易,卸売業,プライム（内国株式）,1115.0,0.4696910650838637,0.3079531462407974,29.5,10.373391,0.10125,-
3177.T,ありがとうサービス,小売業,スタンダード（内国株式）,4310.0,0.30361545907803583,0.2489349417625458,135.0,7.1988597,0.07628,-
3178.T,チムニー,小売業,スタンダード（内国株式）,1185.0,-0.06625322506285644,0.1586012368771823,10.0,23.47608,0.09182999,-
3179.T,シュッピン,小売業,プライム（内国株式）,1270.0,0.11840060663738614,0.345091923760455,47.0,20.661865,0.17553,-
317A.T,エス・エム・エス・データテック,情報・通信業,PRO Market,1350.0,0.0,0.0,0.0,0.0,0.07971,-
3180.T,ビューティガレージ,卸売業,プライム（内国株式）,1541.0,-0.10953940275192077,0.33558544099987286,16.0,20.789686,0.12771,強気買い
3181.T,買取王国,小売業,スタンダード（内国株式）,1069.0,0.14414513991831163,0.3214730931051076,10.0,10.941051,0.09928001,-
3182.T,オイシックス,小売業,プライム（内国株式）,1746.0,-0.02920529087091083,0.3385664326205684,20.0,23.076923,0.12880999,強気買い
3183.T,ウイン・パートナーズ,卸売業,プライム（内国株式）,1289.0,-0.0044577189851387365,0.1909896104273865,54.0,16.891891,0.09134,-
3184.T,ＩＣＤＡホールディングス,小売業,スタンダード（内国株式）,4195.0,0.019907000155514165,0.17968786933108555,70.0,7.46826,0.12208,-
3185.T,夢展望,小売業,グロース（内国株式）,143.0,-0.1686046511627907,0.733271443518043,0.0,0.0,-0.97900003,-
3186.T,ネクステージ,小売業,プライム（内国株式）,3515.0,0.694163674484818,0.46569064904904084,45.0,22.17343,0.20729,買い
3187.T,ミラタップ,小売業,グロース（内国株式）,371.0,0.1810187967390204,0.4473370822154016,3.0,46.296295,-0.13805,-
3189.T,ＡＮＡＰホールディングス,小売業,スタンダード（内国株式）,163.0,-0.772027972027972,0.7601670032563259,0.0,0.0,0.23876,-
3190.T,ホットマン,小売業,スタンダード（内国株式）,586.0,-0.014176782170577896,0.10089199951777561,11.0,13.680937,0.0,-
3191.T,ジョイフル本田,小売業,プライム（内国株式）,2308.0,0.09791876005464992,0.1921233850455442,84.0,13.333333,0.0,-
3192.T,白鳩,小売業,スタンダード（内国株式）,300.0,0.07526881720430108,0.5724236188313261,0.0,6.743003,0.01991,-
3193.T,エターナルホスピタリティグループ,小売業,プライム（内国株式）,1478.0,-0.0710909374912731,0.31305126877197237,34.5,19.96008,0.20376,-
3195.T,ジェネレーションパス,小売業,スタンダード（内国株式）,650.0,0.2037037037037037,0.6217893772296155,0.0,21.550856,0.06102,-
3196.T,ホットランドホールディングス,小売業,プライム（内国株式）,1680.0,-0.1749535143409989,0.2050621946431257,13.0,106.36842,0.045539998,-
3197.T,すかいらーくホールディングス,小売業,プライム（内国株式）,3362.0,0.10526331841804282,0.28623626724437257,24.0,44.84445,0.0928,-
3199.T,綿半ホールディングス,小売業,プライム（内国株式）,1328.0,-0.181065537032947,0.17121221153016314,30.0,14.617973,0.08031999,-
319A.T,技術承継機構,金属製品,グロース（内国株式）,21080.0,3.0152380952380953,0.7676388931865162,0.0,38.192577,0.46791,-
3201.T,日本毛織,繊維製品,プライム（内国株式）,1953.0,0.3084412621116257,0.2655247909688857,48.0,14.3473,0.07126,-
3202.T,ダイトウボウ,繊維製品,スタンダード（内国株式）,127.0,0.10923948650505824,0.24691507149949188,3.0,78.26087,0.01589,-
3204.T,トーア紡コーポレーション,繊維製品,スタンダード（内国株式）,498.0,0.1922024374944384,0.256700032409299,14.0,6.7892127,0.047659997,-
3205.T,ダイドーリミテッド,繊維製品,スタンダード（内国株式）,739.0,-0.20515860819043144,0.4673908087019289,50.0,0.0,-0.22732,-
320A.T,Ｄ＆Ｉ,サービス業,PRO Market,500.0,0.0,0.0,0.0,172.41379,0.0,-
321A.T,ヒューマンステージホールディングス,サービス業,PRO Market,785.0,0.0,0.0,0.0,6.557514,0.0,-
3221.T,ヨシックスホールディングス,小売業,プライム（内国株式）,3370.0,0.2586510191196869,0.2570960955681323,30.0,19.342785,0.16738,-
3222.T,ユナイテッド・スーパーマーケット・ホールディングス,小売業,スタンダード（内国株式）,846.0,-0.14181900493615246,0.21914553285861707,16.0,62.027027,-0.01577,-
3223.T,エスエルディー,小売業,スタンダード（内国株式）,931.0,-0.0595959595959596,0.2745939474463676,0.0,14.946901,0.25028,-
3224.T,ゼネラル・オイスター,小売業,グロース（内国株式）,694.0,0.015864121369471622,0.31480850100844376,10.0,0.0,-0.04833,-
322A.T,ヒメジ理化,ガラス・土石製品,PRO Market,765.0,0.0,0.0,0.0,3.8866026,-0.14905,-
3231.T,野村不動産ホールディングス,不動産業,プライム（内国株式）,928.5,0.04382387069562417,0.23837679009150511,40.0,14.18435,0.0758,買い
3232.T,三重交通グループホールディングス,不動産業,プライム（内国株式）,572.0,0.08555080161995468,0.20287637115174334,18.0,9.359191,0.0,中立
3236.T,プロパスト,不動産業,スタンダード（内国株式）,290.0,0.4250614250614251,0.4661886623391307,8.0,5.0506473,0.0,-
3237.T,イントランス,不動産業,グロース（内国株式）,106.0,0.24705882352941178,0.6175034709340904,0.0,0.0,-0.76568,-
3238.T,セントラル総合開発,不動産業,スタンダード（内国株式）,388.0,-0.04239728466490039,0.2335294382423143,5.0,6.2587657,0.08144,-
323A.T,フライヤー,情報・通信業,グロース（内国株式）,369.0,-0.5093085106382979,0.5252849684479248,0.0,124.28199,0.04887,-
3241.T,ウィル,不動産業,スタンダード（内国株式）,594.0,0.2033535545102222,0.1815272890469821,21.0,10.213653,0.12802,-
3242.T,アーバネットコーポレーション,不動産業,スタンダード（内国株式）,523.0,-0.043375387014099355,0.16176092949219728,24.0,4.9066434,0.22992,-
3245.T,ディア・ライフ,不動産業,プライム（内国株式）,1167.0,-0.1143481859359804,0.20861015819909393,63.0,9.099085,0.15099,-
3246.T,コーセーアールイー,不動産業,スタンダード（内国株式）,676.0,0.08137612134987679,0.16254884616206572,24.0,36.973835,0.0671,-
3248.T,アールエイジ,不動産業,スタンダード（内国株式）,889.0,0.08037685004660002,0.14215047984915472,36.0,10.277084,0.06573,-
324A.T,ブッキングリゾート,サービス業,グロース（内国株式）,739.0,-0.3715986394557823,0.40442081006041547,0.0,16.01958,0.0,-
3252.T,地主,不動産業,プライム（内国株式）,3025.0,0.07851388543975789,0.2508530623012642,125.0,9.839324,0.13866,買い
325A.T,ＴＥＮＴＩＡＬ,繊維製品,グロース（内国株式）,1824.0,0.1767741935483871,0.6028622535694425,0.0,24.174934,0.0,-
3261.T,グランディーズ,不動産業,グロース（内国株式）,408.0,-0.6259327657678055,0.38329186399349574,15.0,0.0,-0.0011,-
3266.T,ファンドクリエーショングループ,不動産業,スタンダード（内国株式）,79.0,-0.059781108994129785,0.5491070895511032,1.0,10.229885,0.10435,-
3267.T,フィル・カンパニー,建設業,スタンダード（内国株式）,640.0,-0.2716414982689802,0.480289409435348,20.0,14.22408,0.12587,-
326A.T,ａｅｒｏ　ｌａｂ　ｉｎｔｅｒｎａｔｉｏｎａｌ,卸売業,PRO Market,1620.0,-0.9,0.9165151389911685,0.0,91.15975,0.0,-
3276.T,ＪＰＭＣ,不動産業,プライム（内国株式）,2244.0,0.7750492046008559,0.30615339841418043,31.0,12.468525,0.19365999,-
3277.T,サンセイランディック,不動産業,スタンダード（内国株式）,814.0,0.2987737071230123,0.35967474218025786,26.5,8.841482,0.09837,-
3280.T,エストラスト,不動産業,スタンダード（内国株式）,936.0,-0.19770309295609592,0.2451897338608029,30.0,3.0211802,0.24531999,-
3284.T,フージャースホールディングス,不動産業,プライム（内国株式）,1333.0,0.10648635832129229,0.19167015745117158,74.0,9.597259,0.07085,-
3286.T,トラストホールディングス,不動産業,スタンダード（内国株式）,891.0,0.03614975715523979,0.22023908741312537,18.0,22.779455,0.17423001,-
3288.T,オープンハウスグループ,不動産業,プライム（内国株式）,8136.0,0.11734350243297158,0.3363641252755019,194.0,11.792858,0.19297001,-
3289.T,東急不動産ホールディングス,不動産業,プライム（内国株式）,1347.5,0.15915426950584585,0.2549798298321376,48.0,9.514709,0.113120005,買い
3291.T,飯田グループホールディングス,不動産業,プライム（内国株式）,2361.5,0.06195843732200426,0.21072624825800354,100.0,13.209719,0.054390002,-
3293.T,アズマハウス,不動産業,スタンダード（内国株式）,771.0,0.05947257789876922,0.08944467394775599,35.0,11.197691,0.073359996,-
3297.T,東武住販,不動産業,スタンダード（内国株式）,1190.0,0.10418518588996024,0.1457806864608325,43.0,10.627273,0.08089,-
3299.T,ムゲンエステート,不動産業,スタンダード（内国株式）,1757.0,-0.08349730293068182,0.3301514051155897,121.0,8.183358,0.19621,-
329A.T,ジールアソシエイツ,サービス業,PRO Market,211.60000610351562,-0.8997329812223546,0.9165304057669449,5.635,137.94002,0.0,-
3300.T,アンビション　ＤＸ　ホールディングス,不動産業,グロース（内国株式）,1935.0,-0.2744959099681294,0.28475842317990313,110.0,9.852104,0.26504,-
3302.T,帝国繊維,繊維製品,プライム（内国株式）,3375.0,0.13271134173935595,0.3386325938131774,55.0,20.325373,0.05387,-
3306.T,日本製麻,卸売業,スタンダード（内国株式）,589.0,-0.34652905248373006,0.36521923751794394,10.0,5.071072,0.03951,-
330A.T,ＴａｌｅｎｔＸ,情報・通信業,グロース（内国株式）,502.0,-0.5338904363974002,0.5494160643114782,0.0,10.060428,0.0,-
3315.T,日本コークス工業,石油・石炭製品,プライム（内国株式）,102.0,0.05154639175257732,0.5293716729289635,0.0,0.0,-0.32123002,-
3317.T,フライングガーデン,小売業,スタンダード（内国株式）,1433.0,0.02362551592691927,0.23318581110872874,18.0,11.286584,0.12416001,-
331A.T,メディックス,サービス業,スタンダード（内国株式）,492.0,-0.01980126144107404,0.18402003398340083,18.0,4.4440346,0.0,-
3320.T,クロスプラス,卸売業,スタンダード（内国株式）,1315.0,0.06148860936112013,0.19441801466295344,57.0,7.1683645,0.09661,-
3321.T,ミタチ産業,卸売業,スタンダード（内国株式）,1654.0,0.33423952913530447,0.40545151753114617,80.0,6.949361,0.13262,-
3323.T,レカム,卸売業,スタンダード（内国株式）,89.0,0.019519822521484546,0.7399199481280541,1.0,88.34952,0.03916,-
3326.T,ランシステム,サービス業,スタンダード（内国株式）,655.0,0.051364365971107544,0.2756122285038101,0.0,60.60337,0.29463,-
3329.T,東和フードサービス,小売業,スタンダード（内国株式）,2125.0,0.011802424187471738,0.08077639773949577,22.0,24.270973,0.10144,-
332A.T,ミーク,情報・通信業,グロース（内国株式）,1111.0,0.30859835100117783,0.5256658480148518,0.0,24.806202,0.0,-
3333.T,あさひ,小売業,プライム（内国株式）,1357.0,0.004821933043230357,0.16331229611162446,50.0,15.92291,0.05722,-
333A.T,テクノスマイル,サービス業,PRO Market,6240.0,0.9094147394126223,0.34039874865955894,400.0,4.3271456,0.0,-
3349.T,コスモス薬品,小売業,プライム（内国株式）,6458.0,-0.3218501320819729,0.3183651597277422,82.0,16.72251,0.12172,買い
334A.T,ビジュアル・プロセッシング・ジャパン,情報・通信業,グロース（内国株式）,927.0,0.23491482663590377,0.5768451621928038,16.0,17.062988,0.1703,-
3350.T,メタプラネット,卸売業,スタンダード（内国株式）,306.0,-0.6357142857142857,0.9463449483182785,0.0,0.0,-0.06422,-
3352.T,バッファロー,小売業,スタンダード（内国株式）,1753.0,0.2041937131199022,0.28328245886211917,65.0,9.504491,0.07074,-
3353.T,メディカル一光グループ,小売業,スタンダード（内国株式）,2880.0,-0.09310683145066098,0.20921236185870093,120.0,8.5575075,0.08479,-
3355.T,クリヤマホールディングス,卸売業,スタンダード（内国株式）,1811.0,0.21541513180251629,0.2507932950966698,63.5,9.677419,0.083579995,-
3358.T,Ｔｒａｉｌｈｅａｄ　Ｇｌｏｂａｌ　Ｈｏｌｄｉｎｇｓ,小売業,スタンダード（内国株式）,100.0,0.0,0.6353362647254331,0.0,425.0,-0.06098,-
3359.T,ｃｏｔｔａ,卸売業,グロース（内国株式）,521.0,0.05259384566458453,0.3526804995693388,10.0,13.101604,0.10849,-
335A.T,ミライロ,情報・通信業,グロース（内国株式）,366.0,-0.4106280193236715,0.4075494569471426,0.0,52.85896,0.0,-
3360.T,シップヘルスケアホールディングス,卸売業,プライム（内国株式）,2369.5,0.08591223548190284,0.2731110580802067,60.0,15.698184,0.092180006,-
3361.T,トーエル,小売業,スタンダード（内国株式）,890.0,0.11344624921951722,0.17210224383018957,23.0,13.407978,0.06959,-
336A.T,ダイナミックマッププラットフォーム,情報・通信業,グロース（内国株式）,833.0,-0.2628318584070796,0.7091498464372095,0.0,0.0,-0.21107,-
3370.T,フジタコーポレーション,小売業,スタンダード（内国株式）,469.0,0.21270614188374123,0.617355595421576,3.0,15.477458,0.4878,-
3371.T,ソフトクリエイトホールディングス,情報・通信業,プライム（内国株式）,2135.0,-0.03567394183890818,0.2817241213051169,62.0,13.532221,0.17249,-
3372.T,関門海,小売業,スタンダード（内国株式）,220.0,-0.12,0.14192449697911713,0.0,9.277058,0.23929001,-
3374.T,内外テック,卸売業,スタンダード（内国株式）,4030.0,1.0971881694706032,0.44420164273572543,105.0,7.5700107,0.08274999,-
3375.T,ＺＯＡ,小売業,スタンダード（内国株式）,1730.0,0.1111017030742015,0.27407405472984187,75.0,7.022365,0.12933,-
3377.T,バイク王＆カンパニー,卸売業,スタンダード（内国株式）,397.0,-0.032598328253485805,0.21686123699187376,11.0,17.301037,0.0,-
3382.T,セブン＆アイ・ホールディングス,小売業,プライム（内国株式）,2030.5,0.04668504915070155,0.2502463938397112,50.0,22.227524,0.085839994,買い
3386.T,コスモ・バイオ,卸売業,スタンダード（内国株式）,1254.0,0.11734351426339208,0.3357920044830087,50.0,21.88501,0.03424,-
3387.T,クリエイト・レストランツ・ホールディングス,小売業,プライム（内国株式）,783.0,-0.023600266387593948,0.22052620573039225,4.5,57.799545,0.12672,-
3388.T,明治電機工業,卸売業,プライム（内国株式）,2100.0,0.03271042063115684,0.30995094966172027,90.0,8.71063,0.085489996,-
338A.T,ＺｅｎｍｕＴｅｃｈ,情報・通信業,グロース（内国株式）,1982.0,-0.5094059405940594,0.8479198228288568,0.0,48.445766,0.29496,-
3391.T,ツルハホールディングス,小売業,プライム（内国株式）,2404.5,0.06867431993328077,0.338439706786288,49.7,33.47218,0.05613,中立
3392.T,デリカフーズホールディングス,卸売業,スタンダード（内国株式）,800.0,0.029055718587428832,0.3320110024612341,25.0,10.060497,0.16504999,-
3393.T,スターティアホールディングス,卸売業,プライム（内国株式）,3015.0,0.22692676971596798,0.2637740670375432,145.0,14.124549,0.28564,-
3395.T,サンマルクホールディングス,小売業,プライム（内国株式）,2472.0,-0.03043451282487343,0.20846654840885073,52.0,32.57441,0.08221,-
3396.T,フェリシモ,小売業,スタンダード（内国株式）,875.0,0.03256192976720612,0.15515885158697723,20.0,17.285175,0.0184,-
3397.T,トリドールホールディングス,小売業,プライム（内国株式）,4355.0,-0.15387451917681344,0.23348036076045117,11.0,83.33652,0.04947,-
3399.T,丸千代山岡家,小売業,スタンダード（内国株式）,3830.0,0.13784594290316493,0.43665387361700275,23.0,24.096386,0.07913,強気買い
339A.T,プログレス・テクノロジーズ　グループ,サービス業,グロース（内国株式）,934.0,-0.28715581774144755,0.4687838504665303,30.0,6.8217463,0.24420999,-
3401.T,帝人,繊維製品,プライム（内国株式）,1753.0,0.41062404840721783,0.28907234359364675,50.0,4.772835,-0.18936001,中立
3402.T,東レ,繊維製品,プライム（内国株式）,1298.5,0.35208726878184093,0.3327788459772267,20.0,30.489712,0.02648,買い
3405.T,クラレ,化学,プライム（内国株式）,1839.0,0.07206825558612615,0.24781784530923753,59.0,72.98044,0.00657,中立
3407.T,旭化成,化学,プライム（内国株式）,1641.5,0.36293874585660446,0.3243482171809993,42.0,15.847285,0.0,買い
3409.T,北紡,繊維製品,スタンダード（内国株式）,95.0,-0.5581395348837209,0.5138438538513854,0.0,0.0,-0.06816,-
340A.T,ジグザグ,情報・通信業,グロース（内国株式）,324.0,-0.4358676526802635,0.4545775070045406,0.0,13.631523,0.0,-
3415.T,ＴＯＫＹＯ　ＢＡＳＥ,小売業,プライム（内国株式）,369.0,-0.2829807772020541,0.5410987674828404,6.0,20.24075,0.21259001,強気買い
3416.T,ピクスタ,小売業,スタンダード（内国株式）,888.0,-0.051513244334990396,0.16605067412691388,45.0,16.835966,0.077020004,-
3417.T,大木ヘルスケアホールディングス,卸売業,スタンダード（内国株式）,1055.0,-0.14359644979221026,0.2751436076832337,30.0,6.5876913,0.07596,-
3418.T,バルニバービ,小売業,グロース（内国株式）,1048.0,-0.0825645485358697,0.139762712350032,7.5,26.523298,0.07453,強気買い
341A.T,トヨコー,建設業,グロース（内国株式）,2010.0,-0.3526570048309179,0.5046700214033742,0.0,53.504673,0.0,-
3420.T,ケー・エフ・シー,金属製品,スタンダード（内国株式）,1608.0,-0.001994913731402379,0.20008607532152162,65.0,10.383882,0.04368,-
3421.T,稲葉製作所,金属製品,スタンダード（内国株式）,1745.0,0.007305711742114675,0.18328274715638748,44.0,16.07723,0.03925,-
3422.T,Ｊ－ＭＡＸ,金属製品,スタンダード（内国株式）,627.0,0.8685572267896369,0.5297643774588509,5.0,2.4419262,-0.07713,-
3423.T,エスイー,金属製品,スタンダード（内国株式）,278.0,0.10508123638513706,0.22918828369175287,13.0,28.243511,0.01987,-
3426.T,アトムリビンテック,金属製品,スタンダード（内国株式）,1291.0,-0.07270742197268101,0.10806078583076266,34.0,13.946619,0.03618,-
3431.T,宮地エンジニアリンググループ,金属製品,プライム（内国株式）,1639.0,-0.14720616673126125,0.21543170830732775,97.5,10.416792,0.08392999,-
3433.T,トーカロ,金属製品,プライム（内国株式）,2765.0,0.41194663659950137,0.3901145623474546,85.0,18.60976,0.14538,-
3434.T,アルファＣｏ,金属製品,スタンダード（内国株式）,1259.0,0.10213775909843309,0.1584833239105388,50.0,0.0,0.01135,-
3435.T,サンコーテクノ,金属製品,スタンダード（内国株式）,1453.0,0.16923040653505145,0.19503406132243337,42.0,9.851851,0.052789997,-
3436.T,ＳＵＭＣＯ,金属製品,プライム（内国株式）,3384.0,1.8155714552976672,0.8697744147946949,20.0,39.59984,-0.01543,買い
3437.T,特殊電極,金属製品,スタンダード（内国株式）,2744.0,0.01975319619187948,0.37130326672808617,101.0,11.013018,0.05152,-
3439.T,三ツ知,金属製品,スタンダード（内国株式）,680.0,0.13297247957015643,0.24551997452853144,20.0,98.00285,0.0025,-
343A.T,ＩＡＣＥトラベル,サービス業,スタンダード（内国株式）,1335.0,-0.05094536908128455,0.49623358859659505,30.0,12.200157,0.0,-
3440.T,日創グループ,金属製品,スタンダード（内国株式）,943.0,-0.15514831386871134,0.24385977824502245,40.0,6.863505,0.06638,-
3441.T,山王,金属製品,スタンダード（内国株式）,2699.0,1.6184761062454154,0.7133327333642133,25.0,7.770098,0.16372,-
3443.T,川田テクノロジーズ,金属製品,プライム（内国株式）,1401.0,0.13320248062609455,0.3962173304226836,50.333336,9.16615,0.07871,-
3444.T,菊池製作所,金属製品,スタンダード（内国株式）,1001.0,1.8610163033987903,1.0290012402337498,10.0,16.947226,0.11562,-
3445.T,ＲＳ　Ｔｅｃｈｎｏｌｏｇｉｅｓ,金属製品,プライム（内国株式）,5500.0,0.6466161956777641,0.621623513987809,45.0,11.655145,0.08681,-
3446.T,ジェイテックコーポレーション,金属製品,スタンダード（内国株式）,1610.0,0.3879310344827586,0.8371405677561482,0.0,129.8969,-0.01513,-
3447.T,信和,金属製品,スタンダード（内国株式）,1030.0,0.2426576841668714,0.26687804396838055,34.0,10.560165,0.109230004,-
3449.T,テクノフレックス,金属製品,スタンダード（内国株式）,3745.0,1.5559996387496338,0.7453905346227391,73.0,16.340101,0.12735,-
3452.T,ビーロット,不動産業,スタンダード（内国株式）,1482.0,-0.08670621287277304,0.2777684329091339,73.0,6.357228,0.23423,-
3454.T,ファーストブラザーズ,不動産業,スタンダード（内国株式）,1280.0,0.22788532136412445,0.18036259784147082,35.0,9.910994,0.06842,-
3457.T,Ａｎｄ　Ｄｏホールディングス,不動産業,プライム（内国株式）,929.0,-0.09868645528629177,0.19327071736206822,46.0,17.122345,0.07298,-
3461.T,パルマ,不動産業,スタンダード（内国株式）,608.0,0.08839843656530796,0.22788753685055008,12.0,30.127142,0.10629,-
3465.T,ケイアイスター不動産,不動産業,プライム（内国株式）,3865.0,0.47305240232736295,0.3937857938131162,117.5,9.775263,0.21402,-
3467.T,アグレ都市デザイン,不動産業,スタンダード（内国株式）,2845.0,0.4042968534638614,0.2815762499412017,118.0,7.9744763,0.24962,-
3469.T,デュアルタップ,不動産業,スタンダード（内国株式）,898.0,0.02033600805015675,0.1533363955805455,12.5,52.353554,0.03339,-
3474.T,Ｇ－ＦＡＣＴＯＲＹ,不動産業,グロース（内国株式）,585.0,-0.035266680523381194,0.13807151082568195,5.0,17.444794,-0.19621,-
3475.T,グッドコムアセット,不動産業,プライム（内国株式）,1598.0,0.06713403517409952,0.3575838746675419,45.0,32.89597,0.09907,-
3477.T,フォーライフ,不動産業,グロース（内国株式）,888.0,0.14621582730412236,0.2161179879938501,30.0,7.9743443,0.122320004,-
3479.T,ＴＫＰ,不動産業,グロース（内国株式）,1889.0,-0.08655705996131528,0.4076655108780234,0.0,26.38608,0.07858,-
347A.T,ＧＲＯＷＴＨ　ＰＯＷＥＲ,卸売業,PRO Market,530.0,0.0,0.0,0.0,0.0,0.37647,-
3480.T,ジェイ・エス・ビー,不動産業,プライム（内国株式）,8950.0,1.3114577602771793,0.4295562749750754,105.0,21.882198,0.15916,-
3482.T,ロードスターキャピタル,不動産業,プライム（内国株式）,2643.0,-0.08577443294591636,0.3800595084737045,86.0,6.6268773,0.27229,-
3484.T,イノベーションホールディングス,不動産業,スタンダード（内国株式）,1073.0,0.07827594417362198,0.18667371289932008,34.0,15.456705,0.33306998,-
3486.T,グローバル・リンク・マネジメント,不動産業,プライム（内国株式）,2001.0,-0.1435600566773529,0.3238178432730311,80.5,7.052152,0.3468,-
3489.T,フェイスネットワーク,不動産業,スタンダード（内国株式）,871.0,0.05524356921314961,0.2863995818630176,42.5,7.5473466,0.44202998,-
3490.T,アズ企画設計,不動産業,スタンダード（内国株式）,3190.0,0.05994148607459106,0.17280005565704445,30.0,13.586805,0.0,-
3491.T,ＧＡ　ｔｅｃｈｎｏｌｏｇｉｅｓ,不動産業,グロース（内国株式）,1588.0,-0.2834113440157621,0.5159190402429781,8.0,16.611877,0.0,-
3494.T,マリオン,不動産業,スタンダード（内国株式）,443.0,-0.0477398635486598,0.35559528206076185,6.0,6.1382394,0.1034,-
3495.T,香陵住販,不動産業,スタンダード（内国株式）,2366.0,-0.015131858284229506,0.19937057710404157,59.0,6.788772,0.09527001,-
3496.T,アズーム,不動産業,プライム（内国株式）,4805.0,0.006439669962439946,0.3284178966295064,169.0,29.499012,0.0,-
3498.T,霞ヶ関キャピタル,不動産業,プライム（内国株式）,7860.0,-0.15184623166413758,0.47872672541469286,120.0,10.449286,0.26387,強気買い
3501.T,ＳＵＭＩＮＯＥ,繊維製品,プライム（内国株式）,1192.0,0.05290270935641895,0.18576152608630309,40.0,27.099014,0.04153,-
350A.T,デジタルグリッド,電気・ガス業,グロース（内国株式）,790.0,-0.5845749253793043,0.7464108548574027,0.0,16.298342,0.0,-
3512.T,日本フエルト,繊維製品,スタンダード（内国株式）,1030.0,0.9107021384711955,0.5495436376195528,24.0,38.765823,0.02375,-
3513.T,イチカワ,繊維製品,スタンダード（内国株式）,3370.0,0.8338057721721324,0.4283800112529999,90.0,15.096882,0.045500003,-
351A.T,アクシスＩＴパートナーズ,情報・通信業,PRO Market,1760.0,-0.8,0.8146801235477052,0.0,23.255814,0.04236,-
3521.T,テルマー湯ホールディングス,サービス業,スタンダード（内国株式）,157.0,0.016984949556749767,0.18679840694092167,5.0,25.714285,0.03317,-
3524.T,日東製網,繊維製品,スタンダード（内国株式）,1488.0,0.05242829495111914,0.10209674991917295,50.0,8.7032385,0.05797,-
3529.T,アツギ,繊維製品,スタンダード（内国株式）,1059.0,-0.10632911392405063,0.41641721289983186,0.0,0.0,-0.056649998,-
352A.T,ＬＯＩＶＥ,サービス業,グロース（内国株式）,539.0,-0.5504587155963303,0.5733839569292511,0.0,54.63158,0.0,-
3536.T,アクサスホールディングス,小売業,スタンダード（内国株式）,130.0,-0.02233531325518684,0.26726824324295856,2.0,18.219177,0.14682999,-
3537.T,昭栄薬品,卸売業,スタンダード（内国株式）,1716.0,0.06108126566433066,0.13404746433739614,46.0,10.977233,0.05015,-
3538.T,ウイルプラスホールディングス,小売業,スタンダード（内国株式）,1026.0,0.08732305595378827,0.15469699905484555,46.0,6.3412547,0.13126999,-
3539.T,ＪＭホールディングス,小売業,プライム（内国株式）,1483.0,0.03322596587550177,0.2542184992427493,24.0,12.820939,0.13768,-
3542.T,ベガコーポレーション,小売業,グロース（内国株式）,1465.0,-0.34289926165085083,0.5348972712433151,17.0,26.45479,0.25392,-
3543.T,コメダホールディングス,卸売業,プライム（内国株式）,2962.0,-0.02847420102088928,0.14831784716083612,60.0,21.458775,0.13278,買い
3544.T,サツドラホールディングス,小売業,スタンダード（内国株式）,1248.0,0.4946107784431138,0.31058719411799784,0.0,21.975246,0.05485,-
3547.T,ユニシアホールディングス,小売業,スタンダード（内国株式）,1812.0,-0.2261608132057731,0.3559418462347514,15.0,24.329998,0.19926001,-
3548.T,バロックジャパンリミテッド,小売業,プライム（内国株式）,730.0,-0.04401069944012977,0.11661413099337965,38.0,0.0,-0.08575,-
3549.T,クスリのアオキホールディングス,小売業,スタンダード（内国株式）,4108.0,0.012716031029624274,0.3762364718684295,56.0,20.533947,0.1346,中立
3550.T,スタジオアタオ,小売業,グロース（内国株式）,218.0,0.013429736091208086,0.24279045129077076,5.0,33.53204,-0.08412,-
3551.T,ダイニック,繊維製品,スタンダード（内国株式）,1628.0,0.8154064808274009,0.40232462868134233,46.0,5.4200816,0.080340005,-
3553.T,共和レザー,化学,スタンダード（内国株式）,925.0,0.1207883264429118,0.2715441328904037,52.0,43.480175,0.01119,-
3556.T,リネットジャパングループ,小売業,グロース（内国株式）,874.0,0.010404624277456647,0.5619636856353247,0.0,27.100271,0.65948,-
3557.T,ユナイテッド＆コレクティブ,小売業,グロース（内国株式）,567.0,-0.43469591226321036,0.29374293003723906,0.0,172.41994,-0.16455999,-
3558.T,ジェイドグループ,小売業,グロース（内国株式）,1828.0,0.23821480146568486,0.5464633971977225,30.0,14.903757,-0.03956,-
3559.T,ピーバンドットコム,卸売業,スタンダード（内国株式）,421.0,-0.18948235739811398,0.4290575186577195,10.0,20.704107,0.096,-
355A.T,ナウビレッジ,サービス業,PRO Market,350.0,0.008878177221176098,0.009041093144282723,3.08,25.906734,0.22047001,-
3560.T,ほぼ日,小売業,スタンダード（内国株式）,4350.0,0.3133284454030298,0.32587629642936583,90.0,18.903103,0.11411,-
3561.T,力の源ホールディングス,小売業,プライム（内国株式）,1633.0,0.1141019737644786,0.20495638041112962,20.0,22.155146,0.17531,-
3562.T,Ｎｏ．１,卸売業,スタンダード（内国株式）,1591.0,-0.30360674082980055,0.2898906008676587,78.0,16.55602,0.12605,-
3563.T,ＦＯＯＤ　＆　ＬＩＦＥ　ＣＯＭＰＡＮＩＥＳ,小売業,プライム（内国株式）,5549.0,0.3185030696826548,0.4262137809433185,17.5,46.948875,0.28351998,買い
3565.T,アセンテック,卸売業,スタンダード（内国株式）,451.0,-0.1845933584802055,0.5259864768239305,17.0,9.025321,0.39566,-
3566.T,ユニフォームネクスト,小売業,グロース（内国株式）,756.0,0.2951541656754927,0.3329756156646171,5.0,13.889432,0.14335,-
3569.T,セーレン,繊維製品,プライム（内国株式）,3410.0,0.1458886080917488,0.27708419062588974,76.0,12.65798,0.109160006,-
3571.T,ソトー,繊維製品,スタンダード（内国株式）,721.0,-0.03272090724994385,0.11492614837849621,42.0,29.0256,0.01854,-
3577.T,東海染工,繊維製品,スタンダード（内国株式）,947.0,0.08390938574629615,0.12792389348672284,25.0,9.689539,0.06421,-
357A.T,エフアンドエフ,小売業,PRO Market,6240.0,0.02127659574468085,0.02166702456243887,130.0,23.36466,0.0,-
3580.T,小松マテーレ,繊維製品,プライム（内国株式）,761.0,-0.0022326124670827906,0.24695259529119257,27.0,20.618008,0.02617,-
3583.T,オーベクス,繊維製品,スタンダード（内国株式）,1308.0,0.012240061185191007,0.2444966234477966,35.0,5.737135,0.08557,-
358A.T,ゼン・ランド,不動産業,PRO Market,310.0,0.0,0.0,0.0,8.732394,0.22707,-
3591.T,ワコールホールディングス,繊維製品,プライム（内国株式）,4254.0,-0.2387451315101716,0.30183946100378256,100.0,20.367075,0.055159997,-
3597.T,自重堂,繊維製品,スタンダード（内国株式）,9150.0,0.01507950351067829,0.10432357700507201,500.0,23.3647,0.03331,-
3598.T,山喜,繊維製品,スタンダード（内国株式）,163.0,-0.057803468208092484,0.16493471651096073,0.0,37.583893,0.00307,-
359A.T,ＮＥＸＴ　ＳＴＡＧＥ,サービス業,PRO Market,1600.0,0.0,0.0,0.0,12.406947,0.0,-
3600.T,フジックス,繊維製品,スタンダード（内国株式）,1793.0,0.13663916638008713,0.1630780791741378,50.0,0.0,-0.01107,-
3607.T,クラウディアホールディングス,繊維製品,スタンダード（内国株式）,362.0,-0.05589895219410475,0.2516128804871792,10.0,5.525026,0.13979,-
3608.T,ＴＳＩホールディングス,繊維製品,プライム（内国株式）,1270.0,0.17562083769131817,0.3291574671158031,40.0,4.6317105,0.19277,-
3611.T,マツオカコーポレーション,繊維製品,スタンダード（内国株式）,2483.0,0.33439880194479293,0.29014391352870367,100.0,9.1157255,0.06871,-
3612.T,ワールド,繊維製品,プライム（内国株式）,1682.0,0.1801580864968005,0.2097913534000529,54.5,9.478535,0.13057,強気買い
361A.T,リビングハウス,小売業,PRO Market,1588.0,0.0,0.0,0.0,0.0,-0.90526,-
3622.T,ネットイヤーグループ,情報・通信業,スタンダード（内国株式）,488.0,-0.18275510768347322,0.26588430341150004,7.0,24.572458,0.10378,-
3623.T,ビリングシステム,情報・通信業,グロース（内国株式）,1222.0,0.16264695795138812,0.3205101003599656,25.8,16.610168,0.13859001,-
3624.T,アクセルマーク,情報・通信業,グロース（内国株式）,89.0,-0.3153846153846154,0.9437241764902469,0.0,0.0,0.0,-
3625.T,テックファームホールディングス,情報・通信業,グロース（内国株式）,672.0,-0.0569706311442785,0.3996587237694579,8.0,9.538784,0.17829001,-
3626.T,ＴＩＳＩ,情報・通信業,プライム（内国株式）,3820.0,-0.22339503400704164,0.37024790633987925,80.0,15.230601,0.1634,中立
3627.T,テクミラホールディングス,情報・通信業,スタンダード（内国株式）,262.0,-0.12951144564789993,0.35241637851223934,5.0,7.3945413,-0.038310003,-
3628.T,データホライゾン,情報・通信業,グロース（内国株式）,592.0,0.06666666666666667,0.6678063763391889,0.0,30.521326,0.76835,-
362A.T,エクシオホールディングス,サービス業,PRO Market,4950.0,0.0,0.0,0.0,0.0,0.0,-
3632.T,グリーホールディングス,情報・通信業,プライム（内国株式）,420.0,-0.039968659691178535,0.2744832148951444,22.0,44.496487,0.01535,-
3633.T,ＧＭＯペパボ,情報・通信業,スタンダード（内国株式）,2404.0,0.55137532983401,0.4375646333169284,111.0,11.261261,0.3386,-
3634.T,ソケッツ,情報・通信業,スタンダード（内国株式）,590.0,-0.06321897727386155,0.6792331606183011,6.0,0.0,-0.337,-
3635.T,コーエーテクモホールディングス,情報・通信業,プライム（内国株式）,1672.0,-0.1603006899291434,0.31392170365582656,66.0,14.601851,0.15953,買い
3636.T,三菱総合研究所,情報・通信業,プライム（内国株式）,5010.0,0.05826540879932307,0.2498396905241564,165.0,12.16536,0.11314999,-
3639.T,ボルテージ,情報・通信業,スタンダード（内国株式）,224.0,-0.2483221476510067,0.2941482857798571,0.0,0.0,-0.00588,-
3640.T,電算,情報・通信業,スタンダード（内国株式）,2778.0,0.13182068978002248,0.49249353113084854,140.0,6.679985,0.29734,-
3641.T,パピレス,情報・通信業,スタンダード（内国株式）,979.0,0.1294223946061275,0.1345298303345354,10.0,84.04702,0.0058099995,-
3645.T,メディカルネット,情報・通信業,グロース（内国株式）,242.0,-0.24274661268583841,0.20281704141900964,3.0,72.96651,0.03588,-
3646.T,駅探,情報・通信業,スタンダード（内国株式）,342.0,-0.016756192533592708,0.28961042930069136,8.0,0.0,-0.0376,-
3647.T,アスリナ,情報・通信業,スタンダード（内国株式）,116.0,-0.22666666666666666,0.6937985587949947,0.0,0.0,-0.36106,-
3648.T,ＡＧＳ,情報・通信業,スタンダード（内国株式）,1045.0,-0.19196266844572613,0.3834072807339615,34.0,10.1418495,0.14006,-
3649.T,ファインデックス,情報・通信業,プライム（内国株式）,870.0,0.046767493785082374,0.36710044155084404,27.0,16.666666,0.23066999,-
3652.T,ディジタルメディアプロフェッショナル,情報・通信業,グロース（内国株式）,2412.0,0.13505882352941176,0.6897353877745058,0.0,25.566107,0.049590003,-
3653.T,モルフォ,情報・通信業,グロース（内国株式）,747.0,-0.3916938110749186,0.40692114507712474,0.0,0.0,-0.09731,-
3656.T,ＫＬａｂ,情報・通信業,プライム（内国株式）,193.0,0.37857142857142856,1.0036858392738581,0.0,8.131579,-0.40401,-
3657.T,ポールトゥウィンホールディングス,情報・通信業,プライム（内国株式）,365.0,0.008417956812705456,0.24960327136375204,16.0,18.058823,-0.33376998,-
3659.T,ネクソン,情報・通信業,プライム（内国株式）,3095.0,-0.06063670844646106,0.44504310119478147,60.0,24.449707,0.08557,買い
365A.T,伊澤タオル,繊維製品,スタンダード（内国株式）,800.0,0.2730516740174963,0.24704572192180668,40.0,9.894042,0.18109,-
3660.T,アイスタイル,情報・通信業,プライム（内国株式）,533.0,-0.1337693646966958,0.4516711248713808,1.0,22.679901,0.13946,-
3661.T,エムアップホールディングス,情報・通信業,プライム（内国株式）,851.0,-0.277368979052653,0.4441181612660339,20.0,20.242802,0.30561,-
3662.T,エイチームホールディングス,情報・通信業,プライム（内国株式）,989.0,-0.18100901246234025,0.27364833520246884,28.0,30.76445,0.07703,-
3663.T,セルシス,情報・通信業,プライム（内国株式）,1881.0,0.1423326173777998,0.4119779847296389,34.0,25.77544,0.27963,-
3664.T,ＷＩＺＥ,情報・通信業,グロース（内国株式）,27.0,-0.5645161290322581,1.1137806085463215,0.0,0.0,-0.56823003,-
3665.T,エニグモ,情報・通信業,プライム（内国株式）,415.0,0.489653764210964,0.416546356438597,30.0,46.958637,0.02861,-
3667.T,ｅｎｉｓｈ,情報・通信業,スタンダード（内国株式）,28.0,-0.768595041322314,0.588955990141799,0.0,0.0,-1.3917799,-
3668.T,コロプラ,情報・通信業,プライム（内国株式）,439.0,-0.14301445308576474,0.29368712649691436,20.0,0.0,-0.0027,-
366A.T,ウェルネス・コミュニケーションズ,サービス業,グロース（内国株式）,1133.0,-0.3043425078469621,0.40153055918025254,34.4,13.158613,0.0,-
3671.T,ソフトマックス,情報・通信業,スタンダード（内国株式）,310.0,-0.07330849342841501,0.37207466451382737,10.0,14.878457,0.15399,-
3672.T,オルトプラス,情報・通信業,スタンダード（内国株式）,29.0,-0.6233766233766234,0.5684369070898793,0.0,0.0,-0.58423,-
3673.T,ブロードリーフ,情報・通信業,プライム（内国株式）,474.0,0.34760538079707937,0.4283167978881755,5.5,75.762085,0.051269997,-
3674.T,オークファン,情報・通信業,グロース（内国株式）,338.0,-0.0889487870619946,0.14404756370998595,0.0,0.0,-0.09889,-
3675.T,クロス・マーケティンググループ,情報・通信業,スタンダード（内国株式）,609.0,-0.12906442467494378,0.23262042697724308,15.0,9.216319,0.16091,-
3676.T,デジタルハーツホールディングス,情報・通信業,プライム（内国株式）,1059.0,0.13351653578039957,0.373963959990718,25.0,20.492588,0.06977,-
3678.T,メディアドゥ,情報・通信業,プライム（内国株式）,1289.0,-0.2559601468422573,0.28027947641802786,40.0,11.115768,0.11943,-
3679.T,じげん,情報・通信業,プライム（内国株式）,463.0,-0.0825428675941591,0.246134035162256,11.0,10.683544,0.19610001,-
367A.T,プリモグローバルホールディングス,小売業,スタンダード（内国株式）,2781.0,0.40751048236712845,0.3165793591687937,165.0,12.039239,0.0,-
3680.T,ホットリンク,情報・通信業,グロース（内国株式）,212.0,-0.2539821515844896,0.43040339995768473,6.1,0.0,-0.36145002,-
3682.T,エンカレッジ・テクノロジ,情報・通信業,スタンダード（内国株式）,580.0,-0.008867264506733967,0.174551653409264,26.0,18.14755,0.0100300005,-
3683.T,サイバーリンクス,情報・通信業,スタンダード（内国株式）,1121.0,-0.22116934274985325,0.4180968930326918,30.0,8.904347,0.09355,-
3686.T,ディー・エル・イー,情報・通信業,スタンダード（内国株式）,58.0,-0.5915492957746479,0.4517639435585089,0.0,7.5510206,0.29905,-
3687.T,フィックスターズ,情報・通信業,プライム（内国株式）,2181.0,0.1345627065897056,0.7280282811061713,18.0,21.008123,0.26449,-
368A.T,北里,精密機器,プライム（内国株式）,1542.0,0.03567620819806699,0.36879956361492344,41.0,12.951343,0.0,-
3690.T,イルグルム,情報・通信業,スタンダード（内国株式）,566.0,-0.13219185812232861,0.2587693418129933,7.9,7.1501274,-0.02656,-
3691.T,デジタルプラス,情報・通信業,グロース（内国株式）,1856.0,0.06789413118527042,0.7671963005815873,0.0,550.0,-0.06927,-
3692.T,ＦＦＲＩセキュリティ,情報・通信業,グロース（内国株式）,4780.0,-0.2737370982660984,0.7755055340654088,18.0,43.97927,0.4367,-
3694.T,オプティム,情報・通信業,プライム（内国株式）,452.0,-0.2206896551724138,0.40890023010961896,0.0,17.922186,0.0028900001,-
3695.T,ＧＭＯプロダクトプラットフォーム,情報・通信業,グロース（内国株式）,1437.0,-0.3613905005248554,0.2877617973995739,59.52,39.52267,0.070539996,-
3696.T,セレス,情報・通信業,プライム（内国株式）,2267.0,0.02025202520252025,0.5044206968579669,80.0,6.968802,0.1402,強気買い
3697.T,ＳＨＩＦＴ,情報・通信業,プライム（内国株式）,955.0999755859375,-0.3899073934296151,0.5999288637623121,0.0,19.60507,0.22389,買い
3698.T,ＣＲＩ・ミドルウェア,情報・通信業,スタンダード（内国株式）,1178.0,-0.21932530226525823,0.4135249895175269,38.0,11.919543,0.08999,-
369A.T,エータイ,サービス業,グロース（内国株式）,2524.0,-0.24727153054656761,0.4756889518688304,73.0,27.156723,0.0,強気買い
3708.T,特種東海製紙,パルプ・紙,プライム（内国株式）,2174.0,0.6284979236189883,0.24440901267983794,53.666,14.757104,0.047420003,-
370A.T,リバイブル,不動産業,PRO Market,1296.0,-0.8,0.814680123547705,0.0,94.515755,0.0,-
3710.T,ジョルダン,情報・通信業,スタンダード（内国株式）,646.0,0.10800398225780618,0.1930512929248667,6.0,13.4424305,0.04741,-
3712.T,情報企画,情報・通信業,スタンダード（内国株式）,993.0,-0.0935483205977151,0.3471892430059176,24.0,15.337079,0.17175,-
3719.T,ＡＩストーム,情報・通信業,スタンダード（内国株式）,123.0,-0.508023241577821,0.7929324799211932,3.0,36.22291,0.0,-
371A.T,デージーネット,情報・通信業,PRO Market,420.0,0.0,0.0,0.0,10.505253,-0.2,-
3723.T,日本ファルコム,情報・通信業,グロース（内国株式）,2871.0,1.2463718048209744,0.49596324330095864,20.0,22.727272,0.12697,-
3726.T,フォーシーズＨＤ,小売業,スタンダード（内国株式）,405.0,-0.3691588785046729,0.42112495117641296,0.0,0.0,-0.31639,-
3727.T,アプリックス,情報・通信業,グロース（内国株式）,155.0,0.041974052403968454,0.8008210519941018,3.5,0.0,-0.05544,-
372A.T,レント,サービス業,スタンダード（内国株式）,5610.0,-0.08319969473185022,0.2725838143310564,220.0,7.663258,0.0,-
3733.T,ソフトウェア・サービス,情報・通信業,スタンダード（内国株式）,12530.0,-0.10712456520867757,0.3269909113384596,160.0,9.775138,0.1456,-
373A.T,リップス,化学,グロース（内国株式）,1462.0,-0.5576399394856278,0.4114362549875367,0.0,7.6804614,0.0,-
3741.T,セック,情報・通信業,プライム（内国株式）,3210.0,0.4256772318169812,0.5036813314763141,60.0,21.692543,0.15503,-
3744.T,サイオス,情報・通信業,スタンダード（内国株式）,462.0,-0.1735241502683363,0.4852404710366313,0.0,11.965349,0.18862,-
3747.T,インタートレード,情報・通信業,スタンダード（内国株式）,448.0,-0.4002677376171352,0.8169378174830623,0.0,0.0,-0.01048,-
374A.T,樋口総合研究所,情報・通信業,PRO Market,240.0,0.01694915254237288,0.017260172109061507,4.0,19.123507,0.0,-
3750.T,ＡＤＲバイオメディカルホールディングス,情報・通信業,スタンダード（内国株式）,764.0,-0.17046688382193267,0.17981401958642426,0.0,0.0,-1.6092501,-
3753.T,フライトソリューションズ,情報・通信業,スタンダード（内国株式）,254.0,0.09956709956709957,0.6426670544874626,0.0,0.0,-0.20548001,-
3758.T,アエリア,情報・通信業,スタンダード（内国株式）,239.0,-0.2671263110622251,0.2700985747511674,5.0,15.079835,0.041100003,-
375A.T,ＹＡＫホールディングス,不動産業,PRO Market,2125.0,0.0,0.0,0.0,9.033327,0.18818001,-
3760.T,ケイブ,情報・通信業,スタンダード（内国株式）,732.0,-0.2628398791540785,0.29579212323070214,0.0,0.0,-0.78676003,-
3762.T,テクマトリックス,情報・通信業,プライム（内国株式）,2388.0,0.15908922852901192,0.3519406874934074,52.0,15.923279,0.16163,強気買い
3763.T,プロシップ,情報・通信業,プライム（内国株式）,2468.0,0.5206930582778287,0.44155916584915766,40.0,13.220914,0.28843,-
3765.T,ガンホー・オンライン・エンターテイメント,情報・通信業,プライム（内国株式）,2455.0,-0.11654880792671408,0.2531990955317878,90.0,99.01884,0.02814,-
3766.T,システムズ・デザイン,情報・通信業,スタンダード（内国株式）,1420.0,0.12558928837003763,0.2552779651652497,55.0,11.918974,0.083909996,-
3768.T,リスクモンスター,情報・通信業,スタンダード（内国株式）,559.0,0.1577686902633735,0.21858124458051797,16.0,3.270073,0.21505,-
3769.T,ＧＭＯペイメントゲートウェイ,情報・通信業,プライム（内国株式）,9222.0,0.12657433682889704,0.47163890674392434,144.0,30.196766,0.21246,買い
3771.T,システムリサーチ,情報・通信業,プライム（内国株式）,1963.0,-0.019472627615722004,0.24306610055065445,70.0,12.03348,0.20375,-
3772.T,ウェルス・マネジメント,不動産業,スタンダード（内国株式）,1082.0,0.0571144521641895,0.19893737457719674,20.0,111.11111,0.04877,-
3773.T,アドバンスト・メディア,情報・通信業,グロース（内国株式）,1029.0,0.07545782180817455,0.3720302059047111,33.5,11.65518,0.13268,-
3774.T,インターネットイニシアティブ,情報・通信業,プライム（内国株式）,3381.0,0.182675346659854,0.2961858782439227,39.0,20.492455,0.15630001,強気買い
3776.T,ブロードバンドタワー,情報・通信業,スタンダード（内国株式）,243.0,0.46740152622125064,0.4703021627546143,3.0,48.770493,-0.04804,-
3777.T,環境フレンドリーホールディングス,情報・通信業,グロース（内国株式）,49.0,-0.36363636363636365,0.7066269827407716,0.0,0.0,-0.00087,-
3778.T,さくらインターネット,情報・通信業,プライム（内国株式）,3570.0,0.21577860250212577,0.625614191790276,5.0,77.75061,0.02639,買い
3779.T,ジェイ・エスコムホールディングス,情報・通信業,スタンダード（内国株式）,131.0,-0.3417085427135678,0.6627673021676688,0.0,3.9568348,-0.25386,-
3787.T,テクノマセマティカル,情報・通信業,スタンダード（内国株式）,320.0,-0.43462897526501765,0.6528758841005695,0.0,0.0,0.0137,-
3788.T,ＧＭＯグローバルサイン・ホールディングス,情報・通信業,プライム（内国株式）,2120.0,-0.059825941251897316,0.3793978604850049,56.91,23.922241,0.101739995,買い
378A.T,ヒット,サービス業,グロース（内国株式）,1030.0,-0.06516074751154843,0.48888646245368206,22.5,17.421677,0.0,-
3791.T,ＩＧポート,情報・通信業,スタンダード（内国株式）,1124.0,-0.30725223029859644,0.4421623004087695,8.5,41.83901,0.0731,強気買い
3793.T,ドリコム,情報・通信業,グロース（内国株式）,491.0,-0.01996007984031936,0.30942615334056583,0.0,10.704961,-0.48630002,-
3796.T,いい生活,情報・通信業,スタンダード（内国株式）,309.0,0.16792772059369732,0.4260191090466244,3.0,164.02116,0.0339,-
3798.T,ＵＬＳグループ,情報・通信業,スタンダード（内国株式）,529.0,-0.254816576154711,0.4506421576991143,7.3,17.858364,0.17358999,-
3799.T,キーウェアソリューションズ,情報・通信業,スタンダード（内国株式）,1108.0,0.13565149186369058,0.2349864245043185,34.0,8.642923,0.12347999,-
3800.T,ユニリタ,情報・通信業,スタンダード（内国株式）,1965.0,0.06958287325746472,0.06553549386295848,72.0,18.668344,0.07946,-
3802.T,エコミック,情報・通信業,スタンダード（内国株式）,498.0,-0.021575276573401983,0.1582787713253358,13.0,25.323277,0.03621,-
3803.T,イメージ情報開発,情報・通信業,グロース（内国株式）,555.0,-0.4585365853658537,1.110003474652606,0.0,0.0,-1.25333,-
3804.T,システム　ディ,情報・通信業,スタンダード（内国株式）,446.0,-0.3065060422997999,0.3782663490679241,9.333333,17.82471,0.1353,-
3807.T,フィスコ,情報・通信業,グロース（内国株式）,90.0,-0.4155844155844156,0.5239446944011549,0.0,0.0,-1.2918601,-
3810.T,サイバーステップホールディングス,情報・通信業,スタンダード（内国株式）,243.0,-0.35543766578249336,0.8852290225284591,0.0,0.0,-0.49041998,-
3815.T,メディア工房,情報・通信業,グロース（内国株式）,458.0,-0.22635135135135134,0.14531993304510807,0.0,0.0,-0.69897,-
3816.T,大和コンピューター,情報・通信業,スタンダード（内国株式）,1125.0,-0.04675069313822891,0.16399473824529567,19.0,16.862862,0.04948,-
3817.T,ＳＲＡホールディングス,情報・通信業,プライム（内国株式）,4850.0,0.07758882557051629,0.22766566694922558,200.0,15.801058,0.11399999,-
3823.T,ＴＨＥ　ＷＨＹ　ＨＯＷ　ＤＯ　ＣＯＭＰＡＮＹ,情報・通信業,スタンダード（内国株式）,31.0,-0.6836734693877551,0.8321268766480251,0.0,0.0,-0.13235,-
3825.T,リミックスポイント,小売業,スタンダード（内国株式）,237.0,-0.3986654209480501,0.8073688709456518,5.0,10.040706,-0.08094,-
3826.T,システムインテグレータ,情報・通信業,スタンダード（内国株式）,499.0,0.16076333428459064,0.2928550651214156,13.0,7.2039075,0.0,-
3834.T,朝日ネット,情報・通信業,プライム（内国株式）,626.0,-0.0804433144473838,0.13421811960332278,25.0,11.533028,0.09995,-
3835.T,ｅＢＡＳＥ,情報・通信業,プライム（内国株式）,429.0,-0.1166091448149928,0.2430650153941305,15.2,16.183386,0.16430001,-
3836.T,アバントグループ,情報・通信業,プライム（内国株式）,1206.0,-0.1910736331594936,0.32256554220861,32.0,14.451051,0.23725,-
3837.T,アドソル日進,情報・通信業,プライム（内国株式）,1504.0,0.0956398386806473,0.3892986334506461,46.0,19.920319,0.20111999,-
3839.T,ＯＤＫソリューションズ,情報・通信業,スタンダード（内国株式）,635.0,0.05411671634553472,0.126738095308268,10.0,23.422743,0.03279,-
3840.T,パス,情報・通信業,スタンダード（内国株式）,56.0,-0.48148148148148145,0.6526484102116759,0.0,0.0,-0.25252,-
3841.T,ジーダット,情報・通信業,スタンダード（内国株式）,1280.0,-0.04123593606032946,0.3752309561483809,40.0,19.841816,0.04393,-
3842.T,ネクストジェン,情報・通信業,スタンダード（内国株式）,1035.0,-0.08912251314660176,0.29164040768530053,30.0,11.02547,0.13333,-
3843.T,フリービット,情報・通信業,プライム（内国株式）,1697.0,0.0317686647696489,0.2725182157616333,41.0,10.3306055,0.27856,強気買い
3844.T,コムチュア,情報・通信業,プライム（内国株式）,1410.0,-0.14169291151643304,0.2739072050159188,50.5,14.164967,0.17153,-
3845.T,アイフリークモバイル,情報・通信業,スタンダード（内国株式）,257.0,0.11739130434782609,0.5810875659323826,0.0,0.0,-0.08405,-
3848.T,データ・アプリケーション,情報・通信業,スタンダード（内国株式）,844.0,0.07775368324128819,0.29410244591457707,35.0,18.83437,0.0,-
3850.T,エヌ・ティ・ティ・データ・イントラマート,情報・通信業,スタンダード（内国株式）,3390.0,-0.18247411936971547,0.33015591153825347,66.0,20.039907,0.15412,-
3851.T,日本一ソフトウェア,情報・通信業,スタンダード（内国株式）,1238.0,0.4348077360836667,0.2785925604715819,5.0,0.0,-0.03627,-
3853.T,アステリア,情報・通信業,プライム（内国株式）,1138.0,-0.14903135125937939,1.0592170584324339,9.0,22.371529,0.17411,-
3854.T,アイル,情報・通信業,プライム（内国株式）,2477.0,-0.1082573668056282,0.29467806537935687,66.0,15.314228,0.39629,強気買い
3856.T,Ａｂａｌａｎｃｅ,電気機器,スタンダード（内国株式）,429.0,-0.6202345589481966,0.9297824532958321,3.0,1.4581519,0.0,-
3858.T,ユビキタスＡＩ,情報・通信業,スタンダード（内国株式）,300.0,-0.16666666666666666,0.5471985709728338,0.0,0.0,-0.05633,-
385A.T,山本通産,卸売業,PRO Market,2450.0,0.02510460251046025,0.025565275843547185,60.0,5.698072,0.09827,-
3861.T,王子ホールディングス,パルプ・紙,プライム（内国株式）,866.7000122070312,0.13511701087193295,0.1942119636656439,36.0,24.753908,0.025969999,買い
3863.T,日本製紙,パルプ・紙,プライム（内国株式）,1396.0,0.2012027959923046,0.3166520337726691,15.0,8.4963045,0.02888,中立
3864.T,三菱製紙,パルプ・紙,プライム（内国株式）,1199.0,0.793453067192628,0.35233243498693295,15.0,11.904762,-0.00107,-
3865.T,北越コーポレーション,パルプ・紙,プライム（内国株式）,905.0,-0.09080668991230612,0.3298644399128188,26.0,13.567912,0.04042,-
386A.T,みのや,小売業,スタンダード（内国株式）,1266.0,-0.44043063718920406,0.2746753116935071,24.66,18.745596,0.0,-
3877.T,中越パルプ工業,パルプ・紙,プライム（内国株式）,2262.0,0.39528949560773385,0.22622037671824766,90.0,33.55552,-0.01107,-
3878.T,巴川コーポレーション,化学,スタンダード（内国株式）,873.0,0.23005245547270295,0.42048448471481914,15.0,15.871624,0.04081,-
387A.T,フラー,情報・通信業,グロース（内国株式）,917.0,-0.6768851303735025,0.4394563384847792,0.0,11.101897,0.0,-
3880.T,大王製紙,パルプ・紙,プライム（内国株式）,983.0,0.13834070765185677,0.27090857210018476,14.0,19.722326,0.02016,中立
3891.T,ニッポン高度紙工業,パルプ・紙,スタンダード（内国株式）,6440.0,2.113864064980456,0.7093936653445472,90.0,23.299856,0.091529995,-
3892.T,岡山製紙,パルプ・紙,スタンダード（内国株式）,1545.0,0.08082876997470138,0.28305757228954037,50.0,10.86943,0.05661,-
3895.T,ハビックス,パルプ・紙,スタンダード（内国株式）,498.0,0.21039075862744197,0.31758060470113136,16.0,5.0555754,0.09604,-
3896.T,阿波製紙,パルプ・紙,スタンダード（内国株式）,398.0,0.02577319587628866,0.5609619825820249,0.0,0.0,-0.007850001,-
389A.T,八光オートメーション,電気機器,PRO Market,2380.0,0.0035842293906810036,0.0036500005535290646,8.5,21.276596,0.22297001,-
3900.T,クラウドワークス,情報・通信業,グロース（内国株式）,677.0,-0.37430683918669133,0.5027112243988728,0.0,8.651103,-0.05367,-
3901.T,マークラインズ,情報・通信業,プライム（内国株式）,1614.0,-0.24091388266709596,0.30465349360044525,52.0,13.422818,0.22972,-
3903.T,ｇｕｍｉ,情報・通信業,プライム（内国株式）,276.0,-0.595900439238653,0.4505802427245322,0.0,5.966754,0.112040006,-
3904.T,カヤック,情報・通信業,グロース（内国株式）,429.0,-0.062285511766997814,0.3749074109962164,3.9,10.183013,0.11411,-
3905.T,データセクション,情報・通信業,グロース（内国株式）,1840.0,-0.40836012861736337,1.168655216150662,0.0,0.0,-0.087390006,-
3907.T,シリコンスタジオ,情報・通信業,スタンダード（内国株式）,1746.0,0.7399852414468637,1.0386367446139433,10.0,9.208422,0.04977,-
3908.T,コラボス,情報・通信業,スタンダード（内国株式）,354.0,-0.2694093468390804,0.506931260223915,6.0,11.750762,0.09264,-
3909.T,ショーケース,情報・通信業,スタンダード（内国株式）,185.0,-0.4307692307692308,0.37446289887049605,0.0,7.541089,0.53895,-
3910.T,エムケイシステム,情報・通信業,スタンダード（内国株式）,283.0,-0.09071303671851459,0.21627239547988958,8.0,276.57657,0.18833,-
3911.T,Ａｉｍｉｎｇ,情報・通信業,グロース（内国株式）,176.0,-0.3383458646616541,0.369294634143061,0.0,8.422862,0.19429001,-
3912.T,モバイルファクトリー,情報・通信業,スタンダード（内国株式）,1132.0,0.19491207710034603,0.23939110479369058,49.0,17.825443,0.15043001,-
3913.T,ＧｒｅｅｎＢｅｅ,情報・通信業,スタンダード（内国株式）,1175.0,0.12440191387559808,0.5834436001193601,0.0,12.034286,0.15736,-
3914.T,ＪＩＧ－ＳＡＷ,情報・通信業,グロース（内国株式）,2342.0,-0.09505409582689335,0.5423655171099192,0.0,42.555202,0.12826,-
3915.T,テラスカイ,情報・通信業,プライム（内国株式）,2347.0,0.0453831406583536,0.6057576308389739,16.0,20.283306,0.1267,-
3916.T,デジタル・インフォメーション・テクノロジー,情報・通信業,プライム（内国株式）,977.0,-0.1247052534522297,0.29414894730529817,37.5,12.657371,0.27299,-
3917.T,アイリッジ,情報・通信業,グロース（内国株式）,487.0,-0.045098039215686274,0.42963111581796376,0.0,5.864958,-0.04874,-
3918.T,ＰＣＩホールディングス,情報・通信業,スタンダード（内国株式）,1161.0,0.05966264512560143,0.36168165246504735,57.0,12.771904,0.0,-
3920.T,アイビーシー,情報・通信業,スタンダード（内国株式）,978.0,-0.05864128483312622,0.3183807326764461,17.0,13.386465,0.08844,-
3921.T,ネオジャパン,情報・通信業,プライム（内国株式）,1623.0,-0.11853214390961776,0.24805752680680446,58.0,12.422601,0.12353,-
3922.T,ＰＲ　ＴＩＭＥＳ,情報・通信業,プライム（内国株式）,2140.0,-0.21864406205535591,0.371321256996505,13.8,17.211971,0.27369,-
3923.T,ラクス,情報・通信業,プライム（内国株式）,1113.0,-0.14177028816602205,0.48332153215646934,7.0,26.877323,0.51668,買い
3925.T,ダブルスタンダード,情報・通信業,プライム（内国株式）,1373.0,-0.20055144500568547,0.26754550419375517,70.0,12.787514,0.21395001,-
3926.T,オープンドア,情報・通信業,スタンダード（内国株式）,410.0,-0.15289256198347106,0.5587132162323912,0.0,50.32787,-0.29681,-
3927.T,フーバーブレイン,情報・通信業,スタンダード（内国株式）,923.0,0.06020505499069455,0.518409995035413,15.0,14.62027,0.23900999,-
3928.T,マイネット,情報・通信業,スタンダード（内国株式）,234.0,-0.09652509652509653,0.44838477978808944,0.0,10.526316,0.1542,-
3929.T,ソーシャルワイヤー,情報・通信業,グロース（内国株式）,244.0,-0.027888446215139442,0.4021976703764179,0.0,20.654911,0.11572,-
3930.T,はてな,情報・通信業,グロース（内国株式）,753.0,-0.44263508512213173,0.5857511039818285,0.0,22.172043,0.04889,-
3931.T,バリューゴルフ,情報・通信業,グロース（内国株式）,1523.0,-0.0896117998021234,0.2601652696158265,25.0,15.172996,-0.00638,-
3932.T,アカツキ,情報・通信業,プライム（内国株式）,3730.0,0.2474383679430757,0.3372083427722996,115.0,19.646433,0.090579994,-
3933.T,チエル,情報・通信業,スタンダード（内国株式）,541.0,-0.21087176616344044,0.42561661279363155,18.0,9.847597,0.20952,-
3934.T,ベネフィットジャパン,情報・通信業,スタンダード（内国株式）,2276.0,0.18892858008261607,0.2920753553715403,85.0,11.71516,0.11776,-
3935.T,エディア,情報・通信業,スタンダード（内国株式）,676.0,-0.36869597077698113,0.44160907949583145,13.0,13.280061,-0.69077003,-
3936.T,グローバルウェイ,情報・通信業,グロース（内国株式）,161.0,-0.16580310880829016,0.8822198139142725,0.0,56.950672,-0.60668,-
3937.T,Ｕｂｉｃｏｍホールディングス,情報・通信業,スタンダード（内国株式）,1293.0,0.2201950767378403,0.3188418861640241,40.0,11.876543,0.16533001,-
3939.T,カナミックネットワーク,情報・通信業,プライム（内国株式）,535.0,0.19944963556487275,0.32554983151340244,7.5,22.46903,0.27003,-
393A.T,ＲｉｔａＸ,サービス業,PRO Market,2000.0,0.0,0.0,0.0,36.63004,0.51515,-
3940.T,ノムラシステムコーポレーション,情報・通信業,スタンダード（内国株式）,128.0,-0.0538832413225907,0.24009942999828826,3.55,15.062287,0.118999995,-
3941.T,レンゴー,パルプ・紙,プライム（内国株式）,1574.5,0.7872941457519405,0.29366530656925677,40.0,15.104961,0.06878,強気買い
3943.T,大石産業,パルプ・紙,スタンダード（内国株式）,1332.0,0.0847818888074466,0.147486355122712,52.0,13.477619,0.03232,-
3944.T,古林紙工,パルプ・紙,スタンダード（内国株式）,3135.0,0.5019970154135014,0.2693892724750526,50.0,8.278088,0.0584,-
3945.T,スーパーバッグ,パルプ・紙,スタンダード（内国株式）,2155.0,-0.10932100620345617,0.20558189845122465,110.0,3.6042545,0.16635,-
3946.T,トーモク,パルプ・紙,プライム（内国株式）,4755.0,0.4821395400442911,0.23521575658964566,130.0,7.7220078,0.080649994,-
3947.T,ダイナパック,パルプ・紙,スタンダード（内国株式）,2421.0,0.1393751462793597,0.3178195159400285,80.0,7.5470524,0.068280004,-
3948.T,光ビジネスフォーム,パルプ・紙,スタンダード（内国株式）,1159.0,-0.03483018164392602,0.39254354338202174,50.0,42.96537,0.01607,-
3950.T,ザ・パック,パルプ・紙,プライム（内国株式）,1509.0,0.3189793807041085,0.20558835927845717,39.0,12.853542,0.07954,-
3951.T,朝日印刷,パルプ・紙,スタンダード（内国株式）,899.0,0.034358106955090735,0.10234238481888322,38.0,13.410316,0.04196,-
3953.T,大村紙業,パルプ・紙,スタンダード（内国株式）,789.0,0.02795678676986067,0.15848863272658864,30.0,0.0,-0.01316,-
3954.T,昭和パックス,パルプ・紙,スタンダード（内国株式）,3255.0,0.3563613468024566,0.4870831942554829,50.0,11.376607,0.050100002,-
3955.T,イムラ,パルプ・紙,スタンダード（内国株式）,839.0,-0.10857352449277341,0.17407667619114034,30.0,8.243924,0.05134,-
3958.T,笹徳印刷,パルプ・紙,スタンダード（内国株式）,549.0,0.04110390059088919,0.15190641962262058,20.0,13.173792,0.02542,-
3962.T,チェンジホールディングス,情報・通信業,プライム（内国株式）,1010.0,-0.13654926099840667,0.30618455010929324,23.0,9.533287,0.29529,-
3963.T,シンクロ・フード,情報・通信業,プライム（内国株式）,344.0,-0.373766415296017,0.404675444058742,15.0,26.099882,0.0,-
3964.T,オークネット,情報・通信業,プライム（内国株式）,1427.0,0.5390705238890009,0.4180591401046875,39.0,19.568567,0.22961001,-
3965.T,キャピタル・アセット・プランニング,情報・通信業,スタンダード（内国株式）,880.0,0.12851384750059955,0.20669399602660612,20.0,12.165833,0.12814,-
3967.T,エルテス,情報・通信業,グロース（内国株式）,605.0,-0.16781292984869325,0.22488507628080992,0.0,0.0,-0.34704,-
3968.T,セグエグループ,情報・通信業,プライム（内国株式）,626.0,-0.04053575315825076,0.44536589109339453,16.0,14.243484,0.32437,-
3969.T,エイトレッド,情報・通信業,スタンダード（内国株式）,1414.0,-0.02908278717524615,0.15485510388383142,34.0,15.005371,0.14345,-
3970.T,イノベーション,情報・通信業,スタンダード（内国株式）,872.0,-0.10240461620368212,0.1796500481652224,40.0,39.51965,-0.06397,-
3974.T,ＳＣＡＴ,情報・通信業,スタンダード（内国株式）,669.0,0.3286989451889817,0.24004047559378275,14.0,14.181319,0.06774,-
3976.T,シャノン,情報・通信業,グロース（内国株式）,717.0,0.8868421052631579,0.4785286320189699,0.0,0.0,0.0,-
3979.T,うるる,情報・通信業,グロース（内国株式）,431.0,0.10008689770218047,0.3342745163681856,4.0,14.771784,0.21598,-
3981.T,ビーグリー,情報・通信業,スタンダード（内国株式）,1200.0,-0.03772841885439133,0.14384321251043777,42.0,10.571171,0.08785,-
3983.T,オロ,情報・通信業,プライム（内国株式）,2181.0,-0.19317538010515464,0.33133649379779895,75.0,16.367266,0.18367,-
3984.T,ユーザーローカル,情報・通信業,プライム（内国株式）,1577.0,-0.22210705272093667,0.4036600911521571,24.0,14.513154,0.19016,-
3985.T,テモナ,情報・通信業,スタンダード（内国株式）,184.0,-0.3210332103321033,0.4640320092100134,0.0,28.966522,0.11773,-
3986.T,ビーブレイクシステムズ,情報・通信業,スタンダード（内国株式）,476.0,-0.020655523463070036,0.30880693954244887,15.0,26.182003,0.052449998,-
3987.T,エコモット,情報・通信業,グロース（内国株式）,665.0,0.10099337748344371,0.3985710889013912,0.0,0.0,-0.0093,-
3988.T,ＳＹＳホールディングス,情報・通信業,スタンダード（内国株式）,557.0,0.00041876469239211984,0.2472510597911313,8.0,14.04333,0.1084,-
3989.T,シェアリングテクノロジー,情報・通信業,グロース（内国株式）,1539.0,0.3658813721554945,0.43818298993296223,67.5,20.91923,0.0,-
398A.T,リアルクオリティ,サービス業,PRO Market,1350.0,0.011235955056179775,0.011442136566681277,15.0,18.280298,0.12859,-
3991.T,ウォンテッドリー,情報・通信業,グロース（内国株式）,946.0,-0.2841207486069252,0.2711900083912173,20.0,9.881631,0.24302,-
3992.T,ニーズウェル,情報・通信業,プライム（内国株式）,463.0,-0.12992823833049916,0.2902214890330382,12.0,20.23911,0.21145001,-
3993.T,ＰＫＳＨＡ　Ｔｅｃｈｎｏｌｏｇｙ,情報・通信業,プライム（内国株式）,3305.0,-0.03924418604651163,0.5386922736552404,0.0,33.668633,0.0,-
3994.T,マネーフォワード,情報・通信業,プライム（内国株式）,6100.0,-0.048510372796755574,0.6612622421659542,0.0,135.15407,0.043390002,中立
3996.T,サインポスト,情報・通信業,スタンダード（内国株式）,193.0,-0.3911671924290221,0.46665960254227395,0.0,18.971333,0.053579997,-
3997.T,トレードワークス,情報・通信業,スタンダード（内国株式）,381.0,0.1776729960205949,0.9995665054967076,2.0,255.62914,0.03556,-
3998.T,すららネット,情報・通信業,グロース（内国株式）,289.0,-0.16473988439306358,0.31824254782882483,0.0,5.3010035,-0.00358,-
4004.T,レゾナック・ホールディングス,化学,プライム（内国株式）,16060.0,3.244785548240555,0.670161939639359,65.0,81.3003,0.04374,-
4005.T,住友化学,化学,プライム（内国株式）,559.7999877929688,0.36073896622410845,0.3972468953964633,13.5,10.362655,0.12083,買い
4008.T,住友精化,化学,プライム（内国株式）,1517.0,0.7149074829344318,0.34850406735231854,44.0,13.908021,0.040710002,-
4011.T,ヘッドウォータース,情報・通信業,グロース（内国株式）,2418.0,-0.36200527704485486,0.5573900275385106,0.0,172.46585,0.057189997,-
4012.T,アクシス,情報・通信業,スタンダード（内国株式）,1733.0,0.19325059964121968,0.26365719969896273,46.0,10.706522,0.16827999,-
4013.T,勤次郎,情報・通信業,グロース（内国株式）,669.0,-0.4124470843569105,0.5192316259073326,10.0,13.029126,0.103269994,-
4014.T,カラダノート,情報・通信業,グロース（内国株式）,509.0,0.06485355648535565,0.45527068895138295,0.0,31.259483,0.20489,-
4015.T,ペイクラウドホールディングス,情報・通信業,グロース（内国株式）,557.0,-0.2602921646746348,0.40410735542531084,0.0,52.364864,0.029509999,-
4016.T,ＭＩＴホールディングス,情報・通信業,スタンダード（内国株式）,948.0,-0.030522741410388018,0.27064205314180806,30.0,20.141115,0.13574,-
4017.T,クリーマ,情報・通信業,グロース（内国株式）,207.0,-0.29591836734693877,0.2313103404594338,0.0,16.341288,0.03765,-
4019.T,スタメン,情報・通信業,グロース（内国株式）,642.0,-0.5496666467441907,0.5189868769072555,6.0,28.516787,0.14439,-
4020.T,ビートレンド,情報・通信業,グロース（内国株式）,795.0,0.2947882736156352,0.32033760853371795,0.0,0.0,-0.12154,-
4021.T,日産化学,化学,プライム（内国株式）,7978.0,0.5147101863427165,0.3394030902648731,202.0,19.174997,0.19723,-
4022.T,ラサ工業,化学,プライム（内国株式）,2112.0,1.3670526702103245,0.732792490266419,36.0,15.083279,0.15564999,-
4023.T,クレハ,化学,プライム（内国株式）,4455.0,0.28974318831831797,0.27438129971869984,214.0,21.00862,0.050380003,-
4025.T,多木化学,化学,プライム（内国株式）,6070.0,0.649517913788481,0.4668375781068696,75.0,11.497649,0.080970004,-
4026.T,神島化学工業,ガラス・土石製品,スタンダード（内国株式）,1623.0,0.2452587063152905,0.46185451813659884,49.0,11.17405,0.096420005,強気買い
4027.T,テイカ,化学,プライム（内国株式）,2392.0,0.9037449593214191,0.40693859954342343,60.0,21.977142,0.02624,-
4028.T,石原産業,化学,プライム（内国株式）,3145.0,0.3264262362602003,0.43800643026735103,120.0,8.210218,0.14339,-
402A.T,アクセルスペースホールディングス,輸送用機器,グロース（内国株式）,508.0,-0.4914914914914915,0.8239563059131482,0.0,0.0,0.0,強気買い
4031.T,片倉コープアグリ,化学,スタンダード（内国株式）,1106.0,0.08755288860710174,0.5010656681700453,20.0,0.0,-0.03565,-
403A.T,北條組,建設業,PRO Market,2415.0,0.003740648379052369,0.0038092898544935644,9.0,4.568326,0.0,-
4040.T,南海化学,化学,スタンダード（内国株式）,3860.0,0.3911215799836221,0.40238494630758265,60.0,6.4266834,0.27906,-
4041.T,日本曹達,化学,プライム（内国株式）,3930.0,0.1813672916152636,0.21252495539684574,160.0,13.244916,0.077259995,-
4042.T,東ソー,化学,プライム（内国株式）,2656.0,0.2017287080686446,0.30024472118786827,100.0,18.832243,0.0,中立
4043.T,トクヤマ,化学,プライム（内国株式）,4039.0,0.22669402845686487,0.43675789221098144,120.0,11.668474,0.091230005,買い
4044.T,セントラル硝子,化学,プライム（内国株式）,4520.0,0.39643669511168866,0.28673005072126134,170.0,21.02309,0.04385,-
4045.T,東亞合成,化学,プライム（内国株式）,1847.5,0.267422992056247,0.194824851217934,68.5,15.267567,0.059770003,-
4046.T,大阪ソーダ,化学,プライム（内国株式）,2011.0,0.0897010195322652,0.39893575995107644,28.0,19.492575,0.10943,強気買い
4047.T,関東電化工業,化学,プライム（内国株式）,2326.0,1.6665119856017865,0.6883310294380535,20.0,47.245506,0.046329997,強気買い
4051.T,ＧＭＯフィナンシャルゲート,情報・通信業,プライム（内国株式）,6680.0,0.11476698100592746,0.3836977211809391,99.0,29.154814,0.28167,強気買い
4052.T,フィーチャ,情報・通信業,グロース（内国株式）,531.0,0.49157303370786515,0.9116527648684799,0.0,24.959349,-0.082550004,-
4053.T,Ｓｕｎ　Ａｓｔｅｒｉｓｋ,情報・通信業,プライム（内国株式）,467.0,0.03547671840354767,0.3890253009792432,0.0,36.77686,0.04543,強気買い
4054.T,日本情報クリエイト,情報・通信業,グロース（内国株式）,530.0,-0.3636045367742802,0.28792867196160554,12.0,17.062445,0.0,-
4055.T,ティアンドエスグループ,情報・通信業,グロース（内国株式）,1585.0,0.337974222579263,0.7404129019689827,10.0,22.075783,0.0,-
4056.T,ニューラルグループ,情報・通信業,グロース（内国株式）,218.0,-0.7450292397660818,0.4841268186291354,0.0,0.7728337,-0.08682,-
4057.T,インターファクトリー,情報・通信業,グロース（内国株式）,353.0,-0.24572649572649571,0.27836516540914763,0.0,18.486998,0.07328,-
4058.T,トヨクモ,情報・通信業,グロース（内国株式）,2463.0,-0.311833167609,0.4421678133887993,20.0,18.180904,0.30663002,-
4059.T,まぐまぐ,情報・通信業,スタンダード（内国株式）,393.0,-0.345,0.4632090775831447,0.0,96.17706,0.01802,-
405A.T,コヤマ・ミライエ,卸売業,PRO Market,3500.0,0.0,0.0,0.0,3.9292731,0.1659,-
4060.T,ｒａｋｕｍｏ,情報・通信業,グロース（内国株式）,1166.0,0.05999035431362596,0.36722279075212333,9.0,26.809525,0.15468,-
4061.T,デンカ,化学,プライム（内国株式）,3380.0,0.54665999941237,0.44899576863498786,100.0,20.548168,-0.05479,-
4062.T,イビデン,電気機器,プライム（内国株式）,19190.0,4.6725426808784105,0.9451043120436166,30.0,82.645325,0.07564,買い
4063.T,信越化学工業,化学,プライム（内国株式）,6051.0,0.3405310353302399,0.4038473643185978,106.0,25.18874,0.11484,買い
4064.T,日本カーバイド工業,化学,プライム（内国株式）,3400.0,0.6688028391121831,0.33971890263185084,92.0,8.952583,0.07716,-
4068.T,ベイシス,情報・通信業,グロース（内国株式）,1685.0,-0.14553752535496958,0.25106728714710835,0.0,29.672447,0.055999998,-
4069.T,ＢｌｕｅＭｅｍｅ,情報・通信業,グロース（内国株式）,676.0,-0.7083692838654012,0.6996533103234628,0.0,34.247375,0.04783,-
406A.T,環境のミカタホールディングス,サービス業,PRO Market,5450.0,0.0,0.015801479321009514,60.0,0.0,-0.00585,-
4071.T,プラスアルファ・コンサルティング,情報・通信業,プライム（内国株式）,2254.0,-0.06608291183883884,0.38799828448535795,29.0,26.808348,0.27903,買い
4072.T,電算システムホールディングス,情報・通信業,プライム（内国株式）,3065.0,-0.21866762411349505,0.45040507003446867,100.0,11.061898,0.123459995,-
4073.T,ジィ・シィ企画,情報・通信業,グロース（内国株式）,482.0,-0.19262981574539365,0.6287797085609099,0.0,0.0,-0.96629,-
4074.T,ラキール,情報・通信業,グロース（内国株式）,741.0,-0.2735294117647059,0.47680484236259946,0.0,18.418392,0.07797,-
4075.T,ブレインズテクノロジー,情報・通信業,グロース（内国株式）,911.0,0.012222222222222223,0.6174724764897679,0.0,38.913456,0.11757,-
4076.T,シイエヌエス,情報・通信業,グロース（内国株式）,1980.0,0.3753590991571557,0.23232936742930302,61.0,9.285136,0.13958,-
4078.T,堺化学工業,化学,プライム（内国株式）,3870.0,0.38673576643485175,0.5558186243560126,145.0,10.620233,0.05493,-
407A.T,ＵＮＩＣＯＮホールディングス,建設業,スタンダード（内国株式）,920.0,-0.20759217004368177,0.3339479032085241,45.0,9.584411,0.0,-
4082.T,第一稀元素化学工業,化学,プライム（内国株式）,1947.0,1.836410487365608,0.9946941560030309,28.0,40.15897,0.02641,-
4088.T,エア・ウォーター,化学,プライム（内国株式）,2497.0,0.03091979625354729,0.4084605441235248,75.0,48.310883,0.016619999,買い
4091.T,日本酸素ホールディングス,化学,プライム（内国株式）,5629.0,0.029681908795532497,0.3420820439883427,62.0,23.752882,0.10508,中立
4092.T,日本化学工業,化学,プライム（内国株式）,5520.0,1.0673635562655877,0.6414732219909209,120.0,11.534145,0.043420002,-
4093.T,東邦アセチレン,化学,スタンダード（内国株式）,422.0,0.23675667553742152,0.2879337993063294,14.0,14.18239,0.06696,-
4094.T,日本化学産業,化学,スタンダード（内国株式）,2294.0,-0.00606817092765817,0.21845011679862375,90.0,20.491533,0.05292,-
4095.T,日本パーカライジング,化学,プライム（内国株式）,1710.0,0.2434000249064875,0.23147876515486548,50.0,13.227325,0.06325,-
4097.T,高圧ガス工業,化学,プライム（内国株式）,1177.0,0.13578147537575264,0.23348090411936717,40.0,12.345679,0.053200003,-
4098.T,チタン工業,化学,スタンダード（内国株式）,1018.0,0.2497009101308278,0.6576632872741258,12.0,35.38961,0.09889,-
4099.T,四国化成ホールディングス,化学,プライム（内国株式）,2486.0,1.2959385002300412,0.6368985899457522,30.0,26.385225,0.09482,-
409A.T,オリオンビール,食料品,プライム（内国株式）,1195.0,-0.36869427997205073,0.3218354755826639,44.0,11.179415,0.33201998,-
4100.T,戸田工業,化学,スタンダード（内国株式）,1545.0,0.039703903095558546,0.7094277701503834,0.0,2.6434007,-0.23154,-
4102.T,丸尾カルシウム,化学,スタンダード（内国株式）,1444.0,0.09003546572445248,0.15014353291194205,60.0,18.976065,0.02211,-
4107.T,伊勢化学工業,化学,スタンダード（内国株式）,3905.0,0.4645865444370978,0.6273007825331701,40.0,40.0973,0.17181998,-
4109.T,ステラ　ケミファ,化学,プライム（内国株式）,5500.0,0.3531444541169126,0.41903015698869994,180.0,20.454453,0.05662,-
410A.T,ＧＭＯコマース,サービス業,グロース（内国株式）,1126.0,-0.3452575744541064,0.37929052462013507,40.3,13.563546,0.20583999,-
4112.T,保土谷化学工業,化学,プライム（内国株式）,2271.0,0.4784528816669138,0.3914501453563432,50.0,19.762678,0.05903,-
4113.T,田岡化学工業,化学,スタンダード（内国株式）,750.0,-0.4739944445799982,0.43557658469351607,36.0,7.278098,0.09206,-
4114.T,日本触媒,化学,プライム（内国株式）,2633.0,0.5134345641930379,0.23276403053417252,113.0,21.276796,0.04674,-
4116.T,大日精化工業,化学,プライム（内国株式）,1356.0,0.5189044489924143,0.26683521262612764,66.25,12.593943,0.053839996,-
4118.T,カネカ,化学,プライム（内国株式）,6185.0,0.46167028481665945,0.2222957459209697,160.0,12.180397,0.05547,中立
4119.T,日本ピグメントホールディングス,化学,スタンダード（内国株式）,5920.0,0.7082010178342907,0.36682916041443386,120.0,0.0,-0.04125,-
411A.T,日本マリタイムバンク,その他金融業,PRO Market,370.0,0.0,0.0,0.0,6.9055614,0.17465,-
4120.T,スガイ化学工業,化学,スタンダード（内国株式）,2960.0,0.45098039215686275,0.308956229861826,90.0,6.289273,0.022909999,-
4124.T,大阪油化工業,化学,スタンダード（内国株式）,2886.0,0.2016306562065693,0.25643116274566136,59.0,0.0,0.04378,-
4125.T,三和油化工業,化学,スタンダード（内国株式）,3820.0,1.5835887742074397,0.60001791996198,50.0,18.083553,0.06413,-
414A.T,オーバーラップホールディングス,情報・通信業,グロース（内国株式）,902.0,-0.32936802973977697,0.4121039966525377,0.0,9.445663,0.0,-
4151.T,協和キリン,医薬品,プライム（内国株式）,2576.5,0.005631946131216159,0.33349064375968446,67.0,20.449404,0.076869994,中立
415A.T,ＧＭＯ　ＴＥＣＨホールディングス,サービス業,グロース（内国株式）,5130.0,-0.2224181798117993,0.32787309147157967,246.6,4.121904,0.0,-
4165.T,プレイド,情報・通信業,グロース（内国株式）,734.0,-0.3487133984028394,0.5688979371103969,0.0,22.923712,0.22508,-
4166.T,かっこ,情報・通信業,グロース（内国株式）,632.0,-0.26254375729288215,0.5719235261879926,0.0,0.0,-0.17862,-
4167.T,ココペリ,情報・通信業,グロース（内国株式）,323.0,-0.09269662921348315,0.4646863257683305,0.0,17.415731,-0.15001,-
4168.T,ヤプリ,情報・通信業,グロース（内国株式）,748.0,-0.36689456997482917,0.38939615871357175,14.5,9.93997,0.35749,-
4169.T,ＥＮＥＣＨＡＮＧＥ,情報・通信業,グロース（内国株式）,306.0,-0.15,0.6867363120611102,0.0,10.236486,-0.5276,-
416A.T,富士ユナイトホールディングス,卸売業,スタンダード（内国株式）,1267.0,0.02261166543724527,0.22470616158703552,62.0,11.127446,0.08091,-
4170.T,Ｋａｉｚｅｎ　Ｐｌａｔｆｏｒｍ,情報・通信業,グロース（内国株式）,122.0,-0.46255506607929514,0.4968752992751651,0.0,100.58479,0.00977,-
4172.T,Ｈｉクラテス,情報・通信業,スタンダード（内国株式）,2291.0,0.02750679862875523,0.1781257839818659,93.0,11.834319,0.10939,-
4174.T,アピリッツ,情報・通信業,スタンダード（内国株式）,824.0,0.0886964294196064,0.4854270931063647,28.5,104.06091,-0.21871,-
4175.T,ｃｏｌｙ,情報・通信業,グロース（内国株式）,2770.0,0.3010803193987788,0.5384183872090703,0.0,75.18248,0.01349,-
4176.T,ココナラ,情報・通信業,グロース（内国株式）,291.0,-0.38085106382978723,0.4307039639605948,0.0,22.413794,0.0825,-
4177.T,ｉ‐ｐｌｕｇ,情報・通信業,グロース（内国株式）,1492.0,0.12054639369107373,0.3606708800381311,54.0,10.548212,0.3032,-
4178.T,Ｓｈａｒｉｎｇ　Ｉｎｎｏｖａｔｉｏｎｓ,情報・通信業,グロース（内国株式）,510.0,-0.3625,0.23198386630854,0.0,90.14778,0.014400001,-
4179.T,ジーネクスト,情報・通信業,グロース（内国株式）,360.0,0.03151862464183381,0.8300552525397437,0.0,0.0,-0.71055,-
417A.T,ブルーゾーンホールディングス,小売業,プライム（内国株式）,1861.5,0.044314912409736874,0.24345565351325701,110.0,16.75203,0.11476,-
4180.T,Ａｐｐｉｅｒ　Ｇｒｏｕｐ,情報・通信業,プライム（内国株式）,1305.0,-0.12823127717865732,0.6278001356371417,2.25,36.363636,0.07159,中立
4182.T,三菱瓦斯化学,化学,プライム（内国株式）,3829.0,0.5171845245782383,0.5929519858854233,100.0,14.969605,-0.01591,買い
4183.T,三井化学,化学,プライム（内国株式）,2143.0,0.1812851874049672,0.32953086539119103,75.0,41.495815,0.0298,買い
4186.T,東京応化工業,化学,プライム（内国株式）,8696.0,0.9168424368795953,0.5763793451230314,77.0,31.34822,0.05544,買い
4187.T,大阪有機化学工業,化学,プライム（内国株式）,4615.0,0.581294272778917,0.4902668699743962,83.0,11.342716,0.14529,買い
4188.T,三菱ケミカルグループ,化学,プライム（内国株式）,1147.5,0.39888514137671355,0.36221801790905084,32.0,37.73041,0.03679,中立
4189.T,ＫＨネオケム,化学,プライム（内国株式）,3390.0,0.26050001366217074,0.302469100744551,107.5,13.422912,0.11003,-
4192.T,スパイダープラス,情報・通信業,グロース（内国株式）,281.0,-0.4096638655462185,0.5127451097892954,0.0,22.96,-0.00641,-
4193.T,ファブリカホールディングス,情報・通信業,スタンダード（内国株式）,2164.0,-0.04739773765474457,0.22314987504438524,38.0,37.469376,0.065,-
4194.T,ビジョナル,情報・通信業,プライム（内国株式）,9261.0,-0.24768480909829407,0.4164611114040668,0.0,17.451954,0.26342,-
4196.T,ネオマーケティング,情報・通信業,スタンダード（内国株式）,1999.0,0.4008409250175193,0.24228662773088944,0.0,135.15038,0.05552,-
4197.T,アスマーク,情報・通信業,スタンダード（内国株式）,2350.0,-0.01041645248444523,0.1312018992736576,78.0,13.908019,0.0,-
4198.T,テンダ,情報・通信業,スタンダード（内国株式）,500.0,-0.25823983536401346,0.19278611113983027,22.0,831.8182,0.01435,-
4199.T,ワンダープラネット,情報・通信業,グロース（内国株式）,808.0,-0.37702390131071706,0.8687432713451649,0.0,0.0,0.0,-
419A.T,ラングローブ,小売業,PRO Market,2700.0,0.0,0.0,0.0,14.749263,0.12622,-
4202.T,ダイセル,化学,プライム（内国株式）,1465.5,0.12942175229212283,0.29663985912887586,60.0,9.267827,0.10627,中立
4203.T,住友ベークライト,化学,プライム（内国株式）,7171.0,0.5086632884017733,0.41035550227688944,110.0,23.14848,0.08133,-
4204.T,積水化学工業,化学,プライム（内国株式）,2643.0,-0.049166427547006446,0.2339741049209953,80.0,15.797988,0.0,-
4205.T,日本ゼオン,化学,プライム（内国株式）,2399.5,0.48262999305249504,0.31155860680987696,76.0,10.060241,0.09689,買い
4206.T,アイカ工業,化学,プライム（内国株式）,4077.0,0.11157149448840156,0.17907638909925364,138.0,14.472045,0.10466,-
4208.T,ＵＢＥ,化学,プライム（内国株式）,3568.0,0.568906921255398,0.34345536732533516,110.0,41.66526,0.08762,買い
4212.T,積水樹脂,化学,プライム（内国株式）,2873.0,0.35291940697291413,0.2704907979627025,72.0,18.383068,0.04504,-
4216.T,旭有機材,化学,プライム（内国株式）,5990.0,0.39145742379748444,0.40130232264532795,120.0,16.154955,0.07391,-
4218.T,ニチバン,化学,プライム（内国株式）,1958.0,0.0032749803175302922,0.12369039595086244,40.0,21.404379,0.03593,-
421A.T,ムービン・ストラテジック・キャリア,サービス業,グロース（内国株式）,4125.0,0.6369047619047619,0.7195872733638534,0.0,14.853365,0.41157,-
4220.T,リケンテクノス,化学,プライム（内国株式）,2659.0,1.2885811792032669,0.4304366583292417,54.0,11.248658,0.13674,-
4221.T,大倉工業,化学,プライム（内国株式）,5680.0,0.24282001629295263,0.2664784704194831,210.0,14.492754,0.06099,-
4222.T,児玉化学工業,化学,スタンダード（内国株式）,679.0,-0.18126501494401598,0.6908073226504327,10.0,0.7648772,1.33781,-
4224.T,ロンシール工業,化学,スタンダード（内国株式）,2154.0,0.22932143432147994,0.22338682152087788,85.0,48.539,0.01198,-
4228.T,積水化成品工業,化学,プライム（内国株式）,607.0,0.701580060087744,0.4310134771267288,15.0,7.3786407,-0.16943,-
4229.T,群栄化学工業,化学,プライム（内国株式）,4495.0,0.47593605179218035,0.4797795897770736,100.0,18.248302,0.04603,-
422A.T,ｔａｎｅ　ＣＲＥＡＴＩＶＥ,情報・通信業,PRO Market,2450.0,0.0,0.0,0.0,42.19046,0.14925,-
4231.T,タイガースポリマー,化学,スタンダード（内国株式）,1019.0,0.12374036625949777,0.30004565737352445,38.0,5.326766,0.095410004,-
4234.T,サンエー化研,化学,スタンダード（内国株式）,975.0,0.779230768716707,0.5057157413551613,18.0,14.315392,0.01689,-
4235.T,ウルトラファブリックス・ホールディングス,化学,スタンダード（内国株式）,691.0,0.03506241681970576,0.24320112930050403,35.0,18.97507,0.36705002,-
4237.T,フジプレアム,化学,スタンダード（内国株式）,337.0,0.036923076923076927,0.5076286337154582,6.0,55.266758,0.0005,-
4238.T,ミライアル,化学,スタンダード（内国株式）,1707.0,0.6102655386157013,0.4748276332421386,70.0,17.355001,0.02665,-
423A.T,ライオン事務器,卸売業,スタンダード（内国株式）,318.0,-0.28215725157835897,0.3393643070179302,8.0,9.947299,0.0,-
4240.T,クラスターテクノロジー,化学,スタンダード（内国株式）,331.0,-0.0911678729730776,0.5611597119612876,6.0,11.522262,0.120179996,-
4241.T,アテクト,化学,スタンダード（内国株式）,661.0,0.566710322126953,0.643071651479986,10.0,31.244404,0.07443,-
4242.T,タカギセイコー,化学,スタンダード（内国株式）,1797.0,0.3338570532707443,0.32287879616767007,50.0,0.0,-0.12177,-
4243.T,ニックス,化学,スタンダード（内国株式）,1030.0,0.3496172803270652,0.35686791397615114,20.0,9.9700775,0.04918,-
4245.T,ダイキアクシス,化学,スタンダード（内国株式）,712.0,0.10090100853727602,0.16404776750697903,24.0,20.574713,0.04829,-
4246.T,ダイキョーニシカワ,化学,プライム（内国株式）,1118.0,0.5481462580707487,0.30455221494250356,52.0,8.62103,0.10488,-
4247.T,ポバール興業,化学,スタンダード（内国株式）,1372.0,0.15898632171376254,0.2927781919964483,41.0,18.97495,0.03663,-
4248.T,竹本容器,化学,スタンダード（内国株式）,885.0,0.1130643260021758,0.09139973229263183,37.0,13.967357,0.064899996,-
4249.T,森六,化学,プライム（内国株式）,2909.0,0.22223605876532582,0.2597639432344623,115.0,0.0,-0.09842,-
4251.T,恵和,化学,プライム（内国株式）,1182.0,0.09537919932668236,0.31462165936341274,40.0,10.090917,0.09688,-
4255.T,ＴＨＥＣＯＯ,情報・通信業,グロース（内国株式）,3530.0,2.118374558303887,0.7727118108356592,0.0,24.77042,0.38926,-
4256.T,サインド,情報・通信業,グロース（内国株式）,959.0,-0.02142857142857143,0.39838957744239367,0.0,48.067738,0.061869998,-
4258.T,網屋,情報・通信業,グロース（内国株式）,4605.0,0.17022051447048273,0.6570827389351332,15.73,33.55591,0.30264,-
4259.T,エクサウィザーズ,情報・通信業,グロース（内国株式）,804.0,0.5826771653543307,0.7142750779201426,0.0,214.6875,-0.31689,-
4260.T,ハイブリッドテクノロジーズ,情報・通信業,グロース（内国株式）,207.0,-0.4609375,0.34371942306064124,0.0,166.87898,-0.0108,-
4261.T,アジアクエスト,情報・通信業,グロース（内国株式）,2915.0,0.04555236728837877,0.48457938030550185,0.0,19.305414,0.1586,-
4262.T,ニフティライフスタイル,情報・通信業,グロース（内国株式）,1373.0,0.015298052687896581,0.18062442208949586,59.0,12.406816,0.1234,-
4263.T,サスメド,情報・通信業,グロース（内国株式）,576.0,-0.2558139534883721,0.6460994659094526,0.0,57.454544,-0.060539998,-
4264.T,セキュア,情報・通信業,グロース（内国株式）,1501.0,-0.0734567901234568,0.37126437816975877,0.0,53.764076,0.0889,-
4265.T,Ｉｎｓｔｉｔｕｔｉｏｎ　ｆｏｒ　ａ　Ｇｌｏｂａｌ　Ｓｏｃｉｅｔｙ,情報・通信業,グロース（内国株式）,294.0,0.00684931506849315,0.9914104591976055,0.0,4.273183,-0.17297001,-
4270.T,ＢｅｅＸ,情報・通信業,グロース（内国株式）,1886.0,-0.2173297043361545,0.32870300640987954,25.0,11.037234,0.15969,-
4272.T,日本化薬,化学,プライム（内国株式）,2084.5,0.5310234393421958,0.3068603710752394,66.0,12.264732,0.07911,-
4274.T,細谷火工,化学,スタンダード（内国株式）,1103.0,0.09009326645026323,0.43120671407340433,15.0,33.43949,0.03848,-
4275.T,カーリット,化学,プライム（内国株式）,2102.0,0.5553934888318784,0.5566088901044812,42.0,23.499662,0.087,-
4284.T,ソルクシーズ,情報・通信業,スタンダード（内国株式）,442.0,-0.058083641984461566,0.29820832703010053,14.0,12.2416525,0.11309,-
4286.T,ＣＬホールディングス,サービス業,スタンダード（内国株式）,1332.0,0.489500596762922,0.4166263623204664,18.0,18.887741,0.07621,-
4287.T,ジャストプランニング,情報・通信業,スタンダード（内国株式）,490.0,0.11179492861000706,0.3229417895141514,11.0,13.888889,0.13365,-
4288.T,アズジェント,情報・通信業,スタンダード（内国株式）,469.0,-0.17137809187279152,0.6704042442788571,0.0,0.0,0.22186,-
428A.T,サイプレス・ホールディングス,小売業,スタンダード（内国株式）,1436.0,1.1659125188536954,0.3747716864072149,0.0,25.70413,0.0,強気買い
4290.T,プレステージ・インターナショナル,サービス業,プライム（内国株式）,736.0,0.08003604113561821,0.2300184345066649,26.0,16.686646,0.12312999,-
4293.T,セプテーニ・ホールディングス,サービス業,スタンダード（内国株式）,511.0,0.3225785864269028,0.35374656539223526,27.0,25.08918,0.051119998,買い
4299.T,ハイマックス,情報・通信業,スタンダード（内国株式）,1213.0,0.03589107736822743,0.20920402502129154,46.0,11.687566,0.10637,-
429A.T,テクセンドフォトマスク,その他製品,プライム（内国株式）,3630.0,0.09601877472329699,0.7080826250073632,56.0,29.542961,0.0,中立
4301.T,アミューズ,サービス業,プライム（内国株式）,1933.0,-0.02614023792232079,0.2246287632260633,40.0,6.9707313,0.14023,-
4307.T,野村総合研究所,情報・通信業,プライム（内国株式）,5012.0,-0.1606119469357268,0.48677594620009856,77.0,24.81292,0.22697,買い
4308.T,Ｊストリーム,情報・通信業,グロース（内国株式）,356.0,0.012855653798683638,0.2409570744171352,14.0,18.195265,0.04356,-
430A.T,ネクストハンズ,情報・通信業,PRO Market,2480.0,0.0,0.0,0.0,21.505377,0.115380004,-
4310.T,ドリームインキュベータ,サービス業,プライム（内国株式）,2544.0,-0.018883451226421107,0.28605559280270776,137.0,20.68322,0.07447,-
4316.T,ビーマップ,情報・通信業,グロース（内国株式）,81.0,-0.9518143961927424,1.3631716097520505,0.0,0.0,-0.53535,-
4317.T,レイ,サービス業,スタンダード（内国株式）,558.0,0.09561811929718345,0.2973418534988475,20.0,6.793315,0.19201,-
4318.T,クイック,サービス業,プライム（内国株式）,856.0,0.16338066560714531,0.27556284637538797,37.666668,15.944414,0.21108,-
431A.T,ユーソナー,情報・通信業,グロース（内国株式）,2175.0,-0.23684210526315788,0.6161013018921543,0.0,26.135517,0.25606,-
4320.T,ＣＥホールディングス,情報・通信業,スタンダード（内国株式）,1675.0,1.4219202705739051,0.44333301834635025,52.0,12.491142,0.25094,-
4323.T,日本システム技術,情報・通信業,プライム（内国株式）,1954.0,-0.061314568031549166,0.39614981373117814,45.0,17.512428,0.18988001,-
4324.T,電通グループ,サービス業,プライム（内国株式）,3519.0,0.27269439421338154,0.3553605776674472,0.0,9.156086,-0.52415,買い
4326.T,インテージホールディングス,情報・通信業,プライム（内国株式）,1925.0,0.0911685826260105,0.2087350566378751,48.0,23.996054,0.11282,-
432A.T,クリニファー,卸売業,PRO Market,1450.0,0.0,0.0,0.0,7.621951,0.2017,-
4331.T,テイクアンドギヴ・ニーズ,サービス業,プライム（内国株式）,752.0,-0.0755548032401285,0.2222792285393171,51.0,4.9305553,0.0,-
4334.T,ユークス,情報・通信業,スタンダード（内国株式）,378.0,-0.09474298742683977,0.27774042671869853,10.0,15.864811,0.06848,-
4335.T,ＩＰＳホールディングス,情報・通信業,スタンダード（内国株式）,1100.0,-0.013112466431400354,0.12486929701442614,38.0,10.029736,0.17729001,-
4337.T,ぴあ,サービス業,プライム（内国株式）,2822.0,-0.15125152253081262,0.35460756929421083,35.0,18.902342,0.38563,-
433A.T,ＭＪＥ,卸売業,PRO Market,710.0,0.018651362984218076,0.020579066561766945,13.0,13.263591,0.17937,-
4341.T,西菱電機,サービス業,スタンダード（内国株式）,906.0,0.15321013078811282,0.29756190593783616,33.0,6.4601555,0.11243,-
4343.T,イオンファンタジー,サービス業,プライム（内国株式）,2905.0,-0.2303437155724272,0.27940724506841375,15.0,18.123184,0.18395,中立
4344.T,ソースネクスト,情報・通信業,プライム（内国株式）,114.0,-0.3485714285714286,0.33842836987343167,0.0,22.882881,0.0,-
4345.T,シーティーエス,サービス業,プライム（内国株式）,838.0,-0.08050356753947599,0.2465223810751589,29.0,15.702064,0.19347,-
4346.T,ＮＥＸＹＺ．Ｇｒｏｕｐ,その他金融業,スタンダード（内国株式）,868.0,-0.16868589549112745,0.42925620343578674,30.0,10.777683,0.18622999,-
4347.T,ブロードメディア,サービス業,スタンダード（内国株式）,1640.0,-0.07499098220035413,0.3707125687690286,60.0,29.952116,0.13813,-
434A.T,ＬＯＯＰＬＡＣＥ,不動産業,PRO Market,930.0,0.0,0.0,0.0,15.575281,0.15607001,-
4350.T,メディカルシステムネットワーク,小売業,スタンダード（内国株式）,486.0,0.034376085103696455,0.253973285274189,12.0,10.499806,0.052020002,-
4351.T,山田再生系債権回収総合事務所,その他金融業,スタンダード（内国株式）,824.0,-0.021861164063822824,0.6311738682794538,10.0,54.883163,0.021140002,-
4356.T,応用技術,情報・通信業,スタンダード（内国株式）,1650.0,0.06330624302236744,0.3295635855372231,40.0,10.614665,0.06505,-
4360.T,マナック・ケミカル・パートナーズ,化学,スタンダード（内国株式）,894.0,0.53027622771705,0.5231790286573444,12.5,0.0,-0.01935,-
4361.T,川口化学工業,化学,スタンダード（内国株式）,1535.0,0.10646624472481021,0.35754310193820527,60.0,6.180142,0.09912,-
4362.T,日本精化,化学,プライム（内国株式）,2724.0,0.04792276095873698,0.2837099596528888,98.0,12.162293,0.09232,-
4365.T,松本油脂製薬,化学,スタンダード（内国株式）,20910.0,0.08623376623376623,0.07273389235622035,450.0,8.708027,0.081140004,-
4366.T,ダイトーケミックス,化学,スタンダード（内国株式）,438.0,0.6025135744408603,0.5820446079185123,8.0,17.294725,0.054780003,-
4368.T,扶桑化学工業,化学,プライム（内国株式）,3075.0,1.0098622911140764,0.5986548347778695,27.332667,25.045088,0.12186,強気買い
4369.T,トリケミカル研究所,化学,プライム（内国株式）,3170.0,0.060701440979350325,0.6453865295823412,35.0,17.565577,0.16284001,買い
436A.T,サイバーソリューションズ,情報・通信業,グロース（内国株式）,1163.0,-0.3582356048877661,0.4529531557105316,32.0,15.474315,0.0,-
4370.T,モビルス,情報・通信業,グロース（内国株式）,300.0,-0.5033112582781457,0.4794077067784603,0.0,23.405655,0.05572,-
4371.T,コアコンセプト・テクノロジー,情報・通信業,グロース（内国株式）,1308.0,0.10999030389418814,0.5752399899405474,19.0,10.714698,0.32446998,-
4372.T,ユミルリンク,情報・通信業,グロース（内国株式）,1289.0,-0.05329261696504786,0.35266647147237984,19.0,12.375818,0.12385,-
4373.T,シンプレクス・ホールディングス,情報・通信業,プライム（内国株式）,1166.0,0.04023278351923351,0.4143243435175705,18.0,19.572952,0.20173,-
4374.T,ＲＯＢＯＴ　ＰＡＹＭＥＮＴ,情報・通信業,グロース（内国株式）,2475.0,-0.179572906256315,0.37564432227290323,28.0,17.006804,0.44499,-
4375.T,セーフィー,情報・通信業,グロース（内国株式）,667.0,-0.3683712121212121,0.40123927225034706,0.0,94.215935,0.04902,-
4376.T,くふうカンパニーホールディングス,情報・通信業,グロース（内国株式）,162.0,-0.03571428571428571,0.3688918604903427,0.0,13.636364,-0.16837999,-
4377.T,ワンキャリア,情報・通信業,グロース（内国株式）,2443.0,-0.11402850241088226,0.46005519822272967,25.0,24.39926,0.31381,-
4378.T,ＣＩＮＣ,情報・通信業,グロース（内国株式）,500.0,-0.15682967959527824,0.9342706249289845,0.0,0.0,0.0,-
4379.T,Ｐｈｏｔｏｓｙｎｔｈ,情報・通信業,グロース（内国株式）,431.0,0.23142857142857143,0.48016454968815586,0.0,25.59872,0.098620005,-
437A.T,ジェイウェイブ,サービス業,PRO Market,1024.0,0.02914572864321608,0.03263451470317692,29.0,4.750638,0.39341,-
4380.T,Ｍマート,情報・通信業,グロース（内国株式）,665.0,0.05131918105376044,0.2814221197804695,12.5,14.8445215,0.2245,-
4381.T,ビープラッツ,情報・通信業,グロース（内国株式）,355.0,-0.2510548523206751,1.1980883045792434,0.0,0.0,0.0,-
4382.T,ＨＥＲＯＺ,情報・通信業,スタンダード（内国株式）,766.0,-0.31362007168458783,0.3865999338015084,0.0,64.9624,0.038399998,強気買い
4385.T,メルカリ,情報・通信業,プライム（内国株式）,4745.0,1.10561349012647,0.49480380447462774,0.0,21.259434,0.30584,買い
4386.T,ＳＩＧグループ,情報・通信業,スタンダード（内国株式）,903.0,0.229137910837614,0.26098661347524665,29.0,10.43834,0.21184,-
4387.T,ＺＵＵ,情報・通信業,グロース（内国株式）,496.0,-0.28633093525179854,0.3339269293229837,0.0,416.66666,0.04073,-
4388.T,エーアイ,情報・通信業,スタンダード（内国株式）,370.0,-0.2947993944800808,0.27850322158938534,4.0,21.091112,0.04684,-
4389.T,プロパティデータバンク,情報・通信業,グロース（内国株式）,1044.0,0.06409002486520719,0.41327442319074226,32.0,15.674222,0.16114001,-
438A.T,インフキュリオン,情報・通信業,グロース（内国株式）,1020.0,-0.2970365265334252,0.6385572628167163,0.0,227.02702,0.0,-
4390.T,ＩＰＳ,情報・通信業,プライム（内国株式）,4065.0,0.4248706082098749,0.45539895130416025,40.0,12.789155,0.18786,強気買い
4391.T,ロジザード,情報・通信業,グロース（内国株式）,1129.0,-0.07342385935806268,0.2520255057430115,19.0,16.169884,0.16024,-
4392.T,ＦＩＧ,情報・通信業,プライム（内国株式）,1132.0,3.0218999573775958,1.1840920122278062,10.0,12.90196,0.0,-
4393.T,バンク・オブ・イノベーション,情報・通信業,グロース（内国株式）,5420.0,-0.5762314308053167,0.4545409747346347,0.0,15.089566,0.19985001,-
4394.T,エクスモーション,情報・通信業,グロース（内国株式）,556.0,0.3911031437741385,0.2898374336765802,12.5,20.203938,0.08845,-
4395.T,アクリート,情報・通信業,グロース（内国株式）,693.0,-0.2453524732142317,0.8925662561738391,10.0,25.141489,0.10852,-
4396.T,システムサポートホールディングス,情報・通信業,プライム（内国株式）,1394.0,0.012896377772678646,0.3831840889015018,32.0,13.512177,0.27657,-
4397.T,チームスピリット,情報・通信業,グロース（内国株式）,417.0,-0.27225130890052357,0.3718440122808498,0.0,19.0368,0.0,-
4398.T,ブロードバンドセキュリティ,情報・通信業,スタンダード（内国株式）,1290.0,0.016727736639530335,0.24293663063146526,16.0,29.410376,0.08623,-
439A.T,アクトビ,情報・通信業,PRO Market,5000.0,0.0,0.0,0.0,23.474178,0.0,-
4401.T,ＡＤＥＫＡ,化学,プライム（内国株式）,4572.0,0.4111477959519076,0.3690535289709909,112.0,15.329838,0.0817,-
4403.T,日油,化学,プライム（内国株式）,2782.0,0.024203865165469223,0.31605652903910175,61.0,21.882336,0.12353,-
4404.T,ミヨシ油脂,食料品,スタンダード（内国株式）,2128.0,0.052670111080442124,0.27236560293999995,100.0,2.388677,0.26101,-
4406.T,新日本理化,化学,スタンダード（内国株式）,245.0,0.08936591496534092,0.38944558288859077,4.5,16.401274,0.01049,-
4409.T,東邦化学工業,化学,スタンダード（内国株式）,779.0,-0.012119920227385698,0.1596060147528612,22.0,13.1757345,0.05659,-
4410.T,ハリマ化成グループ,化学,プライム（内国株式）,1166.0,0.416912513380153,0.33053135298964903,42.0,23.009708,0.04822,-
4412.T,サイエンスアーツ,情報・通信業,グロース（内国株式）,1236.0,0.006514657980456026,0.6578948476386752,0.0,134.01122,0.121709995,-
4413.T,ボードルア,情報・通信業,プライム（内国株式）,3020.0,-0.031065782834197128,0.5002038404697206,7.58,29.917025,0.32797,-
4414.T,フレクト,情報・通信業,グロース（内国株式）,1133.0,-0.3761013215859031,0.4315419772706332,0.0,10.131685,0.25643998,-
4415.T,ブロードエンタープライズ,情報・通信業,グロース（内国株式）,1335.0,0.5988023952095808,0.6199657861032899,0.0,19.148935,0.29368,-
4416.T,Ｔｒｕｅ　Ｄａｔａ,情報・通信業,グロース（内国株式）,400.0,-0.5789473684210527,0.4279628916798577,0.0,49.94463,0.04402,-
4417.T,グローバルセキュリティエキスパート,情報・通信業,グロース（内国株式）,4500.0,0.4200897864711023,0.6392139347090572,34.599999999999994,56.43743,0.0,-
4418.T,ＪＤＳＣ,情報・通信業,グロース（内国株式）,1043.0,-0.006666666666666667,0.7606245233232058,0.0,26.01651,0.099209994,強気買い
4419.T,Ｆｉｎａｔｅｘｔホールディングス,情報・通信業,グロース（内国株式）,1380.0,-0.007194244604316547,0.7032906759825264,0.0,60.800472,0.11806,-
441A.T,ＮＥ,情報・通信業,グロース（内国株式）,276.0,-0.21813031161473087,0.47206882981684867,0.0,10.313138,0.29357,-
4420.T,イーソル,情報・通信業,スタンダード（内国株式）,702.0,0.36290101450000084,0.5666344063788616,5.5,18.178904,0.10981,-
4421.T,ディ・アイ・システム,情報・通信業,スタンダード（内国株式）,938.0,-0.02021876492238289,0.2036335624654115,27.0,10.62692,0.14965999,-
4422.T,ＶＡＬＵＥＮＥＸ,情報・通信業,グロース（内国株式）,571.0,2.000000080168771,1.394935514011228,0.0,67.01613,0.14882,-
4424.T,Ａｍａｚｉａ,情報・通信業,グロース（内国株式）,337.0,0.12333333333333334,1.007042744732624,0.0,0.0,0.0,-
4425.T,Ｋｕｄａｎ,情報・通信業,グロース（内国株式）,1395.0,0.3197729422894986,0.782060482146577,0.0,-204.89084,-0.17343001,-
4426.T,パスロジ,情報・通信業,PRO Market,163.0,0.11643835616438356,0.11857501798211463,17.0,8.849077,0.0,-
4427.T,ＥｄｕＬａｂ,情報・通信業,グロース（内国株式）,218.0,-0.41711229946524064,0.7162885216077997,0.0,148.125,-0.05057,-
4428.T,シノプス,情報・通信業,グロース（内国株式）,697.0,-0.27758806675342623,0.27543036594496734,16.0,20.080553,0.11851,-
4429.T,リックソフト,情報・通信業,グロース（内国株式）,716.0,-0.3095467695274831,0.2959105065594431,0.0,15.059959,0.104090005,-
442A.T,クラシコ,繊維製品,グロース（内国株式）,984.0,-0.7200568990042674,0.6336894178795567,0.0,13.964879,0.0,-
4430.T,東海ソフト,情報・通信業,スタンダード（内国株式）,1663.0,0.05091921998694923,0.20456029849987678,65.0,9.713199,0.0,-
4431.T,スマレジ,情報・通信業,グロース（内国株式）,3395.0,-0.016732472763064114,0.5001792078963235,24.0,24.580696,0.23876,-
4432.T,ウイングアーク１ｓｔ,情報・通信業,プライム（内国株式）,3320.0,-0.035177202837470375,0.33133603747981283,104.0,14.637285,0.13116,-
4433.T,ヒト・コミュニケーションズ・ホールディングス,サービス業,プライム（内国株式）,910.0,-0.19065638224254036,0.1868870714271552,37.0,19.832811,0.16949,-
4434.T,サーバーワークス,情報・通信業,スタンダード（内国株式）,2446.0,0.1858082925017523,0.405166986164887,25.0,19.568203,-0.029830001,-
4436.T,ミンカブ・ジ・インフォノイド,情報・通信業,グロース（内国株式）,422.0,-0.18058252427184465,0.41272437688253505,0.0,7.2270365,-1.42638,-
4437.T,ｇｏｏｄｄａｙｓホールディングス,情報・通信業,グロース（内国株式）,786.0,0.08438578490419711,0.43637268079155617,5.0,23.096067,0.19607,-
4438.T,Ｗｅｌｂｙ,情報・通信業,グロース（内国株式）,260.0,-0.19753086419753085,0.7863582472897442,0.0,77.44186,-0.9352,-
4439.T,東名,情報・通信業,スタンダード（内国株式）,772.0,-0.1809910136891001,0.40790881878075613,12.0,12.11666,0.27204,-
4440.T,ヴィッツ,情報・通信業,スタンダード（内国株式）,1170.0,-0.1921643148086605,0.5304351365702452,15.0,14.809948,0.18745,-
4441.T,トビラシステムズ,情報・通信業,スタンダード（内国株式）,1456.0,0.213474179487996,0.4112685655446223,21.3,23.363266,0.25867,-
4442.T,バルテス・ホールディングス,情報・通信業,グロース（内国株式）,404.0,-0.06306355784925768,0.2520245025390267,4.0,16.116505,0.17934999,-
4443.T,Ｓａｎｓａｎ,情報・通信業,プライム（内国株式）,2231.0,0.1705374056866425,0.5516395743815429,2.5,76.77579,0.12727,買い
4444.T,インフォネット,情報・通信業,グロース（内国株式）,951.0,-0.12430939226519337,0.2379671525649419,0.0,0.0,0.0,-
4445.T,リビン・テクノロジーズ,情報・通信業,グロース（内国株式）,1880.0,0.009395973154362415,0.3033804890616555,0.0,14.421446,0.19233999,-
4446.T,Ｌｉｎｋ－Ｕグループ,情報・通信業,スタンダード（内国株式）,855.0,1.348901098901099,1.1594184372742857,0.0,0.0,0.0,-
4447.T,ピー・ビーシステムズ,情報・通信業,グロース（内国株式）,500.0,-0.13565573100238928,0.19263840654542055,30.0,34.12527,0.049889997,-
4448.T,ｋｕｂｅｌｌ,情報・通信業,グロース（内国株式）,365.0,-0.18344519015659955,0.4727284912068263,0.0,56.916996,0.119540006,-
444A.T,アイテル,卸売業,PRO Market,1945.0,0.050783360345759046,0.05943096659231476,94.0,312.701,0.15135,-
4450.T,パワーソリューションズ,情報・通信業,グロース（内国株式）,2245.0,0.08906470324753876,0.26583159182203187,25.5,19.504267,0.12073,-
4452.T,花王,化学,プライム（内国株式）,3556.0,0.06430657083648757,0.2407609332268227,77.5,26.43455,0.10995,買い
445A.T,東洋コーポレーション,不動産業,PRO Market,274.0,0.0,0.0,0.0,31.74971,0.03333,-
4461.T,第一工業製薬,化学,プライム（内国株式）,13840.0,1.4341672706786806,0.7241867592594279,150.0,23.16219,0.0,-
4462.T,石原ケミカル,化学,プライム（内国株式）,2995.0,0.5159787670636153,0.4493767287368336,44.0,14.05945,0.111949995,-
4463.T,日華化学,化学,スタンダード（内国株式）,2000.0,0.5789128783936411,0.30004584697423037,65.0,11.08671,0.07198,-
4464.T,ソフト９９コーポレーション,化学,スタンダード（内国株式）,3560.0,0.46793630851531837,0.5424835003461845,47.0,27.472935,0.05669,-
4465.T,ニイタカ,化学,スタンダード（内国株式）,2383.0,0.15559118874220718,0.23088525661628753,77.0,6.777715,0.10569,-
446A.T,ノースサンド,サービス業,グロース（内国株式）,1985.0,0.35310156782549423,0.769213192482302,0.0,19.446991,0.0,-
4471.T,三洋化成工業,化学,プライム（内国株式）,6360.0,0.6074802686810029,0.31977043480247463,170.0,8.436765,0.09594,-
4475.T,ＨＥＮＮＧＥ,情報・通信業,グロース（内国株式）,1512.0,-0.15717738789512975,0.4675591680752922,8.0,22.595926,0.3763,-
4476.T,ＡＩ　ＣＲＯＳＳ,情報・通信業,グロース（内国株式）,1097.0,-0.363319791062101,0.4001419604017981,0.0,22.989594,0.09034,-
4477.T,ＢＡＳＥ,情報・通信業,グロース（内国株式）,312.0,-0.16631580595434658,0.35823690112481515,5.0,19.053707,0.12745,-
4478.T,フリー,情報・通信業,グロース（内国株式）,3780.0,0.13343328335832083,0.629357810432926,0.0,134.9292,0.045560002,買い
4479.T,マクアケ,情報・通信業,グロース（内国株式）,920.0,-0.2183517417162277,0.6283435106200311,0.0,29.500471,0.109639995,-
4480.T,メドレー,情報・通信業,プライム（内国株式）,2863.0,0.050642201834862385,0.514046181799743,0.0,69.154884,0.05568,買い
4481.T,ベース,情報・通信業,プライム（内国株式）,3360.0,-0.03221995573792441,0.26699750053415217,153.0,14.727864,0.29975998,-
4482.T,ウィルズ,情報・通信業,グロース（内国株式）,728.0,0.0680516280160966,0.2541184259641246,15.5,17.927036,0.35446,-
4483.T,ＪＭＤＣ,情報・通信業,プライム（内国株式）,3365.0,-0.22040844076371358,0.5056991261411896,18.0,38.378143,0.08868,強気買い
4484.T,ランサーズ,情報・通信業,グロース（内国株式）,290.0,0.03884053103883069,0.2581573994347851,2.0,29.305136,0.1445,-
4486.T,ユナイトアンドグロウ,情報・通信業,グロース（内国株式）,678.0,-0.06491803687160178,0.28301849231600146,13.0,12.608611,0.18837999,-
4487.T,スペースマーケット,情報・通信業,グロース（内国株式）,225.0,-0.4155844155844156,0.39336997382641636,0.0,16.751844,0.24208,-
4488.T,ＡＩ　ｉｎｓｉｄｅ,情報・通信業,グロース（内国株式）,2156.0,-0.32413793103448274,0.3600571382164017,0.0,18.742811,-0.08179,-
4490.T,ビザスク,情報・通信業,グロース（内国株式）,665.0,-0.11333333333333333,0.4780153812158649,0.0,17.216595,0.71724,-
4491.T,コンピューターマネージメント,情報・通信業,スタンダード（内国株式）,3250.0,0.15430786098220917,0.37235950492088604,60.0,15.138751,0.120179996,-
4492.T,ゼネテック,情報・通信業,スタンダード（内国株式）,373.0,-0.20536932020242224,0.301810808821895,22.0,17.362877,0.17135,-
4493.T,サイバーセキュリティクラウド,情報・通信業,グロース（内国株式）,1874.0,0.04982261113132247,0.4757789620988914,5.0,20.538347,0.26808,-
4495.T,アイキューブドシステムズ,情報・通信業,グロース（内国株式）,1918.0,-0.1074232070956881,0.42426573118460675,38.0,14.896292,0.25608,-
4496.T,コマースＯｎｅホールディングス,情報・通信業,グロース（内国株式）,778.0,-0.041646736610949725,0.261623136081408,21.0,31.44394,0.086,-
4498.T,サイバートラスト,情報・通信業,グロース（内国株式）,1313.0,-0.06730226438189556,0.4354478810433604,12.0,21.660254,0.13874,-
4499.T,Ｓｐｅｅｅ,情報・通信業,スタンダード（内国株式）,2631.0,-0.22389380530973452,0.8277788473254587,0.0,19.155617,-0.19285,-
4502.T,武田薬品工業,医薬品,プライム（内国株式）,5764.0,0.3235397268039434,0.22243199088056104,200.0,81.627144,0.01503,買い
4503.T,アステラス製薬,医薬品,プライム（内国株式）,2387.0,0.47964113849934004,0.2953860026173081,78.0,37.316338,0.19815001,買い
4506.T,住友ファーマ,医薬品,プライム（内国株式）,1411.5,0.0031982942430703624,0.7134733169955634,0.0,5.277892,0.48386002,中立
4507.T,塩野義製薬,医薬品,プライム（内国株式）,2919.0,0.1499949695876466,0.27889580009300047,71.0,16.812838,0.13512,買い
4512.T,わかもと製薬,医薬品,スタンダード（内国株式）,297.0,-0.03870497888026434,0.32020137664836257,3.5,166.50485,-0.0183,-
4516.T,日本新薬,医薬品,プライム（内国株式）,3667.0,0.17301414088182204,0.43815257031520893,124.0,10.912083,0.11224,買い
4519.T,中外製薬,医薬品,プライム（内国株式）,7011.0,0.14280092929746355,0.4072484831362501,213.0,32.48779,0.22103001,買い
4521.T,科研製薬,医薬品,プライム（内国株式）,3985.0,0.08092372166712161,0.17999126143560232,190.0,293.33334,-0.02546,中立
4523.T,エーザイ,医薬品,プライム（内国株式）,4902.0,0.09206658070209141,0.30924492384857505,160.0,29.081545,0.04887,買い
4524.T,森下仁丹,医薬品,スタンダード（内国株式）,2238.0,0.041246872629553726,0.08489109180192037,65.0,15.674534,0.044710003,-
4526.T,理研ビタミン,食料品,プライム（内国株式）,3340.0,0.19277144568993718,0.18301004249282693,110.0,9.387962,0.11729,-
4527.T,ロート製薬,医薬品,プライム（内国株式）,2866.5,0.15963674042193682,0.3288944049530788,46.0,16.04223,0.12199,買い
4528.T,小野薬品工業,医薬品,プライム（内国株式）,2448.0,0.5292111971356328,0.2607201151137062,80.0,22.65583,0.075,-
4531.T,有機合成薬品工業,化学,スタンダード（内国株式）,360.0,0.34713115905436065,0.5866588435730996,10.0,11.9491,0.05076,-
4534.T,持田製薬,医薬品,プライム（内国株式）,3260.0,0.05241778202820028,0.2473348097682213,80.0,18.589912,0.04797,-
4536.T,参天製薬,医薬品,プライム（内国株式）,1879.5,0.22617785828310488,0.29591645653527426,38.0,20.141514,0.10786,買い
4538.T,扶桑薬品工業,医薬品,プライム（内国株式）,2303.0,0.08897512154317407,0.18962055035032646,90.0,8.896903,0.054229997,-
4539.T,日本ケミファ,医薬品,スタンダード（内国株式）,1568.0,-0.001991346848178877,0.23711837096712673,50.0,12.3626175,0.028889999,-
4540.T,ツムラ,医薬品,プライム（内国株式）,3767.0,0.08424960934812699,0.22964370866641837,147.0,10.526316,0.09264,-
4543.T,テルモ,精密機器,プライム（内国株式）,2569.0,-0.0497679149259496,0.3455353750921301,30.0,24.17024,0.08743,買い
4544.T,Ｈ．Ｕ．グループホールディングス,サービス業,プライム（内国株式）,3680.0,0.09467932403191527,0.295620886062699,125.0,66.09575,0.0398,-
4547.T,キッセイ薬品工業,医薬品,プライム（内国株式）,4095.0,-0.011651620678223812,0.28676040768253136,160.0,13.883617,0.06656,買い
4548.T,生化学工業,医薬品,プライム（内国株式）,704.0,0.09591619212236506,0.23459591000101157,30.0,15.393939,-0.0102699995,-
4549.T,栄研化学,医薬品,プライム（内国株式）,2378.0,0.002106109610911399,0.3832637129525187,58.0,29.713554,0.08604,-
4552.T,ＪＣＲファーマ,医薬品,プライム（内国株式）,529.0,-0.09822390248693605,0.42229702206753167,20.0,15.674496,-0.04856,中立
4553.T,東和薬品,医薬品,プライム（内国株式）,3895.0,0.340114972932549,0.36086853399232727,80.0,10.135699,0.11956,買い
4554.T,富士製薬工業,医薬品,プライム（内国株式）,1847.0,0.29151148326579995,0.38343851871174317,48.5,20.266537,0.04875,-
4558.T,中京医薬品,医薬品,スタンダード（内国株式）,200.0,-0.01984508598939023,0.1350558746917881,5.0,28.248589,0.01344,-
4559.T,ゼリア新薬工業,医薬品,プライム（内国株式）,2153.0,0.06761541192902376,0.20232987801108474,49.0,18.476894,0.07992,-
455A.T,バリューソフトホールディングス,情報・通信業,PRO Market,5970.0,0.0,0.0,0.0,12.820513,0.24786,-
4563.T,アンジェス,医薬品,グロース（内国株式）,39.0,-0.524390243902439,0.5270530615492229,0.0,0.0,-1.9587101,-
4564.T,オンコセラピー・サイエンス,医薬品,グロース（内国株式）,21.0,-0.2222222222222222,0.6843546351157844,0.0,-1.2254902,-0.59407,-
4565.T,ネクセラファーマ,医薬品,プライム（内国株式）,1103.0,0.1976112920738328,0.5247225392476967,0.0,23.109524,-0.19349001,買い
4568.T,第一三共,医薬品,プライム（内国株式）,2833.5,-0.21682462975850417,0.38438339907402874,78.0,18.490908,0.18267,強気買い
4569.T,杏林製薬,医薬品,プライム（内国株式）,1158.0,-0.23041934413542062,0.23325990011614667,57.0,10.426161,0.08006,-
456A.T,ＨＵＭＡＮ　ＭＡＤＥ,小売業,グロース（内国株式）,1662.0,0.8753173483779971,0.797182235931469,0.0,43.49789,0.32775003,-
4570.T,免疫生物研究所,医薬品,グロース（内国株式）,1080.0,1.2596496676685307,1.1196573739830085,6.0,42.794636,0.23038,-
4571.T,ＮＡＮＯホールディングス,医薬品,グロース（内国株式）,108.0,-0.28,0.6731344738995865,0.0,-6.1316876,-0.31370002,-
4572.T,カルナバイオサイエンス,医薬品,グロース（内国株式）,403.0,0.8401826484018264,0.9058470390784813,0.0,3.717835,-1.56075,-
4574.T,大幸薬品,医薬品,プライム（内国株式）,268.0,-0.11424081593954688,0.29168458679603715,3.3,16.213276,0.20142001,-
4575.T,キャンバス,医薬品,グロース（内国株式）,802.0,-0.32999164578111945,0.6411793637780733,0.0,0.0,-0.46145,-
4576.T,デ・ウエスタン・セラピテクス研究所,医薬品,グロース（内国株式）,88.0,-0.17757009345794392,0.660653795737915,0.0,0.0,-0.58329,-
4577.T,ダイト,医薬品,プライム（内国株式）,1363.0,0.10813953926896527,0.20383196650714924,40.0,18.998924,0.043520004,-
4578.T,大塚ホールディングス,医薬品,プライム（内国株式）,12195.0,0.5495183564559294,0.3202862820684607,170.0,15.457598,0.12461001,買い
4579.T,ラクオリア創薬,医薬品,グロース（内国株式）,565.0,0.0216998191681736,0.7727190522454781,0.0,74.47183,0.0438,-
457A.T,ルリアン,サービス業,PRO Market,4130.0,0.0,0.0,0.0,19.305382,0.0,-
4582.T,シンバイオ製薬,医薬品,グロース（内国株式）,65.0,-0.5751633986928104,0.7512839184163904,0.0,2.557545,-1.7478501,-
4583.T,カイオム・バイオサイエンス,医薬品,グロース（内国株式）,84.0,-0.4,0.409440117634436,0.0,-3.5714285,-0.31639,-
4584.T,キッズウェル・バイオ,医薬品,グロース（内国株式）,170.0,-0.34108527131782945,0.5418102597971418,0.0,37.058823,0.0,-
4586.T,メドレックス,医薬品,グロース（内国株式）,66.0,-0.38317757009345793,1.0550191934832294,0.0,0.0,-0.4446,-
4587.T,ペプチドリーム,医薬品,プライム（内国株式）,1114.5,-0.26484168865435354,0.4590363285226789,0.0,10.6383915,0.0779,-
4588.T,オンコリスバイオファーマ,医薬品,グロース（内国株式）,3380.0,3.774011299435028,1.0478536447189168,0.0,-34.533333,-1.1009201,-
458A.T,プラン・ドゥ,不動産業,PRO Market,1387.0,0.0,0.0,12.0,12.135795,0.0,-
4591.T,リボミック,医薬品,グロース（内国株式）,81.0,-0.21359223300970873,0.6902749170262865,0.0,-1.6952381,-0.32939,-
4592.T,サンバイオ,医薬品,グロース（内国株式）,1010.0,-0.5969672785315243,0.7665352789485442,0.0,-50.061256,-0.50003,中立
4593.T,ヘリオス,医薬品,グロース（内国株式）,270.0,-0.5045871559633027,0.7398299859779834,0.0,-13.145869,-0.63841,強気買い
4594.T,ブライトパス・バイオ,医薬品,グロース（内国株式）,53.0,-0.4044943820224719,0.7725353069180321,0.0,0.0,-0.79245,-
4595.T,ミズホメディー,医薬品,スタンダード（内国株式）,1721.0,0.1560734101341186,0.1525412395464359,100.0,10.324123,0.19007999,-
4596.T,窪田製薬ホールディングス,医薬品,グロース（内国株式）,68.0,0.3076923076923077,1.6218198206305185,0.0,0.0,-0.42196998,-
4597.T,ソレイジア・ファーマ,医薬品,グロース（内国株式）,32.0,-0.1794871794871795,0.6333580239076952,0.0,-16.666668,-0.60248,-
4598.T,Ｄｅｌｔａ－Ｆｌｙ　Ｐｈａｒｍａ,医薬品,グロース（内国株式）,109.0,-0.8241935483870968,0.7118278551280546,0.0,-10.432432,-3.70982,-
4599.T,ステムリム,医薬品,グロース（内国株式）,357.0,0.14057507987220447,0.3899105239596491,0.0,-9.565217,-0.24562,-
460A.T,ＢＲＡＮＵ,情報・通信業,グロース（内国株式）,1068.0,-0.1981981981981982,0.7676758862212846,0.0,12.058057,0.0,-
4611.T,大日本塗料,化学,プライム（内国株式）,1503.0,0.20925817072901245,0.23322163621747855,58.0,4.633708,0.11494,-
4612.T,日本ペイントホールディングス,化学,プライム（内国株式）,1201.0,0.11874518865038872,0.27957097918751417,16.0,18.851389,0.10554,中立
4613.T,関西ペイント,化学,プライム（内国株式）,2917.5,0.18539292238862912,0.21560569021417414,110.0,13.997203,0.10882,買い
4615.T,神東塗料,化学,スタンダード（内国株式）,132.0,-0.014925373134328358,0.13588507571347153,0.0,0.0,-0.015420001,-
4616.T,川上塗料,化学,スタンダード（内国株式）,2041.0,0.08177498636286673,0.2678525538265643,44.0,26.178009,0.021979999,-
4617.T,中国塗料,化学,プライム（内国株式）,3570.0,0.14551338007652204,0.4491571470294564,111.0,15.039242,0.15194,買い
4619.T,日本特殊塗料,化学,スタンダード（内国株式）,2712.0,0.3366548900850376,0.27303768891625413,125.0,8.952709,0.1003,-
4620.T,藤倉化成,化学,スタンダード（内国株式）,949.0,0.5941897092414391,0.4963357991225732,20.0,55.123043,0.022820001,-
4623.T,アサヒペン,化学,スタンダード（内国株式）,1870.0,0.10881749725221135,0.07564784938730756,60.0,10.695319,0.04309,-
4624.T,イサム塗料,化学,スタンダード（内国株式）,3945.0,0.15249337014186634,0.22916064706368575,50.0,11.731193,0.03767,-
4625.T,アトミクス,化学,スタンダード（内国株式）,782.0,0.20509941611555677,0.30249391550568255,20.0,12.238585,0.032449998,-
4626.T,太陽ホールディングス,化学,プライム（内国株式）,4765.0,0.3253632698284258,0.2931551012851516,82.5,42.09554,0.1421,中立
4627.T,ナトコ,化学,スタンダード（内国株式）,1853.0,0.28845691087812353,0.2697608630073557,56.0,11.402403,0.04575,-
4628.T,エスケー化研,化学,スタンダード（内国株式）,8930.0,0.0035349664934868534,0.2248815626713974,230.0,12.987013,0.062129997,-
4629.T,大伸化学,化学,スタンダード（内国株式）,2104.0,0.3647527944782677,0.33830026771290683,45.0,11.369434,0.05388,-
462A.T,ＦＵＮＤＩＮＮＯ,証券、商品先物取引業,グロース（内国株式）,237.0,-0.7366666666666667,0.8786382044763763,0.0,0.0,0.0,-
4631.T,ＤＩＣ,化学,プライム（内国株式）,5190.0,0.567501340523692,0.34790073629643836,220.0,11.128673,0.07288,強気買い
4633.T,サカタインクス,化学,プライム（内国株式）,2646.0,0.20543506042403936,0.2545422863814886,100.0,10.248342,0.10709,-
4634.T,ａｒｔｉｅｎｃｅ,化学,プライム（内国株式）,4975.0,0.6224330412769145,0.2674673318997667,110.0,18.858065,0.074099995,-
4635.T,東京インキ,化学,スタンダード（内国株式）,2092.0,0.6493881418043493,0.458756121014304,63.0,11.046784,0.07272,-
463A.T,インテリックスホールディングス,不動産業,スタンダード（内国株式）,974.0,0.1346911453862991,0.26959987291905085,47.0,5.1079698,0.110530004,-
4641.T,アルプス技研,サービス業,プライム（内国株式）,860.0,-0.13981382933586578,0.17983061539815084,38.333332,12.967531,0.20403999,-
4642.T,オリジナル設計,サービス業,スタンダード（内国株式）,1403.0,-0.27358747312146686,0.3502156849787822,35.0,16.40992,0.0,-
4644.T,イマジニア,情報・通信業,スタンダード（内国株式）,1053.0,0.08709150544041903,0.1112602507435095,60.0,28.091728,0.03778,-
4645.T,市進ホールディングス,サービス業,スタンダード（内国株式）,434.0,-0.00025652091418739217,0.1561549044731104,10.0,3.7286932,0.43769002,-
464A.T,ＱＰＳホールディングス,情報・通信業,グロース（内国株式）,1786.0,-0.03040173724212812,0.7941363144960025,0.0,0.0,-0.0317,-
4650.T,ＳＤエンターテイメント,サービス業,スタンダード（内国株式）,273.0,-0.05862068965517241,0.19839900607599875,0.0,47.678574,0.06834,-
4651.T,サニックスホールディングス,サービス業,スタンダード（内国株式）,280.0,0.14460909555442003,0.41988379101621637,2.0,17.07901,0.036960002,-
4657.T,環境管理センター,サービス業,スタンダード（内国株式）,475.0,0.0819605557921711,0.31948813662506403,8.0,54.12027,-0.10889,-
4658.T,日本空調サービス,サービス業,プライム（内国株式）,1556.0,0.28258761123245413,0.28231891268439235,54.0,16.088297,0.12528,-
4661.T,オリエンタルランド,サービス業,プライム（内国株式）,3007.0,-0.1647691223935722,0.32905917957122643,15.0,33.796715,0.0,買い
4662.T,フォーカスシステムズ,情報・通信業,プライム（内国株式）,1727.0,0.07563924790625089,0.35335267771054374,64.0,15.494452,0.0,-
4664.T,アール・エス・シー,サービス業,スタンダード（内国株式）,948.0,0.5918532374192148,0.9439007341461082,24.0,33.957935,0.041339997,-
4665.T,ダスキン,サービス業,プライム（内国株式）,4691.0,0.2099323037900873,0.19666260791625262,118.0,20.729847,0.05899,-
4666.T,パーク２４,不動産業,プライム（内国株式）,2038.0,0.03547507585286405,0.36816523289420183,30.0,23.257044,0.21389,強気買い
4667.T,アイサンテクノロジー,情報・通信業,スタンダード（内国株式）,2105.0,0.5313520192541487,0.5585725252914162,37.0,22.549145,0.06996,-
4668.T,明光ネットワークジャパン,サービス業,プライム（内国株式）,776.0,0.02913723158336613,0.15211331730874067,28.0,10.507088,0.14858,-
4671.T,ファルコホールディングス,サービス業,スタンダード（内国株式）,2824.0,0.19208013278789657,0.1525074835799432,125.0,14.135282,0.07705,-
4673.T,川崎地質,サービス業,スタンダード（内国株式）,4760.0,0.07498678111455467,0.5544890173063255,145.0,7.8010793,0.12678,-
4674.T,クレスコ,情報・通信業,プライム（内国株式）,2041.0,0.22034755355666155,0.3325316218826191,64.0,13.041529,0.16218,-
4676.T,フジ・メディア・ホールディングス,情報・通信業,プライム（内国株式）,4145.0,0.27631136009665674,0.3463291069960715,125.0,25.957163,-0.02257,中立
4678.T,秀英予備校,サービス業,スタンダード（内国株式）,330.0,0.16828105021092055,0.1502647279009059,10.0,11.690584,0.05246,-
4679.T,田谷,サービス業,スタンダード（内国株式）,261.0,0.05668016194331984,0.358053316377722,0.0,0.0,0.00265,-
4680.T,ラウンドワン,サービス業,プライム（内国株式）,1338.5,-0.14899029351513057,0.4363878137132505,18.0,15.878345,0.19933,強気買い
4681.T,リゾートトラスト,サービス業,プライム（内国株式）,1854.5,-0.01612462109915488,0.2505727006609424,34.0,18.361948,0.10504,買い
4684.T,オービック,情報・通信業,プライム（内国株式）,4729.0,-0.11190949153589902,0.33220308860453174,84.0,24.773129,0.15997,買い
4685.T,菱友システムズ,情報・通信業,スタンダード（内国株式）,2666.0,-0.3139602186318565,0.391421677460705,97.5,10.277597,0.19442,-
4686.T,ジャストシステム,情報・通信業,プライム（内国株式）,4035.0,-0.12819169469154315,0.3093637425657508,27.0,16.452795,0.13468,-
4687.T,ＴＤＣソフト,情報・通信業,プライム（内国株式）,1022.0,-0.23299962869453744,0.31829764802974186,33.0,12.9528,0.17587,-
4689.T,ＬＩＮＥヤフー,情報・通信業,プライム（内国株式）,525.5999755859375,0.14771451817022843,0.2920543022292631,7.3,14.040056,0.08517,買い
4691.T,ワシントンホテル,サービス業,スタンダード（内国株式）,2275.0,0.44872141986017283,0.6265856911655245,40.0,7.4205804,-0.71427,-
4694.T,ビー・エム・エル,サービス業,プライム（内国株式）,3625.0,0.051241063424358295,0.20501385153785145,125.0,21.93754,0.0596,-
469A.T,フィットクルー,サービス業,グロース（内国株式）,1628.0,-0.3779136415743217,0.5919533579657792,0.0,6.3667555,0.0,-
4704.T,トレンドマイクロ,情報・通信業,プライム（内国株式）,5472.0,-0.29217099531253377,0.4417809499843832,185.0,19.885754,0.27218,中立
4705.T,クリップコーポレーション,サービス業,スタンダード（内国株式）,782.0,0.008453121836848357,0.14022507335999682,45.0,0.0,-0.02851,-
4707.T,キタック,サービス業,スタンダード（内国株式）,334.0,-0.13327423443993555,0.25362866126927414,7.0,8.699164,0.054640003,-
4709.T,ＩＤホールディングス,情報・通信業,プライム（内国株式）,1076.0,-0.07038624998075299,0.3011149695353013,40.0,12.092304,0.18709,-
470A.T,ローカル,小売業,PRO Market,501.0,0.0,0.0,0.0,12.020153,0.30607,-
4712.T,ＫｅｙＨｏｌｄｅｒ,サービス業,スタンダード（内国株式）,795.0,0.08964986224277496,0.15826735932865593,10.0,17.946466,-0.09193,-
4714.T,リソー教育グループ,サービス業,プライム（内国株式）,207.0,-0.02023596175743395,0.17069469622440378,10.0,23.815311,0.13121,-
4716.T,日本オラクル,情報・通信業,スタンダード（内国株式）,9233.0,-0.3591831459046715,0.36009505092544447,858.0,17.645216,0.37396,買い
4718.T,早稲田アカデミー,サービス業,プライム（内国株式）,2436.0,-0.13252260381558198,0.28070609531181606,55.0,15.043265,0.16572,-
4719.T,アルファシステムズ,情報・通信業,プライム（内国株式）,3415.0,-0.09309880363270341,0.2754905509614764,135.0,14.265188,0.08067001,-
471A.T,ＮＳグループ,その他金融業,プライム（内国株式）,1614.0,0.3344117446990948,0.30055570607727133,73.0,14.602392,0.22028999,-
4720.T,城南進学研究社,サービス業,スタンダード（内国株式）,240.0,0.023728805175243617,0.4379238719708802,7.0,0.0,-0.0716,-
4722.T,フューチャー,情報・通信業,プライム（内国株式）,2446.0,0.06961999234309266,0.31139590492560437,47.0,12.300356,0.1981,-
4725.T,ＣＡＣ　Ｈｏｌｄｉｎｇｓ,情報・通信業,プライム（内国株式）,1960.0,-0.024386331424232677,0.14627819765871916,100.0,9.781472,0.09624,-
4728.T,トーセ,情報・通信業,スタンダード（内国株式）,654.0,-0.0203718023522115,0.12126865597807437,25.0,32.168186,0.036459997,-
472A.T,ミラティブ,情報・通信業,グロース（内国株式）,543.0,-0.2297872340425532,0.5652836390140181,0.0,10.686044,0.27264,-
4732.T,ユー・エス・エス,サービス業,プライム（内国株式）,1960.0,0.1265618929791741,0.18574602558186162,54.7,21.193958,0.20363002,買い
4733.T,オービックビジネスコンサルタント,情報・通信業,プライム（内国株式）,8274.0,-0.038562571738362,0.3403272224510833,111.0,27.76562,0.10596,強気買い
4735.T,京進,サービス業,スタンダード（内国株式）,301.0,-0.023025518479539403,0.35680489931047893,5.0,26.655201,0.023699999,-
4736.T,日本ラッド,情報・通信業,スタンダード（内国株式）,587.0,-0.1668974774705007,0.31789967856798423,10.0,8.251789,0.09718,-
4743.T,アイティフォー,情報・通信業,プライム（内国株式）,1690.0,0.1979464289731695,0.1950582972221956,80.0,16.028234,0.15331,-
4746.T,東計電算,情報・通信業,スタンダード（内国株式）,6670.0,0.710099150162035,0.31667393377448677,197.0,15.547727,0.11833,-
4750.T,ダイサン,サービス業,スタンダード（内国株式）,569.0,0.00726810835994532,0.17796852581207454,22.0,10.648889,0.05784,-
4751.T,サイバーエージェント,サービス業,プライム（内国株式）,1305.5,-0.26864990755423807,0.40105953194399996,17.0,21.890884,0.20145,買い
4752.T,昭和システムエンジニアリング,情報・通信業,スタンダード（内国株式）,1596.0,0.07444241206899017,0.2029800900431565,66.0,9.090909,0.14076,-
4754.T,トスネット,サービス業,スタンダード（内国株式）,1501.0,0.024764306223062436,0.1830575553203821,37.0,9.434194,0.06293,-
4755.T,楽天グループ,サービス業,プライム（内国株式）,780.7999877929688,-0.10673834847143972,0.3652834686775631,0.0,-102.83836,-0.09503999,中立
475A.T,ギミック,サービス業,スタンダード（内国株式）,579.0,-0.5038560411311054,0.537463399912042,0.0,23.900818,0.31169,-
4760.T,アルファ,サービス業,スタンダード（内国株式）,1699.0,-0.22227016605216982,0.2528467209675384,60.0,10.3433075,0.07828,-
4761.T,さくらケーシーエス,情報・通信業,スタンダード（内国株式）,1434.0,0.043270401086171625,0.26576034309621754,55.0,14.548495,0.048800003,-
4762.T,エックスネット,情報・通信業,スタンダード（内国株式）,2047.0,0.5421241426090802,0.3232234547573392,47.5,12.739014,0.17469999,-
4763.T,クリーク・アンド・リバー社,サービス業,プライム（内国株式）,1512.0,0.0364340381486392,0.23214358143368935,50.0,9.805997,0.19716999,-
4765.T,ＳＢＩグローバルアセットマネジメント,サービス業,プライム（内国株式）,625.0,-0.025895576766848487,0.18871770521906742,22.75,29.592348,0.08831,-
4766.T,ピーエイ,サービス業,スタンダード（内国株式）,202.0,-0.2883710019130482,0.21172088082611787,8.2,25.30795,0.1927,-
4767.T,テー・オー・ダブリュー,サービス業,スタンダード（内国株式）,401.0,0.12133334198087686,0.2098770108122758,18.3,12.64446,0.118310004,-
4768.T,大塚商会,情報・通信業,プライム（内国株式）,3478.0,0.15542343609053413,0.2753778251935789,100.0,17.850594,0.16829,買い
4769.T,ＩＣ,情報・通信業,スタンダード（内国株式）,1155.0,0.15383208305265228,0.2214390097106458,40.0,15.873259,0.06445,-
476A.T,辻・本郷ＩＴコンサルティング,情報・通信業,スタンダード（内国株式）,1598.0,-0.4313167259786477,0.37414676160283883,0.0,19.684223,0.0,-
4771.T,エフアンドエム,サービス業,スタンダード（内国株式）,2750.0,0.00463654392185526,0.31623979037293687,51.0,15.973915,0.17351,-
4772.T,ＳＭ　ＥＮＴＥＲＴＡＩＮＭＥＮＴ　ＪＡＰＡＮ,情報・通信業,グロース（内国株式）,71.0,-0.3868442042979424,0.5173846118002187,2.0,28.08642,0.0479,-
4776.T,サイボウズ,情報・通信業,プライム（内国株式）,3090.0,-0.23114572265336808,0.4279576217643106,40.0,13.03667,0.47748002,-
4777.T,ガーラ,情報・通信業,スタンダード（内国株式）,200.0,-0.12280701754385964,0.26493897489226764,0.0,0.0,-0.58277,-
477A.T,スタートライン,サービス業,グロース（内国株式）,682.0,-0.37142857142857144,0.5971988532779099,0.0,14.258555,0.0,-
4783.T,ＮＣＤ,情報・通信業,スタンダード（内国株式）,2652.0,0.07676119715600659,0.3039967029774501,120.0,13.637492,0.21575001,-
4784.T,ＧＭＯインターネット,サービス業,プライム（内国株式）,603.0,-0.5526837070510477,0.6801622414320367,22.35,36.579338,0.57405,強気買い
478A.T,フツパー,情報・通信業,グロース（内国株式）,795.0,-0.3634907926341073,0.6478368612269546,0.0,27.419353,0.25514,-
4792.T,山田コンサルティンググループ,サービス業,プライム（内国株式）,1741.0,-0.010950967556800754,0.15731743838830647,77.0,13.182509,0.11981,-
479A.T,ＰＲＯＮＩ,情報・通信業,グロース（内国株式）,1888.0,0.08194842406876791,0.5392802773657959,0.0,13.105831,0.46488997,-
4800.T,オリコン,情報・通信業,スタンダード（内国株式）,1358.0,0.7288042404805894,0.35899848881888796,36.0,10.879812,0.17413999,-
4801.T,セントラルスポーツ,サービス業,プライム（内国株式）,2478.0,-0.03312686791948135,0.15086485568785166,40.0,25.982035,0.04377,-
4809.T,パラカ,不動産業,プライム（内国株式）,2074.0,0.08983162339626248,0.14952330604052108,67.0,10.346709,0.1021,-
480A.T,リブ・コンサルティング,サービス業,グロース（内国株式）,886.0,-0.3078125,0.44845093631874733,0.0,12.73067,0.20476,-
4811.T,ドリーム・アーツ,情報・通信業,グロース（内国株式）,850.0,-0.4315849760542763,0.4686804314527175,20.0,12.967701,0.28987,-
4812.T,電通総研,情報・通信業,プライム（内国株式）,2752.0,0.2785211872259852,0.3787688606831184,41.833332,24.365543,0.17105,買い
4813.T,ＡＣＣＥＳＳ,情報・通信業,プライム（内国株式）,452.0,-0.4507897934386391,0.5363947974076507,0.0,36.23377,-0.40368,-
4814.T,ネクストウェア,情報・通信業,スタンダード（内国株式）,160.0,0.006289308176100629,0.7106042806358688,0.0,0.0,-0.105220005,-
4816.T,東映アニメーション,情報・通信業,スタンダード（内国株式）,2835.0,-0.1341631890510583,0.3604657070377076,44.0,23.098213,0.16006,-
4819.T,デジタルガレージ,情報・通信業,プライム（内国株式）,2285.0,-0.2954917799872111,0.507252087477879,47.0,31.49049,0.01901,-
481A.T,ＪＳｅｃｕｒｉｔｙ,情報・通信業,PRO Market,750.0,0.0,0.0,0.0,28.174305,0.74265,-
4820.T,イーエムシステムズ,情報・通信業,プライム（内国株式）,609.0,-0.16783191062896152,0.264499692789478,27.0,19.252548,0.07309,-
4825.T,ウェザーニューズ,情報・通信業,プライム（内国株式）,2076.0,-0.0507921808448649,0.28144730622533004,85.0,25.22357,0.17187001,強気買い
4826.T,ＣＩＪ,情報・通信業,プライム（内国株式）,548.0,0.11970258099728674,0.34306278423977543,20.0,16.217928,0.12077,-
4828.T,ビジネスエンジニアリング,情報・通信業,プライム（内国株式）,1425.0,0.25718891369943475,0.4336207594613744,41.6,22.17032,0.33067,-
4829.T,日本エンタープライズ,情報・通信業,スタンダード（内国株式）,110.0,-0.08152050798096727,0.251752089146404,3.0,142.35294,0.0098,-
4832.T,ＪＦＥシステムズ,情報・通信業,スタンダード（内国株式）,1980.0,-0.08291435409198222,0.2861439528246244,68.0,12.15881,0.14954,-
4833.T,Ｄｅｆ　ｃｏｎｓｕｌｔｉｎｇ,サービス業,グロース（内国株式）,70.0,-0.3137254901960784,1.5216446121112146,0.0,0.0,-0.59914,-
4838.T,スペースシャワーＳＫＩＹＡＫＩホールディングス,情報・通信業,スタンダード（内国株式）,691.0,-0.15248071336482558,0.34280386180915756,25.0,17.117117,0.13176,-
4839.T,ＷＯＷＯＷ,情報・通信業,プライム（内国株式）,1018.0,-0.38479229815942784,0.32624051080514005,30.0,16.498192,0.04532,-
483A.T,テラテクノロジー,情報・通信業,スタンダード（内国株式）,2174.0,-0.06482947772272055,0.221574039427843,89.0,9.1898,0.16350001,-
4840.T,トライアイズ,サービス業,スタンダード（内国株式）,534.0,0.2684085510688836,0.8272832752409142,0.0,0.0,-0.088240005,-
4845.T,スカラ,情報・通信業,スタンダード（内国株式）,359.0,-0.1139550672933105,0.155824047404886,17.0,9.46162,0.16586,-
4847.T,インテリジェント　ウェイブ,情報・通信業,プライム（内国株式）,1319.0,0.2917707127930006,0.3678071126277007,37.0,18.955776,0.14299,-
4848.T,フルキャストホールディングス,サービス業,プライム（内国株式）,1884.0,0.10433842208051752,0.19195340327145585,64.0,12.747688,0.15867,-
4849.T,エン,サービス業,プライム（内国株式）,1594.0,-0.08792705678398031,0.347145752466203,32.7,11.5095825,0.108380005,中立
484A.T,ニューズドテック,小売業,PRO Market,430.0,0.0,0.0,0.0,104.11622,0.17204,-
485A.T,パワーエックス,電気機器,グロース（内国株式）,1739.0,2.6482518261089583,1.434024805382612,0.0,0.0,-0.39586,-
4875.T,メディシノバ・インク,医薬品,スタンダード（外国株式）,216.0,0.09090909090909091,0.5376480429605314,0.0,-3.5283422,-0.25503,-
4880.T,セルソース,医薬品,スタンダード（内国株式）,356.0,-0.4246810827552398,0.4216771986011197,5.0,714.2857,0.0,中立
4881.T,ファンペップ,医薬品,グロース（内国株式）,51.0,-0.5603448275862069,0.7156582238257919,0.0,-2.4615386,-0.95312,-
4882.T,ペルセウスプロテオミクス,医薬品,グロース（内国株式）,147.0,-0.5714285714285714,0.5654250278343328,0.0,-3.5767512,-0.59966,-
4883.T,モダリス,医薬品,グロース（内国株式）,33.0,-0.625,0.6251947048747065,0.0,2.6041665,-0.67907995,-
4884.T,クリングルファーマ,医薬品,グロース（内国株式）,430.0,-0.10973084886128365,0.505308634638997,0.0,0.0,-0.58035,-
4885.T,室町ケミカル,医薬品,スタンダード（内国株式）,900.0,0.23586730719620147,0.4297951367851341,26.0,11.706283,0.0,-
4886.T,あすか製薬ホールディングス,医薬品,プライム（内国株式）,2170.0,-0.12739102254348506,0.3654155215852815,60.0,16.597214,0.07191,-
4887.T,サワイグループホールディングス,医薬品,プライム（内国株式）,1632.0,-0.1322741885895012,0.28200946484573486,55.0,23.208755,-0.00671,買い
4888.T,ステラファーマ,医薬品,グロース（内国株式）,347.0,-0.15776699029126215,0.9865976300359697,0.0,0.0,-0.09843001,-
4889.T,レナサイエンス,医薬品,グロース（内国株式）,1302.0,-0.4685714285714286,0.9100468679415235,0.0,585.14496,-0.12404,-
4890.T,坪田ラボ,医薬品,グロース（内国株式）,277.0,-0.23480662983425415,0.5314507222715619,0.0,0.0,-0.31094998,-
4891.T,ティムス,医薬品,グロース（内国株式）,110.0,-0.3081761006289308,0.3715843469056359,0.0,-4.34375,0.0,-
4892.T,サイフューズ,医薬品,グロース（内国株式）,565.0,-0.15037593984962405,0.44601809369627066,0.0,0.0,-0.28803,-
4893.T,ノイルイミューン・バイオテック,医薬品,グロース（内国株式）,144.0,-0.2,0.5034643987099592,0.0,-5.172414,-0.18325001,強気買い
4894.T,クオリプス,医薬品,グロース（内国株式）,5190.0,-0.2821576763485477,0.6935360595075274,0.0,0.0,-0.14713,-
4896.T,ケイファーマ,医薬品,グロース（内国株式）,761.0,0.11094890510948906,0.4569670075193703,0.0,0.0,-0.56372,-
4901.T,富士フイルムホールディングス,化学,プライム（内国株式）,3217.0,-0.07052981886562844,0.31560547640360953,70.0,13.86046,0.07675,買い
4902.T,コニカミノルタ,電気機器,プライム（内国株式）,648.2999877929688,0.3144199773330783,0.44931214431920385,12.0,12.005815,-0.07164,買い
490A.T,センス・トラスト,不動産業,PRO Market,15750.0,2.6206896551724137,0.6666438143065694,230.0,4.173615,0.8471,-
4911.T,資生堂,化学,プライム（内国株式）,3696.0,0.4875321984035782,0.4441767998732248,50.0,27.956121,-0.062329996,買い
4912.T,ライオン,化学,プライム（内国株式）,1894.0,0.1536544857291502,0.25492242930237635,32.0,16.531246,0.0935,買い
4914.T,高砂香料工業,化学,プライム（内国株式）,1315.0,-0.19275822792398536,0.28145784668808366,52.0,8.721709,0.06982,-
4918.T,アイビー化粧品,化学,スタンダード（内国株式）,301.0,0.007684652283200029,0.43722444629211543,15.0,4.731993,-0.04227,-
4919.T,ミルボン,化学,プライム（内国株式）,3255.0,0.33201814764428006,0.24226146961714626,88.0,26.469479,0.07023,買い
4920.T,日本色材工業研究所,化学,スタンダード（内国株式）,1138.0,0.09450119312128158,0.2576913329521315,30.0,181.86356,0.061160002,-
4922.T,コーセーホールディングス,化学,プライム（内国株式）,5893.0,0.03414481498076198,0.3204553463432366,140.0,22.32962,0.054050002,やや弱気
4923.T,コタ,化学,プライム（内国株式）,1253.0,-0.036759037454964394,0.23165976941620536,19.047,26.388271,0.122379996,-
4925.T,ハーバー研究所,化学,スタンダード（内国株式）,1717.0,0.01798421428174924,0.0963502838295953,40.0,8.382189,0.07631,-
4926.T,シーボン,化学,スタンダード（内国株式）,1244.0,0.036692187450089814,0.12485339500690076,20.0,17.271606,0.04226,-
4927.T,ポーラ・オルビスホールディングス,化学,プライム（内国株式）,1406.0,0.09779541213392093,0.17226034960105602,52.0,31.326006,0.05775,中立
4928.T,ノエビアホールディングス,化学,プライム（内国株式）,4875.0,0.09590135746218927,0.15146592918924434,230.0,19.241411,0.17894,中立
4929.T,アジュバンホールディングス,化学,スタンダード（内国株式）,738.0,-0.03231573319094246,0.11334710581587541,12.0,157.8838,0.03168,-
4931.T,新日本製薬,化学,プライム（内国株式）,2085.0,-0.14762363118305627,0.17063991667078376,52.0,17.48484,0.11866,中立
4932.T,アルマード,化学,スタンダード（内国株式）,766.0,-0.32195007729680425,0.312045918954413,42.0,24.160418,0.31445998,-
4933.T,Ｉ－ｎｅ,化学,プライム（内国株式）,1441.0,-0.043639368867080974,0.43386062819650756,22.0,7.9934525,0.15461999,買い
4934.T,プレミアアンチエイジング,化学,グロース（内国株式）,598.0,-0.32657657657657657,0.30410488342702735,0.0,17.856075,1.30256,中立
4935.T,リベルタ,化学,スタンダード（内国株式）,211.0,-0.5444950894223587,0.9261247991256288,2.0,184.21053,0.0291,-
4936.T,アクシージア,化学,スタンダード（内国株式）,321.0,-0.27523481509527825,0.29406570124812736,10.0,8.221709,0.03718,強気買い
4937.T,Ｗａｑｏｏ,化学,グロース（内国株式）,2457.0,1.1590509666080844,0.5972642023377089,0.0,104.734695,0.02931,-
4951.T,エステー,化学,プライム（内国株式）,1538.0,-0.011613561984470796,0.13334450711722723,44.0,14.375727,0.06059,-
4956.T,コニシ,化学,プライム（内国株式）,1440.0,0.13597476844237194,0.21777982128552542,38.0,11.461863,0.09491,-
4958.T,長谷川香料,化学,プライム（内国株式）,3385.0,0.1607095543038255,0.18353251299039117,87.0,17.52669,0.052589998,-
4960.T,ケミプロ化成,化学,スタンダード（内国株式）,503.0,0.7719649397798899,1.0041324058313794,5.0,116.666664,0.12567,-
4966.T,上村工業,化学,スタンダード（内国株式）,19320.0,0.9366360115773237,0.46242786254593954,290.0,25.99052,0.13623999,買い
4967.T,小林製薬,化学,プライム（内国株式）,5634.0,0.04973996299937089,0.18834589017890907,105.0,121.974655,0.017239999,中立
4968.T,荒川化学工業,化学,プライム（内国株式）,2214.0,1.0402789173851348,0.5395156542532147,50.0,14.969101,0.0044,-
4970.T,東洋合成工業,化学,スタンダード（内国株式）,11390.0,1.188916033929685,0.6361849626945536,40.0,37.035843,-0.10824,強気買い
4971.T,メック,化学,プライム（内国株式）,6760.0,1.3274626787134405,0.7062305139475118,126.0,28.901947,0.12784,-
4972.T,綜研化学,化学,スタンダード（内国株式）,3345.0,1.0230689263040733,0.35881444477385127,75.0,16.051003,0.09838,-
4973.T,日本高純度化学,化学,プライム（内国株式）,4600.0,0.5389415529574736,0.47904358692948285,200.0,20.538124,0.10918,-
4975.T,ＪＣＵ,化学,プライム（内国株式）,5450.0,0.2878535435818242,0.47899124687926264,95.0,18.058956,0.17875999,-
4976.T,東洋ドライルーブ,化学,スタンダード（内国株式）,1471.0,0.08025631187719405,0.2819639613732082,37.666668,8.7713785,0.061869998,-
4977.T,新田ゼラチン,化学,スタンダード（内国株式）,1202.0,0.2603764943779409,0.30663542888375556,30.0,4.875713,0.21492,-
4978.T,リプロセル,化学,グロース（内国株式）,150.0,-0.1712707182320442,0.5202908570604327,0.0,226.25,-0.03665,-
4979.T,ＯＡＴアグリオ,化学,スタンダード（内国株式）,2766.0,0.16418340184622593,0.353919291137382,60.0,12.067169,0.13266,-
4980.T,デクセリアルズ,化学,プライム（内国株式）,2896.0,0.46679356107925046,0.6916349963767972,58.0,16.568956,0.2581,買い
4985.T,アース製薬,化学,プライム（内国株式）,4920.0,-0.07304562325974577,0.16505130169514454,125.0,20.533112,0.07171,買い
4990.T,昭和化学工業,化学,スタンダード（内国株式）,505.0,0.06281251890672349,0.2640319857424176,10.0,9.882089,0.077410005,-
4992.T,北興化学工業,化学,スタンダード（内国株式）,2055.0,0.28034276816352677,0.3379701742477633,53.0,10.688864,0.08984999,-
4994.T,大成ラミックグループ,化学,スタンダード（内国株式）,2809.0,0.1358221787158714,0.17634483297237485,70.0,11.483666,0.056939997,-
4996.T,クミアイ化学工業,化学,プライム（内国株式）,796.0,-0.03603027602234646,0.25531290048921906,24.0,22.081846,0.02638,-
4997.T,日本農薬,化学,プライム（内国株式）,1219.0,0.24809491774967793,0.2838233101470271,36.0,15.867667,0.0328,-
4998.T,フマキラー,化学,スタンダード（内国株式）,1188.0,0.019541330354217977,0.13362966734597698,24.0,9.090909,0.07649,-
500A.T,ＴＯブックス,情報・通信業,スタンダード（内国株式）,3245.0,-0.03409564920389224,0.43091783580001913,76.0,15.138564,0.19834,-
5010.T,日本精蝋,石油・石炭製品,スタンダード（内国株式）,315.0,0.6578947368421053,0.5148559969461893,0.0,8.714286,0.11568,-
5011.T,ニチレキグループ,石油・石炭製品,プライム（内国株式）,2379.0,-0.10904880535961366,0.20772455646070626,80.0,12.941315,0.059699997,-
5013.T,ユシロ,石油・石炭製品,スタンダード（内国株式）,3040.0,0.3998610913435714,0.37181300904751,112.0,8.701661,0.1148,-
5015.T,ビーピー・カストロール,石油・石炭製品,スタンダード（内国株式）,1004.0,0.2247639210258882,0.11927998454559996,54.0,22.122734,0.25218,-
5016.T,ＪＸ金属,非鉄金属,プライム（内国株式）,3591.0,2.187808046255147,0.793950976451945,31.0,40.921482,0.0,買い
5018.T,ＭＯＲＥＳＣＯ,石油・石炭製品,スタンダード（内国株式）,2255.0,0.7486206379521074,0.4507160105409151,55.0,18.199493,0.06179,-
5019.T,出光興産,石油・石炭製品,プライム（内国株式）,1383.5,0.4416648959036193,0.294288132701835,36.0,44.940216,0.0,買い
501A.T,プレシャスパートナーズ,サービス業,PRO Market,1750.0,0.012233579959356733,0.016903119806337664,21.15,22.026432,0.0,-
5020.T,ＥＮＥＯＳホールディングス,石油・石炭製品,プライム（内国株式）,1331.0,0.571884712281308,0.335694844940458,34.0,81.51116,0.020539999,買い
5021.T,コスモエネルギーホールディングス,石油・石炭製品,プライム（内国株式）,4266.0,0.250733932752906,0.2947819418804018,165.0,12.3539,0.06826,買い
5025.T,マーキュリー,情報・通信業,グロース（内国株式）,575.0,-0.19467787114845939,0.32321802845025954,0.0,13.232651,0.067930005,-
5026.T,トリプルアイズ,情報・通信業,グロース（内国株式）,603.0,-0.4710526315789474,0.5162909397711294,0.0,0.0,-0.21285,-
5027.T,ＡｎｙＭｉｎｄ　Ｇｒｏｕｐ,情報・通信業,グロース（内国株式）,803.0,0.03808410591835714,0.6581942646471205,2.0,27.003366,0.05929,-
5028.T,セカンドサイトアナリティカ,情報・通信業,グロース（内国株式）,354.0,-0.3667262969588551,0.5421801588022872,0.0,28.571428,0.13611001,-
5029.T,サークレイス,情報・通信業,グロース（内国株式）,763.0,-0.3433734939759036,0.5926300903740056,0.0,14.498141,0.12918,-
5031.T,モイ,情報・通信業,グロース（内国株式）,331.0,0.2397003745318352,0.9461623889315317,0.0,0.0,0.052550003,-
5032.T,ＡＮＹＣＯＬＯＲ,情報・通信業,プライム（内国株式）,2830.0,-0.3997259957304385,0.5466775990447778,75.0,12.997102,0.67152,強気買い
5033.T,ヌーラボ,情報・通信業,グロース（内国株式）,858.0,-0.0011641443538998836,0.3517030525711157,0.0,10.796691,0.19245,-
5034.T,ｕｎｅｒｒｙ,情報・通信業,グロース（内国株式）,2113.0,-0.47175,0.604943216085124,0.0,32.24204,0.15904,-
5035.T,ＨＯＵＳＥＩ,情報・通信業,グロース（内国株式）,360.0,-0.2626641928960998,0.24479936647984382,3.0,0.0,-0.06553,-
5036.T,日本ビジネスシステムズ,情報・通信業,プライム（内国株式）,1641.0,0.1331622458290572,0.410755247567718,45.0,12.971278,0.24629,-
5038.T,ｅＷｅＬＬ,情報・通信業,グロース（内国株式）,2256.0,-0.21240054300063335,0.4604390041418134,16.0,29.133858,0.37620997,強気買い
503A.T,ベルチャイルド,情報・通信業,PRO Market,2290.0,0.07764705882352942,0.10728482931932233,165.0,7.843003,0.15359001,-
504A.T,イノバセル,医薬品,グロース（内国株式）,633.0,-0.39714285714285713,0.9751944035486699,0.0,0.0,0.0,-
505A.T,ギークリー,サービス業,スタンダード（内国株式）,1334.0,-0.17891192829087876,0.4304842149075767,32.0,28.353798,0.0,-
506A.T,シンカナース,サービス業,PRO Market,1010.0,0.0,0.0,0.0,0.0,0.0,-
5071.T,ヴィス,サービス業,スタンダード（内国株式）,1365.0,0.07794679500137804,0.2525270920739566,49.0,11.337902,0.17015,-
5074.T,テスホールディングス,建設業,プライム（内国株式）,611.0,0.7579951745074628,0.8315338767959066,9.54,44.80916,0.02301,-
5076.T,インフロニア・ホールディングス,建設業,プライム（内国株式）,2755.0,1.0764435075534688,0.3295559027881547,120.0,13.046913,0.113809995,買い
5078.T,セレコーポレーション,建設業,スタンダード（内国株式）,4765.0,-0.12083413513686876,0.2623645041576101,135.0,12.437876,0.05669,-
5079.T,ノバック,建設業,スタンダード（内国株式）,2615.0,0.0066266442204142295,0.16397780533504236,120.0,16.40142,0.03134,-
507A.T,デジタル・ナレッジ,情報・通信業,PRO Market,2156.0,0.0,0.0,0.0,0.0,0.076079994,-
5101.T,横浜ゴム,ゴム製品,プライム（内国株式）,7494.0,0.41471482195072445,0.4229606504959966,173.0,9.539414,0.10985,買い
5103.T,昭和ホールディングス,ゴム製品,スタンダード（内国株式）,1.0,-0.9821428571428571,1.2033951423324192,0.0,0.0,-0.21805,-
5105.T,ＴＯＹＯ　ＴＩＲＥ,ゴム製品,プライム（内国株式）,3811.0,0.06504714326953931,0.36228513608667307,135.0,9.728945,0.12784,買い
5108.T,ブリヂストン,ゴム製品,プライム（内国株式）,4117.0,0.27837069450362745,0.239582016404185,117.5,28.910192,0.08636,買い
510A.T,ハートアップ,サービス業,PRO Market,1712.0,0.0,0.0,0.0,0.0,0.0,-
5110.T,住友ゴム工業,ゴム製品,プライム（内国株式）,2297.0,0.38422801561526676,0.3814014552873739,84.0,11.287713,0.074650005,買い
511A.T,ヴァンガードスミス,サービス業,PRO Market,11710.0,0.0,0.0,0.0,29.761602,0.0,-
5121.T,藤倉コンポジット,ゴム製品,プライム（内国株式）,2745.0,0.49557324541477293,0.3028656588098154,76.0,12.547253,0.10475001,強気買い
5122.T,オカモト,ゴム製品,プライム（内国株式）,6670.0,0.3391909342345349,0.2613268366929046,120.0,18.863867,0.05352,-
5125.T,ファインズ,情報・通信業,グロース（内国株式）,475.0,-0.2387820512820513,0.5200816974522403,0.0,11.239781,0.1242,-
5126.T,ポーターズ,情報・通信業,グロース（内国株式）,1427.0,-0.2737913486005089,0.3411342616020978,0.0,20.180841,0.06143,-
5129.T,ＦＩＸＥＲ,情報・通信業,グロース（内国株式）,251.0,-0.5360443622920518,0.5908716846089207,0.0,11.076234,-0.43793,-
5131.T,リンカーズ,情報・通信業,グロース（内国株式）,120.0,-0.3969849246231156,0.603013544827157,0.0,0.0,0.0,-
5132.T,ｐｌｕｓｚｅｒｏ,情報・通信業,グロース（内国株式）,2023.0,-0.45398110661268554,0.5959748652842131,0.0,56.270737,0.26029,-
5133.T,テリロジーホールディングス,情報・通信業,スタンダード（内国株式）,312.0,-0.07112426260223445,0.3627932890925026,5.2,15.876894,0.15937,-
5134.T,ＰＯＰＥＲ,情報・通信業,グロース（内国株式）,494.0,-0.5987002437043054,0.5809068581469758,0.0,16.710642,0.13871,-
5136.T,ｔｒｉｐｌａ,情報・通信業,グロース（内国株式）,1987.0,-0.12697715289982425,0.5294061688393983,0.0,20.306837,0.34175998,強気買い
5137.T,スマートドライブ,情報・通信業,グロース（内国株式）,303.0,-0.3927855711422846,0.6299258476105071,0.0,25.491875,0.4953,-
5138.T,Ｒｅｂａｓｅ,情報・通信業,グロース（内国株式）,449.0,-0.6500389711613406,0.5335458380981091,0.0,11.233919,0.14996,-
5139.T,オープンワーク,情報・通信業,グロース（内国株式）,957.0,-0.2564777460980167,0.4002768662172403,4.5,23.894028,0.12560001,-
5142.T,アキレス,化学,プライム（内国株式）,1982.0,0.8111230192760569,0.5085158775256202,40.0,86.524826,-0.01338,-
514A.T,孫の手,サービス業,PRO Market,469.0,0.0,0.0,0.0,8.438287,0.0,-
5161.T,西川ゴム工業,ゴム製品,スタンダード（内国株式）,3550.0,0.23203125357451573,0.3027758158152853,183.0,22.59375,0.09423,-
5162.T,朝日ラバー,ゴム製品,スタンダード（内国株式）,790.0,0.29795040248580223,0.36991336559978394,20.0,12.939189,-0.0055199997,-
5184.T,ニチリン,ゴム製品,スタンダード（内国株式）,4140.0,0.20698394020598554,0.16170145299356029,189.0,9.883596,0.10398,-
5185.T,フコク,ゴム製品,プライム（内国株式）,2051.0,0.13719975206274831,0.19336494779942656,85.0,12.798399,0.06606,-
5186.T,ニッタ,ゴム製品,プライム（内国株式）,6560.0,0.6790245099151125,0.25536021296682226,160.0,11.215876,0.07778,-
5187.T,クリエートメディック,精密機器,スタンダード（内国株式）,1138.0,0.22246066061553296,0.1865262109962509,48.0,14.975844,0.04445,-
5189.T,櫻護謨,ゴム製品,スタンダード（内国株式）,3480.0,0.7424436112582936,0.43795469813353083,100.0,10.152285,0.08127,-
5192.T,三ツ星ベルト,ゴム製品,プライム（内国株式）,4360.0,0.23214071215610343,0.19360914614430688,191.0,16.838686,0.064380005,-
5194.T,相模ゴム工業,ゴム製品,スタンダード（内国株式）,630.0,-0.3291570730250227,0.28107449722610095,10.0,14.034708,0.00035999998,-
5195.T,バンドー化学,ゴム製品,プライム（内国株式）,2412.0,0.3307225922358514,0.25264212943221975,120.0,29.229107,0.05009,-
5199.T,不二ラテックス,ゴム製品,スタンダード（内国株式）,1999.0,0.06858921013717789,0.1702729742314621,81.0,9.256892,0.07495,-
519A.T,ベーシック,情報・通信業,グロース（内国株式）,497.0,-0.37875,0.382771084136854,0.0,9.974337,0.62808996,-
5201.T,ＡＧＣ,ガラス・土石製品,プライム（内国株式）,5802.0,0.2859639570669168,0.34663255865958575,210.0,18.00276,0.0467,中立
5202.T,日本板硝子,ガラス・土石製品,プライム（内国株式）,484.0,-0.10865561694290976,0.4957615812449946,0.0,8.648843,-0.05298,-
5204.T,石塚硝子,ガラス・土石製品,スタンダード（内国株式）,2999.0,0.015022684496522835,0.29941485198672857,70.0,4.794931,0.089420006,-
5208.T,有沢製作所,化学,プライム（内国株式）,2574.0,0.7375837655275549,0.4368499224390519,122.0,24.175932,0.0,-
520A.T,ジェイファーマ,医薬品,グロース（内国株式）,275.0,-0.6071428571428571,0.5542909451163955,0.0,0.0,-0.90085,-
5210.T,日本山村硝子,ガラス・土石製品,スタンダード（内国株式）,2968.0,0.024494643134640143,0.4312066375421327,150.0,8.695653,0.06137,-
5214.T,日本電気硝子,ガラス・土石製品,プライム（内国株式）,4795.0,0.15580925927015718,0.48004373720372057,160.0,18.67029,0.06111,買い
5216.T,倉元製作所,ガラス・土石製品,スタンダード（内国株式）,154.0,-0.2376237623762376,0.9541117563604119,0.0,0.0,-1.37623,-
5218.T,オハラ,ガラス・土石製品,スタンダード（内国株式）,1590.0,0.3366745545018488,0.38098037035599497,25.0,15.927334,0.03621,-
522A.T,ＣＯＥＬ,情報・通信業,PRO Market,3020.0,0.0,0.0,0.0,8.77958,0.0,-
5232.T,住友大阪セメント,ガラス・土石製品,プライム（内国株式）,5531.0,0.443746988473145,0.413868298145438,120.0,9.934414,0.04538,中立
5233.T,太平洋セメント,ガラス・土石製品,プライム（内国株式）,4187.0,0.11078386974089323,0.36499295511728486,100.0,8.021947,0.03717,買い
5237.T,ノザワ,ガラス・土石製品,スタンダード（内国株式）,1194.0,0.2363757526330306,0.21267105713487866,43.0,13.986486,0.041339997,-
5240.T,ｍｏｎｏＡＩ　ｔｅｃｈｎｏｌｏｇｙ,情報・通信業,グロース（内国株式）,218.0,-0.1895910780669145,1.0594487428237158,0.0,29.848486,-0.24138,-
5242.T,アイズ,情報・通信業,グロース（内国株式）,1938.0,0.2289156626506024,0.6036393002744018,0.0,0.0,-0.10759,-
5243.T,ｎｏｔｅ,情報・通信業,グロース（内国株式）,2550.0,0.8411552346570397,0.8475581171572988,0.0,100.48237,0.19139,-
5244.T,ｊｉｇ．ｊｐ,情報・通信業,グロース（内国株式）,181.0,-0.36770068946224677,0.39927127694815945,2.93,7.9470196,0.28293,-
5246.T,ＥＬＥＭＥＮＴＳ,情報・通信業,グロース（内国株式）,853.0,-0.17822736030828518,0.6087706557941366,0.0,140.0881,-0.27265,-
5247.T,ＢＴＭ,情報・通信業,グロース（内国株式）,578.0,-0.3599114064230343,0.411761763032228,0.0,38.21903,0.098179996,-
5248.T,テクノロジーズ,情報・通信業,グロース（内国株式）,498.0,-0.3455978975032852,0.40424391731452813,0.0,17.983963,0.22719,-
5249.T,あさかわシステムズ,情報・通信業,PRO Market,1253.0,0.0056179775280898875,0.005721068283340524,7.0,12.194647,0.0,-
524A.T,田村ビルズグループ,不動産業,PRO Market,1988.0,0.0,0.0,0.0,8.849715,0.12584,-
5250.T,ＧＭＯプライム・ストラテジー,情報・通信業,スタンダード（内国株式）,1031.0,0.043842628273736986,0.6190629880185783,22.0,37.037037,0.07554,-
5252.T,日本ナレッジ,情報・通信業,グロース（内国株式）,789.0,0.788736377931488,0.4757798797708889,10.0,36.155285,0.036229998,-
5253.T,カバー,情報・通信業,グロース（内国株式）,1501.0,-0.3396392432908051,0.600629238762776,0.0,17.913944,0.31845,買い
5254.T,Ａｒｅｎｔ,情報・通信業,グロース（内国株式）,4260.0,-0.15976331360946747,0.4682245412599856,0.0,22.522058,0.2417,-
5255.T,モンスターラボ,情報・通信業,グロース（内国株式）,90.0,-0.6153846153846154,0.6681452635158545,0.0,0.0,0.0,-
5256.T,Ｆｕｓｉｃ,情報・通信業,グロース（内国株式）,2470.0,0.0890652557319224,0.5958618931794416,0.0,16.798187,0.15479,-
5257.T,ノバシステム,情報・通信業,スタンダード（内国株式）,2705.0,0.11997525470569981,0.23067982382190774,105.0,15.361428,0.09783,-
5258.T,トランザクション・メディア・ネットワークス,情報・通信業,グロース（内国株式）,441.0,0.1544502617801047,0.5460766701445775,0.0,0.0,-0.06132,-
525A.T,ｍａｎｅｂｉ,情報・通信業,PRO Market,1663.0,0.0,0.0,0.0,185.18932,0.0,-
5261.T,リソルホールディングス,サービス業,プライム（内国株式）,7720.0,0.4791268539768065,0.2608511120855723,110.0,18.587452,0.13286,-
5262.T,日本ヒューム,ガラス・土石製品,プライム（内国株式）,1142.0,-0.20786366393232814,0.5574482756336584,24.0,18.840816,0.06122,-
5268.T,旭コンクリート工業,ガラス・土石製品,スタンダード（内国株式）,830.0,0.16317154888303637,0.5251187334221978,17.0,58.08642,0.01881,-
5269.T,日本コンクリート工業,ガラス・土石製品,プライム（内国株式）,384.0,0.25212025055715415,0.30602543303850566,8.0,9.486405,-0.00039,-
5271.T,トーヨーアサノ,ガラス・土石製品,スタンダード（内国株式）,2320.0,0.023609748783276374,0.21076867375843794,85.0,12.484661,0.02696,-
5273.T,三谷セキサン,ガラス・土石製品,スタンダード（内国株式）,1968.0,-0.08428025386827173,0.3673537031974482,50.25,10.981473,0.13783,-
5279.T,日本興業,ガラス・土石製品,スタンダード（内国株式）,1189.0,-0.02258582827481264,0.36012315488813235,55.0,6.6921186,0.06813,-
527A.T,ＮＯＳＥ　ＳＨＯＰ,小売業,PRO Market,1673.0,0.0,0.0,0.0,10.341205,0.0,-
5280.T,ヨシコン,不動産業,スタンダード（内国株式）,2194.0,-0.02590990780063432,0.2764794174610683,85.0,4.451151,0.091520004,-
5282.T,ジオスター,ガラス・土石製品,スタンダード（内国株式）,399.0,0.3130006063665069,0.39002901516541916,13.0,15.621641,0.04361,-
5283.T,高見澤,卸売業,スタンダード（内国株式）,3145.0,-0.0195723704614698,0.2217681524121138,70.0,8.773323,0.041149996,-
5284.T,ヤマウホールディングス,ガラス・土石製品,スタンダード（内国株式）,2258.0,0.04895757155637497,0.22775399375482158,110.0,5.703353,0.18902001,-
5285.T,ヤマックス,ガラス・土石製品,スタンダード（内国株式）,1407.0,-0.27913712177921196,0.3540214260504808,66.0,7.3302712,0.22742,-
5287.T,イトーヨーギョー,ガラス・土石製品,スタンダード（内国株式）,841.0,0.0062768590801355,0.7301211969260522,22.0,14.225079,-0.04126,-
5288.T,アジアパイルホールディングス,ガラス・土石製品,プライム（内国株式）,1574.0,0.33885132479662383,0.35702529851517634,55.0,11.117582,0.1162,-
528A.T,フリースタイル,情報・通信業,PRO Market,1080.0,0.0,0.0,0.0,29.157667,0.0,-
5290.T,ベルテクスコーポレーション,ガラス・土石製品,スタンダード（内国株式）,1161.0,-0.22671928699134838,0.4151880254657423,35.0,22.342113,0.27848,-
5301.T,東海カーボン,ガラス・土石製品,プライム（内国株式）,1685.0,0.6676296382788676,0.3941623158772149,35.0,10.796301,0.06865,-
5302.T,日本カーボン,ガラス・土石製品,プライム（内国株式）,4880.0,0.2180737127747806,0.18799248186858883,200.0,11.128411,0.08659001,-
5304.T,ＳＥＣカーボン,ガラス・土石製品,スタンダード（内国株式）,2535.0,0.24800277500617038,0.3980825462381064,100.0,15.468775,0.04551,-
5310.T,東洋炭素,ガラス・土石製品,プライム（内国株式）,6920.0,0.7778702190718586,0.4963506094740346,145.0,23.122719,0.057010002,中立
5331.T,ノリタケ,ガラス・土石製品,プライム（内国株式）,3595.0,0.6428297453182802,0.39140839148992973,90.0,15.037074,0.07974,-
5332.T,ＴＯＴＯ,ガラス・土石製品,プライム（内国株式）,6351.0,0.6827219040246076,0.47548529268771694,110.0,232.65721,0.00458,買い
5333.T,ＮＧＫ,ガラス・土石製品,プライム（内国株式）,5465.0,1.4782451195998076,0.4250689199895487,80.0,24.733866,0.0734,買い
5334.T,日本特殊陶業,ガラス・土石製品,プライム（内国株式）,8803.0,0.7203478914064594,0.35091557311912774,205.0,16.784185,0.14795999,買い
5337.T,ダントーホールディングス,ガラス・土石製品,スタンダード（内国株式）,828.0,0.20875912408759123,0.6463897522902203,0.0,27.154612,0.05746,-
5341.T,ＡＳＡＨＩ　ＥＩＴＯホールディングス,ガラス・土石製品,スタンダード（内国株式）,147.0,-0.5531914893617021,0.7432156524718813,0.0,0.0,-0.30009001,-
5344.T,ＭＡＲＵＷＡ,ガラス・土石製品,プライム（内国株式）,54100.0,0.35475625128020827,0.6466487587769372,102.0,44.89315,0.0,-
5351.T,品川リフラ,ガラス・土石製品,プライム（内国株式）,2067.0,0.1293698821785562,0.24855375086564946,90.0,10.427291,0.28977,-
5355.T,日本坩堝,ガラス・土石製品,スタンダード（内国株式）,676.0,0.15781873225795154,0.10867529445686408,18.0,11.662575,0.07695,-
5356.T,美濃窯業,ガラス・土石製品,スタンダード（内国株式）,1300.0,0.17783524994049774,0.29186135355571524,42.0,9.542262,0.091639996,-
5357.T,ヨータイ,ガラス・土石製品,プライム（内国株式）,1762.0,0.07637757432378268,0.17243945780304085,90.0,14.960892,0.07201,-
5363.T,東京窯業,ガラス・土石製品,スタンダード（内国株式）,694.0,0.35065758237612477,0.2775154458205719,25.3,8.6950035,0.07737,-
5367.T,ニッカトー,ガラス・土石製品,スタンダード（内国株式）,1231.0,1.3377074182181583,0.7781818146942635,21.0,15.4418,0.03846,-
5368.T,日本インシュレーション,ガラス・土石製品,スタンダード（内国株式）,1016.0,-0.014239806388566182,0.27682876895328085,40.0,10.834486,0.083170004,-
5380.T,新東,ガラス・土石製品,スタンダード（内国株式）,1285.0,-0.17333440553254795,0.34428983544637065,37.5,120.36741,0.03866,-
5381.T,マイポックス,ガラス・土石製品,スタンダード（内国株式）,941.0,1.1029085971947112,0.8347928719110796,10.0,20.019667,0.06283,-
5384.T,フジミインコーポレーテッド,ガラス・土石製品,プライム（内国株式）,3650.0,0.775974054129053,0.5023014023770227,75.0,22.631018,0.12644,-
5388.T,クニミネ工業,ガラス・土石製品,スタンダード（内国株式）,1329.0,0.27651620454100706,0.18735083182542184,40.0,14.03147,0.0555,-
5391.T,エーアンドエーマテリアル,ガラス・土石製品,スタンダード（内国株式）,1509.0,0.2804745297322225,0.27961980338071424,60.0,105.08849,0.00565,-
5393.T,ニチアス,ガラス・土石製品,プライム（内国株式）,3236.0,0.7887598592679768,0.39059576408181096,54.666632,19.864847,0.139,強気買い
5401.T,日本製鉄,鉄鋼,プライム（内国株式）,659.4000244140625,0.20559198834894554,0.2730252660367069,72.0,1.0821177,-0.00414,中立
5406.T,神戸製鋼所,鉄鋼,プライム（内国株式）,2024.5,0.16839718407378232,0.2529242041656397,80.0,6.121399,0.07171,中立
5408.T,中山製鋼所,鉄鋼,プライム（内国株式）,635.0,-0.02863552563446369,0.275288410430256,14.0,8.150349,0.02656,-
5410.T,合同製鐵,鉄鋼,プライム（内国株式）,2970.0,-0.23229326978690149,0.2580633710784377,180.0,4.793423,0.07298,-
5411.T,ＪＦＥホールディングス,鉄鋼,プライム（内国株式）,1845.5,0.045132575003428856,0.2483431803024643,80.0,16.327333,0.021860002,中立
5423.T,東京製鐵,鉄鋼,プライム（内国株式）,1694.0,0.06448009165549047,0.3283719897381573,50.0,11.68292,0.06431,中立
543A.T,ＡＲＣＨＩＯＮ,輸送用機器,プライム（内国株式）,280.0,-0.2875318066157761,0.5110837024021303,0.0,7.9170594,0.22992,中立
5440.T,共英製鋼,鉄鋼,プライム（内国株式）,2003.0,-0.06623819536720624,0.27939151568795356,90.0,9.366112,0.050780002,-
5444.T,大和工業,鉄鋼,プライム（内国株式）,11805.0,0.3031118841994536,0.2813126833772968,400.0,33.626163,0.08464,買い
5445.T,東京鐵鋼,鉄鋼,プライム（内国株式）,2015.0,0.07500414518151466,0.22715016601006613,99.999996,4.9530854,0.15648,-
5446.T,北越メタル,鉄鋼,スタンダード（内国株式）,1082.0,-0.1302250803858521,0.23217449214205674,4.0,12.3830385,0.0020299999,-
5449.T,大阪製鐵,鉄鋼,スタンダード（内国株式）,2665.0,-0.022018348623853212,0.49171106688662103,0.0,1996.212,-0.00083,-
5451.T,ヨドコウ,鉄鋼,プライム（内国株式）,1411.0,0.12598909577584785,0.25998382906591994,91.0,14.8140335,0.05805,-
5458.T,高砂鐵工,鉄鋼,スタンダード（内国株式）,1364.0,0.5109053941850924,0.2860683930092514,40.0,13.846747,0.05821,-
5461.T,中部鋼鈑,鉄鋼,プライム（内国株式）,2079.0,-0.03241917703435398,0.29606634928486475,104.0,7.8893833,-0.0014599999,-
5463.T,丸一鋼管,鉄鋼,プライム（内国株式）,1718.0,0.38887426710573464,0.32801626306452336,44.83,11.551321,0.09511,中立
5464.T,モリ工業,鉄鋼,スタンダード（内国株式）,945.0,0.06949624284985138,0.18882780822696807,36.0,10.350987,0.060370002,-
5471.T,大同特殊鋼,鉄鋼,プライム（内国株式）,2227.0,0.8594988371242058,0.4469914959781091,49.0,13.504891,0.06082,-
547A.T,ムニノバホールディングス,その他金融業,プライム（内国株式）,452.0,-0.030154765867130656,0.31336684395063297,12.0,7.70416,0.11686,買い
5480.T,日本冶金工業,鉄鋼,プライム（内国株式）,5280.0,0.2691722242285952,0.2890805952940476,220.0,7.1650114,0.08234999,-
5482.T,愛知製鋼,鉄鋼,プライム（内国株式）,3165.0,0.25668068187303955,0.3743076570631596,145.0,18.020983,0.0,-
5484.T,東北特殊鋼,鉄鋼,スタンダード（内国株式）,4450.0,1.2896793899899763,0.45657182548694425,15.0,17.12329,0.04086,-
5491.T,日本金属,鉄鋼,スタンダード（内国株式）,928.0,0.23087066135017978,0.3594651171792035,5.0,5.0215135,0.05136,-
5527.T,ｐｒｏｐｅｒｔｙ　ｔｅｃｈｎｏｌｏｇｉｅｓ,不動産業,グロース（内国株式）,704.0,0.13123059768995984,0.3574918106598607,25.0,8.409611,0.1364,-
5532.T,リアルゲイト,不動産業,グロース（内国株式）,3390.0,0.20085015940488843,0.5527624848276922,0.0,35.4171,0.29783002,-
5533.T,エリッツホールディングス,不動産業,スタンダード（内国株式）,1960.0,0.0065552674088714515,0.1876798661917247,68.0,9.552927,0.14089,-
5534.T,エンゼルグループ,不動産業,PRO Market,850.0,0.001177856301531213,0.0011994701465661223,1.0,13.07089,0.0,-
5535.T,ミガロホールディングス,不動産業,プライム（内国株式）,279.0,-0.6969032737782452,0.5138786270881208,8.5,29.005753,0.10109,-
5537.T,ＡｌｂａＬｉｎｋ,不動産業,グロース（内国株式）,3255.0,2.0736543909348444,5.827052608318347,0.0,24.46949,0.671,-
5541.T,大平洋金属,鉄鋼,プライム（内国株式）,2623.0,0.39928005598262173,0.5240333867528053,135.0,-65.63415,0.012309999,-
5542.T,新報国マテリアル,鉄鋼,スタンダード（内国株式）,950.0,0.21526077965387616,0.2742118438621957,25.0,13.7466755,0.27445,-
5563.T,新日本電工,鉄鋼,プライム（内国株式）,449.0,0.40089255194254303,0.39620460770231897,12.5,41.40187,0.0196,-
5570.T,ジェノバ,情報・通信業,グロース（内国株式）,608.0,-0.13243889039654225,0.2985923756273737,6.0,18.008074,0.15685001,-
5571.T,エキサイトホールディングス,情報・通信業,スタンダード（内国株式）,1002.0,-0.18444290309244427,0.32042825571197325,31.5,0.0,0.01189,-
5572.T,Ｒｉｄｇｅ－ｉ,情報・通信業,グロース（内国株式）,2806.0,-0.020593368237347295,0.6191075578463863,0.0,59.500294,0.0,-
5574.T,ＡＢＥＪＡ,情報・通信業,グロース（内国株式）,2746.0,-0.18029850746268658,0.5804018654140412,0.0,70.33781,0.12532,-
5575.T,Ｇｌｏｂｅｅ,情報・通信業,グロース（内国株式）,1295.0,0.4388888888888889,0.5781863625391063,0.0,11.943971,0.2967,-
5576.T,オービーシステム,情報・通信業,スタンダード（内国株式）,2950.0,0.07169572753214634,0.2619805545973822,105.0,12.475016,0.0,-
5578.T,ＡＲアドバンストテクノロジ,情報・通信業,グロース（内国株式）,854.0,-0.09132415821111094,0.59639269068573,6.666667,20.661346,0.28108,-
5580.T,プロディライト,情報・通信業,グロース（内国株式）,1707.0,-0.07529794149512459,0.3302789615102711,0.0,22.883427,0.0,-
5581.T,カイテクノロジー,情報・通信業,PRO Market,193.0,-0.12272727272727273,0.1513813784708163,6.0,11.494937,0.0,-
5582.T,グリッド,情報・通信業,グロース（内国株式）,1985.0,-0.23181114551083593,0.5124453420663583,0.0,28.500708,0.114300005,-
5586.T,Ｌａｂｏｒｏ．ＡＩ,情報・通信業,グロース（内国株式）,895.0,-0.1259765625,0.3736342888506486,0.0,95.46961,0.0,-
5587.T,インバウンドプラットフォーム,情報・通信業,グロース（内国株式）,840.0,-0.3473193473193473,0.5387461787242444,0.0,12.622377,0.15379,-
5588.T,ファーストアカウンティング,情報・通信業,グロース（内国株式）,809.0,-0.4795166522082025,0.5234488651413056,3.7,46.006943,0.13015,-
5589.T,オートサーバー,情報・通信業,スタンダード（内国株式）,2836.0,0.20859397922046574,0.1402371600106978,66.0,13.54986,0.11979,-
5590.T,ネットスターズ,情報・通信業,グロース（内国株式）,699.0,-0.3581267217630854,0.5162053173243928,0.0,27.467218,0.06582,-
5591.T,ＡＶＩＬＥＮ,情報・通信業,グロース（内国株式）,859.0,-0.40594744121715076,0.517531007448618,0.0,34.045635,0.2723,-
5592.T,くすりの窓口,情報・通信業,グロース（内国株式）,2665.0,-0.31508583826979464,0.48404828894273993,38.0,9.593544,0.29607,強気買い
5594.T,エム・デー・ビー,情報・通信業,PRO Market,500.0,0.0,0.0,0.0,0.0,0.0,-
5597.T,ブルーイノベーション,情報・通信業,グロース（内国株式）,1363.0,-0.4526104417670683,0.8565188272020126,0.0,0.0,-1.5173199,-
5598.T,Ｙｏｔｔａｖｉａｓ,情報・通信業,PRO Market,3200.0,0.0,0.0,0.0,54.054054,0.072069995,-
5599.T,Ｓ＆Ｊ,情報・通信業,グロース（内国株式）,990.0,-0.28448057198641147,0.6561062762124715,15.0,22.47242,0.19872,-
5602.T,栗本鐵工所,鉄鋼,プライム（内国株式）,1717.0,0.18896278734834254,0.36706783854864633,57.6,12.846512,0.083680004,-
5603.T,虹技,鉄鋼,スタンダード（内国株式）,1318.0,0.11836756678371296,0.3029435222296121,50.0,5.156706,0.03432,-
5609.T,日本鋳造,鉄鋼,スタンダード（内国株式）,921.0,0.06359502418164267,0.23244623271630774,20.0,8.039308,0.02227,-
5612.T,日本鋳鉄管,鉄鋼,スタンダード（内国株式）,1613.0,-0.05382942244316115,0.4696821916174349,25.0,0.0,0.00042,-
5616.T,雨風太陽,情報・通信業,グロース（内国株式）,630.0,-0.4714765100671141,0.32165061579889487,0.0,0.0,-0.01159,-
5617.T,ウィル・ドゥ,情報・通信業,PRO Market,1437.0,0.0,0.0,0.0,8.5909,0.0,-
5618.T,ナイル,情報・通信業,グロース（内国株式）,277.0,-0.4081196581196581,0.34785204478248627,0.0,0.0,-0.29429,-
5619.T,マーソ,情報・通信業,グロース（内国株式）,849.0,-0.24533333333333332,0.27483804485614216,0.0,0.0,-0.01158,-
5620.T,エスピーオー,情報・通信業,PRO Market,2200.0,0.0,0.0,0.0,21.097046,0.0,-
5621.T,ヒューマンテクノロジーズ,情報・通信業,グロース（内国株式）,1630.0,-0.3623376876412813,0.4682022736263526,32.0,21.92944,0.16368,-
5622.T,ワンビ,情報・通信業,PRO Market,1200.0,0.0,0.0,0.0,6.277464,0.0,-
5631.T,日本製鋼所,機械,プライム（内国株式）,7410.0,-0.17364755717204208,0.5469945382848636,92.0,33.183228,0.105450004,強気買い
5632.T,三菱製鋼,鉄鋼,プライム（内国株式）,2440.0,0.4688131241782306,0.34422298132322,81.0,9.198184,0.05906,-
5644.T,メタルアート,鉄鋼,スタンダード（内国株式）,7460.0,1.1436480832423666,0.3944608640583507,150.0,8.092159,0.09182,-
5658.T,日亜鋼業,鉄鋼,スタンダード（内国株式）,402.0,0.07289163161963702,0.2568934416859807,10.0,30.813475,0.01638,-
5659.T,日本精線,鉄鋼,プライム（内国株式）,1396.0,0.29650363334036606,0.31687539084479066,42.0,18.35084,0.05684,-
5660.T,神鋼鋼線工業,鉄鋼,スタンダード（内国株式）,1900.0,0.43370971652251705,0.3088353980488971,65.0,9.149029,0.04046,-
5695.T,パウダーテック,鉄鋼,スタンダード（内国株式）,2977.0,0.4083484355504439,0.25607415260936456,120.0,21.097223,0.02377,-
5697.T,サンユウ,鉄鋼,スタンダード（内国株式）,821.0,0.5527998737559576,0.29822984834059363,30.0,7.409003,0.05921,-
5698.T,エンビプロ・ホールディングス,鉄鋼,スタンダード（内国株式）,799.0,0.6377393699637806,0.6602312529512001,25.0,15.48913,0.10137,-
5699.T,イボキン,鉄鋼,スタンダード（内国株式）,1593.0,0.21193043052515892,0.495607736804196,32.0,8.672012,0.12605,-
5702.T,大紀アルミニウム工業所,非鉄金属,プライム（内国株式）,1867.0,0.7158536522431184,0.3860691787879669,55.0,593.2075,0.0,-
5703.T,日本軽金属ホールディングス,非鉄金属,プライム（内国株式）,3025.0,0.6050102683661523,0.3394468138133585,80.0,14.112083,0.06436,-
5704.T,ＪＭＣ,非鉄金属,グロース（内国株式）,385.0,-0.13288288288288289,0.263813832839638,0.0,9.122402,-0.55541,-
5706.T,三井金属,非鉄金属,プライム（内国株式）,28210.0,2.0974640975274688,0.8421440458854292,245.0,43.10366,0.18378,買い
5707.T,東邦亜鉛,非鉄金属,プライム（内国株式）,1145.0,0.7834890965732088,0.8182199247080401,0.0,-17.758152,0.46137002,-
5711.T,三菱マテリアル,非鉄金属,プライム（内国株式）,5565.0,1.2516425586189912,0.5454790721185901,100.0,48.52024,0.03817,中立
5713.T,住友金属鉱山,非鉄金属,プライム（内国株式）,10760.0,1.9575710007595086,0.6630447661070417,228.0,110.83986,0.05041,買い
5714.T,ＤＯＷＡホールディングス,非鉄金属,プライム（内国株式）,10120.0,1.0251464623087894,0.49999158472391714,368.0,28.827448,0.05696,中立
5715.T,古河機械金属,非鉄金属,プライム（内国株式）,4160.0,0.5917471164380593,0.5735179394680929,80.0,11.198301,0.109239995,-
5721.T,エスクリプトエナジー,非鉄金属,スタンダード（内国株式）,57.0,-0.7553648068669528,1.2302428744687635,0.0,0.0,0.01839,-
5724.T,アサカ理研,非鉄金属,スタンダード（内国株式）,2834.0,1.2393554519265624,0.8547629764465325,16.0,55.481285,0.08474,-
5726.T,大阪チタニウムテクノロジーズ,非鉄金属,プライム（内国株式）,2924.0,0.542263003998754,0.7621082270829141,18.0,17.616798,0.11534,-
5729.T,日本精鉱,非鉄金属,スタンダード（内国株式）,1786.0,-0.3915772594655196,0.7282226508456896,100.0,4.76869,0.42617,-
5741.T,ＵＡＣＪ,非鉄金属,プライム（内国株式）,2241.0,0.5678047130801039,0.5599674744571621,55.0,32.720955,0.09786,買い
5742.T,エヌアイシ・オートテック,非鉄金属,スタンダード（内国株式）,751.0,0.028913799800394945,0.1499622866163352,41.0,21.95888,-0.059359998,-
5753.T,日本伸銅,非鉄金属,スタンダード（内国株式）,2536.0,0.16991151658454445,0.35069043414780493,15.0,7.6658564,-0.06956,-
5757.T,ＣＫサンエツ,非鉄金属,プライム（内国株式）,5350.0,0.349436467286468,0.3350485512019368,90.0,8.517737,0.0345,-
5801.T,古河電気工業,非鉄金属,プライム（内国株式）,3818.0,3.548194202033429,0.8967316793617568,21.0,90.54543,0.14886,買い
5802.T,住友電気工業,非鉄金属,プライム（内国株式）,2178.5,1.2795821604657809,0.6936585248235286,38.5,37.70178,0.110249996,買い
5803.T,フジクラ,非鉄金属,プライム（内国株式）,5280.0,1.799971077032905,0.8482898684634461,37.499993,69.25038,0.31145,買い
5805.T,ＳＷＣＣ,非鉄金属,プライム（内国株式）,13890.0,0.7845385187651276,0.6382284618379007,223.0,27.665358,0.19093001,-
5816.T,オーナンバ,非鉄金属,スタンダード（内国株式）,1433.0,0.41996138485213047,0.46776582593903865,56.0,15.831389,0.05481,-
5817.T,ＪＭＡＣＳ,非鉄金属,スタンダード（内国株式）,993.0,1.1587926119994005,1.069027386463241,15.0,40.432487,0.01284,-
5819.T,カナレ電気,非鉄金属,スタンダード（内国株式）,1728.0,0.04881342028239874,0.25537790208696226,71.0,11.149052,0.064840004,-
5820.T,三ッ星,非鉄金属,スタンダード（内国株式）,802.0,0.14225350300620296,0.43203409850907254,17.0,15.613872,0.03452,-
5821.T,平河ヒューテック,非鉄金属,プライム（内国株式）,3200.0,0.6308937097699271,0.5712768563211827,47.0,22.921663,0.080860004,-
5830.T,いよぎんホールディングス,銀行業,プライム（内国株式）,3882.0,0.9774350617250788,0.3958120802762301,60.0,14.276857,0.08351,買い
5831.T,しずおかフィナンシャルグループ,銀行業,プライム（内国株式）,3450.0,0.8552034892193342,0.34034458541840545,80.0,18.21044,0.07481,買い
5832.T,ちゅうぎんフィナンシャルグループ,銀行業,プライム（内国株式）,3411.0,0.6998007291713684,0.3507064205674994,90.0,18.468548,0.06578,-
5834.T,ＳＢＩリーシングサービス,証券、商品先物取引業,グロース（内国株式）,2762.0,0.13905978135944097,0.3802351491297913,115.0,7.479263,0.25305,-
5838.T,楽天銀行,銀行業,プライム（内国株式）,6095.0,-0.26795580110497236,0.5355556527051429,0.0,18.956617,0.19795999,-
5840.T,日本総険,保険業,PRO Market,505.0,-0.49625935162094764,0.5092635481212678,7.5,14.064894,0.34559,-
5842.T,インテグラル,証券、商品先物取引業,グロース（内国株式）,3165.0,-0.12197338172969585,0.3920332454876884,38.5,20.174166,0.101169996,-
5843.T,ニッポンインシュア,その他金融業,スタンダード（内国株式）,2439.0,-0.2716139431642501,0.35680370535505196,19.0,12.961861,0.24744,-
5844.T,京都フィナンシャルグループ,銀行業,プライム（内国株式）,4841.0,0.7609426963554067,0.3445836412528671,180.0,30.258835,0.03783,中立
5845.T,全保連,その他金融業,スタンダード（内国株式）,1249.0,0.47522712392645006,0.2432913334555378,40.0,14.25926,0.21017,強気買い
5851.T,リョービ,非鉄金属,プライム（内国株式）,2795.0,0.19573541312506448,0.30741166726168856,102.0,7.3690286,0.06385,-
5852.T,アーレスティ,非鉄金属,プライム（内国株式）,683.0,-0.24047817625799278,0.38666952114361114,42.0,12.040978,0.044310004,-
5857.T,ＡＲＥホールディングス,非鉄金属,プライム（内国株式）,3910.0,1.0502387453512219,0.4709909105421596,125.0,17.055042,0.15116,-
5858.T,ＳＴＧ,非鉄金属,グロース（内国株式）,1150.0,-0.36700028025664816,0.5340404257077406,20.0,9.784968,0.10423,-
5866.T,ＷｉｚＢｉｚ,サービス業,PRO Market,300.0,0.0,0.0,0.0,0.0,0.32075,-
5867.T,エスネットワークス,サービス業,グロース（内国株式）,1208.0,-0.002138015812826663,0.3481422857322412,50.0,16.666666,0.13262999,-
5868.T,ロココ,サービス業,スタンダード（内国株式）,1000.0,0.03805599179236295,0.36146336706734344,55.0,13.004644,0.11107001,-
5869.T,早稲田学習研究会,サービス業,スタンダード（内国株式）,1261.0,0.13695153689307202,0.14566344027851788,62.0,13.071766,0.14295,-
5870.T,ナルネットコミュニケーションズ,サービス業,グロース（内国株式）,902.0,-0.0014359153434963428,0.4146186379346222,29.0,13.820806,0.0,-
5871.T,ＳＯＬＩＺＥ　Ｈｏｌｄｉｎｇｓ,サービス業,スタンダード（内国株式）,1374.0,-0.1679888448286032,0.31354306212095945,55.0,0.0,-0.00316,-
5884.T,クラダシ,小売業,グロース（内国株式）,616.0,0.2222222222222222,0.35328356195701865,0.0,124.17303,0.0,-
5885.T,ジーデップ・アドバンス,卸売業,スタンダード（内国株式）,3170.0,0.019173554134175947,0.5798144947998011,44.0,25.558636,0.21959,-
5888.T,ＤＡＩＷＡ　ＣＹＣＬＥ,小売業,グロース（内国株式）,2800.0,-0.322049287622103,0.32283776620354016,70.0,10.309126,0.16012,強気買い
5889.T,Ｊａｐａｎ　Ｅｙｅｗｅａｒ　Ｈｏｌｄｉｎｇｓ,小売業,プライム（内国株式）,2627.0,0.26839995850661535,0.3779719369812645,85.0,13.525067,0.21862,-
5890.T,オフィスバスターズ,小売業,PRO Market,3500.0,0.0,0.0,0.0,7.320644,0.0,-
5891.T,ＳＡＫＩＧＡＫＥホールディングス,小売業,スタンダード（内国株式）,1664.0,-0.1307959554222879,0.24288571823873076,23.0,28.645634,0.058790002,-
5892.T,ｙｕｔｏｒｉ,小売業,グロース（内国株式）,2455.0,-0.5287907869481766,0.6594462512901476,0.0,27.279465,0.0,-
5893.T,ＲＡＶＩＰＡ,小売業,PRO Market,510.0,0.032126478182632076,0.022903364943375415,16.0,0.0,0.0,-
5900.T,ダイケン,金属製品,スタンダード（内国株式）,877.0,0.10715890071038385,0.1635575618756185,20.0,26.759167,0.01282,-
5901.T,東洋製罐グループホールディングス,金属製品,プライム（内国株式）,4448.0,0.2997260011288685,0.3213110689582266,132.0,12.320141,0.06928,-
5902.T,ホッカンホールディングス,金属製品,プライム（内国株式）,2744.0,0.38491809742671124,0.21550833062101968,94.0,8.14558,0.05069,-
5905.T,日本製罐,金属製品,スタンダード（内国株式）,1370.0,0.04138466272173536,0.16922636965409918,20.0,0.0,0.08821,-
5906.T,エムケー精工,金属製品,スタンダード（内国株式）,751.0,0.4352341076753584,0.4152238682061857,15.0,8.415399,0.114630006,-
5909.T,コロナ,金属製品,スタンダード（内国株式）,995.0,0.06361789593898562,0.24035484431024456,28.0,40.57428,0.009509999,-
590A.T,ギフティグループ,情報・通信業,プライム（内国株式）,1393.0,-0.027986498828196003,0.5121277586472001,13.0,0.0,0.0,-
5911.T,横河ブリッジホールディングス,金属製品,プライム（内国株式）,2985.0,0.1211602752943209,0.17954521093430864,120.0,9.881358,0.093760006,-
5915.T,駒井ハルテック,金属製品,スタンダード（内国株式）,2350.0,0.5302845500019714,0.34723437314776223,70.0,7.1157775,0.01597,-
5918.T,瀧上工業,金属製品,スタンダード（内国株式）,7580.0,0.06159727997427631,0.216992684070787,120.0,26.10055,0.01962,-
5921.T,川岸工業,金属製品,スタンダード（内国株式）,4280.0,0.001717061419372681,0.14399184347548882,160.0,8.000768,0.03625,-
5922.T,那須電機鉄工,金属製品,スタンダード（内国株式）,20230.0,0.5145901120476094,0.2313367737013277,640.0,11.261235,0.07556,-
5923.T,高田機工,金属製品,スタンダード（内国株式）,1163.0,0.08270854418806882,0.24054001747366024,50.0,0.0,0.07964,-
5928.T,アルメタックス,金属製品,スタンダード（内国株式）,285.0,0.025035488152670017,0.21054537072769697,8.0,36.61616,0.04772,-
5929.T,三和ホールディングス,金属製品,プライム（内国株式）,3617.0,-0.21705066255554678,0.3216333219263455,130.0,13.258483,0.19187,買い
5930.T,文化シヤッター,金属製品,プライム（内国株式）,1872.0,-0.2515468904743954,0.22405990755003583,74.0,10.124084,0.12384,-
5932.T,三協立山,金属製品,プライム（内国株式）,677.0,0.11682313848344808,0.26154925265525575,25.0,8.7202015,-0.03807,-
5933.T,アルインコ,金属製品,プライム（内国株式）,1143.0,0.12005393413690668,0.1875500002588436,44.0,11.493758,0.05683,-
5936.T,東洋シヤッター,金属製品,スタンダード（内国株式）,887.0,0.09142912503820819,0.17257340879280555,42.0,7.831529,0.07997,-
5938.T,ＬＩＸＩＬ,金属製品,プライム（内国株式）,1756.0,-0.04635058433861018,0.21560974535165206,90.0,51.119633,0.01543,中立
5939.T,大谷工業,金属製品,スタンダード（内国株式）,4795.0,-0.12010260404169176,0.4687067383129003,30.0,14.820722,0.06471,-
5940.T,不二サッシ,金属製品,スタンダード（内国株式）,747.0,-0.04655129526590752,0.2621596994517963,30.0,5.0623584,0.13073,-
5941.T,中西製作所,金属製品,スタンダード（内国株式）,2755.0,0.1812449230820765,0.13978290053652728,110.0,9.069943,0.05785,-
5942.T,日本フイルコン,金属製品,スタンダード（内国株式）,644.0,0.3147680155609538,0.28047205773987727,28.0,0.0,-0.02231,-
5943.T,ノーリツ,金属製品,プライム（内国株式）,2427.0,0.26843280222691096,0.2641367325887645,86.0,33.287968,0.02562,-
5945.T,天龍製鋸,金属製品,スタンダード（内国株式）,2398.0,0.22676667771590925,0.15982946279676322,85.0,13.879782,0.04343,-
5946.T,長府製作所,金属製品,プライム（内国株式）,2067.0,0.10596284201488153,0.1712434739116431,46.0,31.479456,0.01593,-
5947.T,リンナイ,金属製品,プライム（内国株式）,3575.0,-0.06195665111247232,0.23156748944610184,100.0,15.802115,0.09237,買い
5949.T,ユニプレス,輸送用機器,プライム（内国株式）,1343.0,0.22249201402917396,0.2567990634567918,60.0,8.49831,-0.11286,-
5950.T,日本パワーファスニング,金属製品,スタンダード（内国株式）,154.0,-0.2537353185033423,0.24938191468114776,2.5,0.0,-0.01429,-
5951.T,ダイニチ工業,金属製品,スタンダード（内国株式）,1252.0,0.6450589410602229,0.37555815927250485,28.0,12.285337,0.05722,-
5952.T,アマテイ,金属製品,スタンダード（内国株式）,185.0,0.038251403556246726,0.4774584100021375,5.0,13.852814,0.094510004,-
5955.T,ワイズホールディングス,金属製品,スタンダード（内国株式）,85.0,-0.025905255289900012,0.5837527528640505,1.0,48.97119,0.029679999,-
5956.T,トーソー,金属製品,スタンダード（内国株式）,572.0,0.07843802430834451,0.28727247318469573,15.5,7.683686,0.047909997,-
5957.T,日東精工,金属製品,プライム（内国株式）,773.0,0.2571166750773338,0.26601453654832635,25.0,13.070575,0.06001,-
5958.T,三洋工業,金属製品,スタンダード（内国株式）,4605.0,0.19789896703086357,0.31925100310709836,220.0,9.926594,0.07421,-
5959.T,岡部,金属製品,プライム（内国株式）,948.0,0.03496146189138084,0.19693079748237555,42.0,13.949603,0.0541,-
5962.T,浅香工業,その他製品,スタンダード（内国株式）,1995.0,0.3043640660112113,0.30194412977012836,90.0,16.034021,0.047659997,-
5965.T,フジマック,金属製品,スタンダード（内国株式）,1194.0,0.26063474913895,0.2722530806338053,50.0,7.3373976,0.01836,-
5966.T,京都機械工具,金属製品,スタンダード（内国株式）,2565.0,0.054675536071819894,0.1676845395010276,85.0,13.351026,0.04363,-
5967.T,ＴＯＮＥ,金属製品,スタンダード（内国株式）,454.0,-0.04510635260583173,0.3673579353737913,13.0,14.989161,0.06277,-
5969.T,ロブテックス,金属製品,スタンダード（内国株式）,1175.0,-0.001934622653189079,0.36785617010608546,30.0,75.81047,-0.00204,-
5970.T,ジーテクト,金属製品,プライム（内国株式）,2372.0,0.2841999924526561,0.2301911439981137,96.0,6.7156534,0.04644,-
5971.T,共和工業所,金属製品,スタンダード（内国株式）,7820.0,0.3391055862065275,0.3056364731804025,80.0,12.284974,0.0519,-
5973.T,トーアミ,金属製品,スタンダード（内国株式）,613.0,0.1741510271286926,0.23560538837010297,17.0,28.840971,0.012259999,-
5974.T,中国工業,金属製品,スタンダード（内国株式）,857.0,0.5867796688701682,0.33621826507889596,23.0,6.4331017,0.06963,-
5975.T,東プレ,金属製品,プライム（内国株式）,3170.0,0.5465440642233524,0.2904640069705373,100.0,6.8322644,0.07433,中立
5976.T,高周波熱錬,金属製品,プライム（内国株式）,1563.0,0.3504582759088762,0.19106604026841506,71.0,27.598417,0.03625,-
5981.T,東京製綱,金属製品,プライム（内国株式）,1934.0,0.40131738620048923,0.34174174782349287,70.0,8.144434,0.11254,-
5982.T,マルゼン,金属製品,スタンダード（内国株式）,4150.0,0.2139684357065722,0.2782596357666118,125.0,12.879485,0.100109994,-
5983.T,イワブチ,金属製品,スタンダード（内国株式）,12960.0,0.7692578018554553,0.4352808322466263,300.0,15.174488,0.05248,-
5984.T,兼房,金属製品,スタンダード（内国株式）,771.0,0.19128585226960873,0.23182332556657606,26.0,8.596628,0.02005,-
5985.T,サンコール,金属製品,スタンダード（内国株式）,2500.0,1.8296610375571183,0.9783441322534547,20.0,11.947882,0.13563,-
5986.T,モリテック　スチール,金属製品,スタンダード（内国株式）,257.0,0.3413602164684475,0.3410988896353759,12.0,14.524103,0.039809998,-
5987.T,オーネックス,金属製品,スタンダード（内国株式）,1685.0,-0.10821194541374746,0.6489492410649366,20.0,11.792219,0.0431,-
5988.T,パイオラックス,金属製品,プライム（内国株式）,1724.0,-0.0087796957096461,0.18478987309457318,92.0,50.105457,0.0070499997,-
5989.T,エイチワン,金属製品,プライム（内国株式）,1550.0,0.14713152523881784,0.38646065540578317,64.0,4.1097193,0.11841,-
5990.T,スーパーツール,金属製品,スタンダード（内国株式）,1946.0,0.020020361207644454,0.08462583645870819,70.0,0.0,0.01963,-
5991.T,日本発條,金属製品,プライム（内国株式）,3479.0,0.9279705340829382,0.5069632077771339,66.0,13.365723,0.0,買い
5992.T,中央発條,金属製品,スタンダード（内国株式）,3730.0,0.15708650808449187,0.321312015446099,60.0,47.974556,0.11903,-
5994.T,ファインシンター,金属製品,スタンダード（内国株式）,997.0,0.105733098389094,0.5919923052038134,25.0,3.3697653,0.094849996,-
5997.T,協立エアテック,金属製品,スタンダード（内国株式）,945.0,0.4491674125651454,0.26934230669104725,20.0,8.430963,0.048860002,-
5998.T,アドバネクス,金属製品,スタンダード（内国株式）,2334.0,1.206078420716876,0.7514913003180188,35.0,10.718379,0.03482,-
6005.T,三浦工業,機械,プライム（内国株式）,3044.0,0.09121846601140472,0.2909578520903782,72.0,14.042882,0.13249,-
6013.T,タクマ,機械,プライム（内国株式）,3105.0,0.4423245071370685,0.3227892668835411,93.0,21.768038,0.10585,買い
6016.T,ジャパンエンジンコーポレーション,輸送用機器,スタンダード（内国株式）,9640.0,0.07473542777341254,0.6610487896229147,88.0,24.005325,0.076069996,-
6018.T,阪神内燃機工業,輸送用機器,スタンダード（内国株式）,5890.0,0.9276352170493649,0.46885482360459596,91.0,23.93922,0.055409998,-
6022.T,赤阪鐵工所,機械,スタンダード（内国株式）,2645.0,-0.2975123818085358,0.6173525211090773,30.0,27.495623,0.04118,-
6023.T,ダイハツインフィニアース,輸送用機器,スタンダード（内国株式）,3010.0,0.037480438309768986,0.48549911058498985,69.0,11.411304,0.10213,-
6027.T,弁護士ドットコム,サービス業,プライム（内国株式）,4475.0,0.34182908545727136,0.5887101414864692,0.0,45.021717,0.27734,強気買い
6029.T,アトラグループ,サービス業,スタンダード（内国株式）,189.0,-0.23170731707317074,0.615809974924082,0.0,6.00159,0.21024999,-
6030.T,アドベンチャー,サービス業,グロース（内国株式）,1500.0,-0.5360279156537415,0.4803306425122856,15.0,6.08031,-0.20596,-
6031.T,ＺＥＴＡ,サービス業,グロース（内国株式）,262.0,-0.3625365195755766,0.4983366556356836,4.4,25.625,-0.12675,-
6033.T,エクストリーム,サービス業,グロース（内国株式）,1662.0,0.3119615482087983,0.2961506177018849,62.0,7.724075,0.17176001,-
6034.T,ＭＲＴ,サービス業,グロース（内国株式）,634.0,-0.11944444444444445,0.226464404165035,0.0,61.89516,0.01931,-
6035.T,アイ・アールジャパンホールディングス,サービス業,スタンダード（内国株式）,738.0,0.00528842220645133,0.31403189508767076,28.0,17.099615,0.15542,-
6036.T,ＫｅｅＰｅｒ技研,サービス業,プライム（内国株式）,3285.0,0.0009115452931785259,0.36751487910089614,100.0,8.64176,0.47561002,-
6037.T,楽待,サービス業,スタンダード（内国株式）,1037.0,-0.06235520905249367,0.4327726892459001,13.0,14.035346,0.2543,-
6038.T,イード,サービス業,グロース（内国株式）,826.0,-0.029136137324326104,0.17854778636016758,23.0,10.143972,0.0991,-
6039.T,日本動物高度医療センター,サービス業,グロース（内国株式）,1065.0,0.373720877448213,0.5129533537399813,12.0,27.806887,0.17947,-
6040.T,日本スキー場開発,サービス業,グロース（内国株式）,463.0,-0.21958100865284733,0.31990834195825624,5.0,15.909866,0.17757,-
6042.T,ニッキ,輸送用機器,スタンダード（内国株式）,3955.0,0.351957105058823,0.36670929810657255,120.0,17.574814,0.05554,-
6044.T,三機サービス,サービス業,スタンダード（内国株式）,1932.0,0.16512046749271475,0.3487232635238543,30.0,14.13052,0.17547001,-
6045.T,レントラックス,サービス業,グロース（内国株式）,2076.0,0.4141006184957357,0.39027007627896465,24.0,19.763033,0.17286,-
6046.T,リンクバル,サービス業,スタンダード（内国株式）,142.0,0.09230769230769231,0.5302970816171749,0.0,0.0,-0.17676,-
6047.T,Ｇｕｎｏｓｙ,サービス業,スタンダード（内国株式）,414.0,-0.39939269647246667,0.3608027885964083,22.0,53.41615,0.0196,-
6049.T,イトクロ,サービス業,グロース（内国株式）,245.0,-0.14335664335664336,0.20963248239870275,0.0,32.494003,0.84427,-
6050.T,イー・ガーディアン,サービス業,プライム（内国株式）,1766.0,-0.10891019464613341,0.19650496637572779,35.0,20.508099,0.0,-
6054.T,リブセンス,サービス業,スタンダード（内国株式）,113.0,-0.18705035971223022,0.5078176905161915,0.0,0.0,-0.00095,-
6055.T,ジャパンマテリアル,サービス業,プライム（内国株式）,2067.0,0.49026794322801864,0.5793221486877786,32.0,20.308853,0.18457001,買い
6058.T,ベクトル,サービス業,プライム（内国株式）,1900.0,0.7523817329786268,0.4391669165992547,33.0,12.363499,0.30039,-
6059.T,ウチヤマホールディングス,サービス業,スタンダード（内国株式）,360.0,0.11922623588773013,0.1618349760522922,10.0,3.2782419,0.15976,-
6061.T,ユニバーサル園芸社,サービス業,スタンダード（内国株式）,3160.0,0.04123197734532729,0.30708182845028226,13.0,12.878788,0.1538,-
6062.T,チャーム・ケア・コーポレーション,サービス業,プライム（内国株式）,1407.0,0.31469769402669784,0.29969168264048174,43.0,13.457741,0.14607,-
6063.T,日本エマージェンシーアシスタンス,サービス業,スタンダード（内国株式）,1005.0,-0.0030063144653006547,0.3371404781882906,9.0,22.725025,0.054770004,-
6069.T,トレンダーズ,サービス業,グロース（内国株式）,700.0,-0.15779375273130655,0.35729079665892055,35.0,15.220635,0.07454,-
6070.T,キャリアリンク,サービス業,プライム（内国株式）,2655.0,0.1510879091567275,0.2022291340794774,120.0,12.589013,0.18441999,-
6071.T,ＩＢＪ,サービス業,プライム（内国株式）,955.0,0.20123914022996306,0.3305021613748133,10.0,12.955539,0.21184999,-
6072.T,地盤ネットホールディングス,サービス業,スタンダード（内国株式）,1131.0,5.8545454545454545,1.5525310084597805,0.0,401.79373,0.19389,-
6073.T,アサンテ,サービス業,プライム（内国株式）,1526.0,-0.046009959476192665,0.12223180466522332,62.0,30.309647,0.095290005,-
6074.T,ジェイエスエス,サービス業,スタンダード（内国株式）,519.0,-0.025584646049612664,0.22062221326376374,20.0,10.66613,0.0,-
6078.T,バリューＨＲ,サービス業,プライム（内国株式）,1590.0,0.020421465351697442,0.25569875743648146,27.5,63.05272,0.0926,-
6080.T,Ｍ＆Ａキャピタルパートナーズ,サービス業,プライム（内国株式）,4130.0,0.3880302607611139,0.30910226913253475,52.1,20.80947,0.11132,強気買い
6081.T,アライドアーキテクツ,サービス業,グロース（内国株式）,167.0,-0.2544642857142857,0.939629641746053,0.0,10.64935,-0.32424,-
6082.T,ライドオンエクスプレスホールディングス,サービス業,スタンダード（内国株式）,1023.0,0.038193078717763874,0.08402435344238167,15.0,20.553034,0.05207,-
6083.T,ＥＲＩホールディングス,サービス業,スタンダード（内国株式）,1650.0,0.7265140575283712,0.4442283261648818,41.999998,13.718522,0.44101003,-
6085.T,アーキテクツ・スタジオ・ジャパン,サービス業,グロース（内国株式）,122.0,3.552238935562787,1.6596993231907655,0.0,0.0,-22.15789,-
6086.T,シンメンテホールディングス,サービス業,グロース（内国株式）,1042.0,-0.05734139578686887,0.32876654010212936,20.0,16.616648,0.31033,-
6087.T,アビスト,サービス業,スタンダード（内国株式）,3525.0,0.068445356653874,0.0916666148868088,102.0,20.8767,0.10232,-
6088.T,シグマクシス・ホールディングス,サービス業,プライム（内国株式）,560.0,-0.4337293404688269,0.3962597287105378,26.0,12.010797,0.30336002,-
6089.T,ウィルグループ,サービス業,プライム（内国株式）,1177.0,0.22621598682063618,0.20741147393704637,44.0,15.062549,0.10308,-
6090.T,ヒューマン・メタボローム・テクノロジーズ,サービス業,スタンダード（内国株式）,612.0,-0.1700761498185583,0.25773121275905597,18.0,19.725029,-0.02852,-
6091.T,ウエスコホールディングス,サービス業,スタンダード（内国株式）,900.0,0.2080175677685026,0.25685172210502266,28.0,13.088214,0.055409998,-
6092.T,エンバイオ・ホールディングス,サービス業,スタンダード（内国株式）,862.0,0.33329003266431284,0.39910731104758945,9.0,11.403509,-0.02325,-
6093.T,ミトラグループ,サービス業,スタンダード（内国株式）,165.0,0.30373639771059074,0.3435609682573416,6.0,41.013824,0.053600002,-
6094.T,フリークアウト・ホールディングス,サービス業,グロース（内国株式）,579.0,0.15338645418326693,0.40514441846009447,0.0,44.42332,0.05408,-
6098.T,リクルートホールディングス,サービス業,プライム（内国株式）,15900.0,0.7936751402878566,0.5230996486790828,25.0,23.797989,0.2732,買い
6099.T,エラン,サービス業,プライム（内国株式）,762.0,-0.07633951437089939,0.25765864300743396,15.0,16.550064,0.20815,-
6101.T,ツガミ,機械,プライム（内国株式）,5410.0,1.6259879587390391,0.5733657800657717,85.0,14.750107,0.24914,-
6103.T,オークマ,機械,プライム（内国株式）,4935.0,0.4318190608022447,0.4153499755132243,100.0,23.666437,0.044,-
6104.T,芝浦機械,機械,プライム（内国株式）,4255.0,0.12227069005640691,0.4158506671394737,140.0,17.381702,0.01891,-
6113.T,アマダ,機械,プライム（内国株式）,2602.5,0.523761603490124,0.4080058394428897,62.0,28.78276,0.0,-
6118.T,アイダエンジニアリング,機械,プライム（内国株式）,1263.0,0.3749912040530129,0.3238579795285947,39.0,12.790331,0.06145,-
6125.T,岡本工作機械製作所,機械,スタンダード（内国株式）,4795.0,0.08944847514089933,0.5192465505880963,160.0,12.267789,0.0399,-
6134.T,ＦＵＪＩ,機械,プライム（内国株式）,7257.0,1.7482262303775868,0.5661226921399096,90.0,32.96164,0.0,-
6135.T,牧野フライス製作所,機械,プライム（内国株式）,15030.0,0.34057155847871845,0.31120194291101533,270.0,17.682955,0.07453,-
6136.T,オーエスジー,機械,プライム（内国株式）,3639.0,0.8663089980437075,0.323832005115979,99.0,17.867682,0.07925,買い
6137.T,小池酸素工業,機械,スタンダード（内国株式）,1469.0,0.1675745070427728,0.36190018318312195,50.0,15.347361,0.064229995,-
6138.T,ダイジェット工業,機械,スタンダード（内国株式）,2083.0,1.1043537187198345,0.5351954430933196,55.0,8.930786,0.07388,-
6140.T,旭ダイヤモンド工業,機械,プライム（内国株式）,1185.0,0.5477085868831908,0.569820468274022,30.0,20.629616,0.0,-
6141.T,ＤＭＧ森精機,機械,プライム（内国株式）,2996.5,-0.05486615948588363,0.5454374363285949,105.0,78.20856,0.02116,中立
6143.T,ソディック,機械,プライム（内国株式）,1667.0,1.039064567089031,0.5074570808915988,35.0,17.471182,0.13653,-
6144.T,西部電機,機械,スタンダード（内国株式）,2982.0,0.5233770624109843,0.3860287094279972,84.0,12.72552,0.112799995,-
6145.T,ＮＩＴＴＯＫＵ,機械,スタンダード（内国株式）,2400.0,0.12873807510338212,0.4198077453666317,82.0,15.41221,0.07749,中立
6146.T,ディスコ,機械,プライム（内国株式）,61360.0,0.6026853991623432,0.6829862827405047,505.0,57.39594,0.0,買い
6147.T,ヤマザキ,機械,スタンダード（内国株式）,195.0,-0.3762240476516345,0.351511081141271,10.0,0.0,-0.18687001,-
6149.T,小田原エンジニアリング,機械,スタンダード（内国株式）,2250.0,0.007764686945598203,0.2984582219277543,70.0,4.826088,0.13239999,-
6150.T,タケダ機械,機械,スタンダード（内国株式）,2775.0,-0.04784139603017615,0.1600747521035205,80.0,11.919654,0.04911,-
6151.T,日東工器,機械,プライム（内国株式）,1763.0,-0.031111769447673514,0.2521473465268567,40.0,61.803516,0.03507,-
6155.T,高松機械工業,機械,スタンダード（内国株式）,535.0,0.11497250868941657,0.25541705972941026,10.0,0.0,-0.00936,-
6156.T,エーワン精密,機械,スタンダード（内国株式）,1872.0,0.11886391065795843,0.14646319378689962,100.0,0.0,-0.023359999,-
6157.T,日進工具,機械,スタンダード（内国株式）,854.0,0.10898014891090867,0.37951432462059864,30.0,17.22042,0.070310004,-
6158.T,和井田製作所,機械,スタンダード（内国株式）,987.0,0.16316982213458353,0.2803647390887011,34.0,21.078537,0.00985,-
6159.T,ミクロン精密,機械,スタンダード（内国株式）,1888.0,0.1412273341818354,0.4388509388416999,20.0,13.774444,0.06742,-
6161.T,エスティック,機械,スタンダード（内国株式）,1079.0,0.03655745162051812,0.1966749673386643,29.0,8.885792,0.10271,-
6165.T,パンチ工業,機械,スタンダード（内国株式）,526.0,0.2992438727338664,0.3525071797153741,19.560000000000002,10.826337,0.04204,-
6166.T,中村超硬,機械,グロース（内国株式）,635.0,0.9251844140934771,1.1673470574801985,5.0,45.23954,0.17679001,-
6167.T,冨士ダイス,機械,プライム（内国株式）,1056.0,0.21820559128882694,0.5658473641813925,40.0,58.50267,0.02084,-
6171.T,土木管理総合試験所,サービス業,スタンダード（内国株式）,372.0,-0.11882592590102657,0.333086675937516,12.0,12.047128,0.09596,-
6176.T,ブランジスタ,サービス業,スタンダード（内国株式）,997.0,0.43245028623402904,0.4105844158312401,35.0,18.260345,0.12773,強気買い
6177.T,ＡｐｐＢａｎｋ,サービス業,グロース（内国株式）,83.0,-0.7707182320441989,1.0325155207875545,0.0,0.0,0.0,-
6178.T,日本郵政,サービス業,プライム（内国株式）,2336.0,0.6038034334018664,0.2819788103106611,50.0,15.251419,0.04378,買い
6180.T,ＧＭＯメディア,サービス業,グロース（内国株式）,3780.0,-0.22454921032924685,0.2851849899423244,241.0,12.134211,-0.04723,-
6181.T,タメニー,サービス業,グロース（内国株式）,83.0,-0.35658914728682173,0.603261388310211,0.0,5.68306,-1.22481,-
6182.T,メタリアル,サービス業,グロース（内国株式）,478.0,-0.2542901716068643,0.49764281712234676,0.0,172.14285,-0.01081,-
6183.T,ベルシステム２４ホールディングス,サービス業,プライム（内国株式）,1411.0,0.08932351166119377,0.19199513312632682,60.0,13.059668,0.13697,-
6184.T,鎌倉新書,サービス業,プライム（内国株式）,601.0,0.03171609048244865,0.2757288547078154,20.0,20.65934,0.16489,-
6185.T,ＳＭＮ,サービス業,スタンダード（内国株式）,368.0,-0.24279835390946503,0.31241317752821374,0.0,12.047073,0.11998,-
6186.T,一蔵,サービス業,スタンダード（内国株式）,384.0,0.0016294602593986106,0.1885876609746181,14.0,2.4333117,-0.03684,-
6189.T,グローバルキッズＣＯＭＰＡＮＹ,サービス業,スタンダード（内国株式）,1031.0,0.4154019770325173,0.2747681596566308,40.0,137.66405,0.02331,-
6190.T,フェニックスバイオ,サービス業,グロース（内国株式）,346.0,-0.15815085158150852,0.6591625079437374,0.0,0.0,-0.12869,-
6191.T,エアトリ,サービス業,プライム（内国株式）,835.0,-0.19048777693727095,0.3731270768369905,10.0,8.85884,0.15899,-
6193.T,バーチャレクス・ホールディングス,サービス業,グロース（内国株式）,1134.0,0.04714133879981915,0.1953464633876375,15.0,13.255101,0.10865,-
6194.T,アトラエ,サービス業,プライム（内国株式）,902.0,0.20397273409386973,0.31817439679540277,31.0,13.530484,0.11271,-
6195.T,ホープ,サービス業,グロース（内国株式）,200.0,0.0,0.2773633141414407,0.0,9.817351,0.0,-
6196.T,ストライクグループ,サービス業,プライム（内国株式）,1359.0,0.0029438073066996415,0.35040796217781967,60.0,17.55092,0.28576002,-
6197.T,ソラスト,サービス業,プライム（内国株式）,1118.0,1.361878737638128,0.37856576489105315,11.0,23.496002,0.0,買い
6198.T,キャリア,サービス業,グロース（内国株式）,206.0,-0.31333333333333335,0.2414935714123157,0.0,2.871844,0.12938,-
6199.T,セラク,情報・通信業,スタンダード（内国株式）,1388.0,-0.11031078219519243,0.32123743992513015,13.2,11.715118,0.15803,-
6200.T,インソース,サービス業,プライム（内国株式）,737.0,-0.21450089582616952,0.30168698802063476,25.0,14.041862,0.40511,強気買い
6203.T,豊和工業,機械,スタンダード（内国株式）,1446.0,0.2178629839988847,0.6907134465227269,20.0,57.939915,0.02298,-
6208.T,石川製作所,機械,スタンダード（内国株式）,1626.0,-0.042119457056396414,0.6075662406523626,20.0,39.636166,0.08612,-
6209.T,リケンＮＰＲ,機械,プライム（内国株式）,3950.0,0.4811426930922424,0.2758144048364823,210.0,8.864557,0.082159996,-
6217.T,津田駒工業,機械,スタンダード（内国株式）,797.0,1.2706552706552707,1.1848381477512056,0.0,2.0766773,-0.087460004,-
6218.T,エンシュウ,機械,スタンダード（内国株式）,633.0,0.3370692627624541,0.291066017964346,10.0,0.0,-0.12376001,-
6222.T,島精機製作所,機械,プライム（内国株式）,973.0,-0.09464171359395442,0.3723154012606392,20.0,15.007849,-0.03167,-
6223.T,西部技研,機械,スタンダード（内国株式）,1922.0,0.24104599879340088,0.3998939220260234,70.0,12.853664,0.112220004,-
6224.T,ＪＲＣ,機械,グロース（内国株式）,1133.0,-0.2634774805829881,0.39910959644315175,33.0,14.2418375,0.2591,-
6226.T,守谷輸送機工業,機械,スタンダード（内国株式）,2415.0,-0.008819365730327171,0.5502442236446305,29.5,21.621058,0.31624,-
6227.T,ＡＩメカテック,機械,スタンダード（内国株式）,5920.0,3.2271785620303857,1.024919699549704,5.666667,38.383965,0.26426,-
6228.T,ジェイ・イー・ティ,機械,スタンダード（内国株式）,497.0,-0.32103825136612024,0.7040022445309005,0.0,0.0,-0.23634,-
6229.T,オーケーエム,機械,スタンダード（内国株式）,1519.0,0.0009355682187371526,0.34939401118386376,55.0,13.768021,0.07171,-
6230.T,ＳＡＮＥＩ,機械,スタンダード（内国株式）,2130.0,0.07807614772834272,0.192258901644952,69.0,8.1009445,0.08351,-
6231.T,木村工機,機械,スタンダード（内国株式）,13260.0,0.14887976472495484,0.45728788109209667,200.0,15.564062,0.25661,-
6232.T,ＡＣＳＬ,機械,グロース（内国株式）,1655.0,0.455584872471416,0.8446800311329049,0.0,-29.32836,-1.3993801,-
6233.T,ＫＬＡＳＳ,機械,スタンダード（内国株式）,394.0,-0.07347887061750842,0.1423012784785052,10.0,12.515567,0.07316,-
6235.T,オプトラン,機械,プライム（内国株式）,2674.0,0.7618536236966307,0.6637541229825719,55.0,43.618187,0.048800003,-
6237.T,イワキポンプ,機械,プライム（内国株式）,4400.0,0.8184267254970117,0.44918688071751484,77.0,13.531481,0.11935,-
6238.T,フリュー,機械,プライム（内国株式）,1392.0,0.33638645390452426,0.30053517916286976,40.0,19.111555,0.091520004,-
6239.T,ナガオカ,機械,スタンダード（内国株式）,1380.0,0.00752486937556498,0.3535662250997401,35.0,16.65289,0.10383,-
6240.T,ヤマシンフィルタ,機械,プライム（内国株式）,537.0,-0.11911579658964301,0.4017747245488576,18.0,20.2,0.08131,-
6245.T,ヒラノテクシード,機械,スタンダード（内国株式）,1739.0,0.1422456617215203,0.48849801059771175,84.0,28.796907,0.019650001,-
6246.T,テクノスマート,機械,スタンダード（内国株式）,1836.0,-0.009771980108155028,0.2284997368115426,90.0,7.449868,0.13655,-
6247.T,日阪製作所,機械,プライム（内国株式）,1715.0,0.2790743724726175,0.36596063403682316,55.0,11.592014,0.06713,-
6248.T,横田製作所,機械,スタンダード（内国株式）,1745.0,0.14201634544767355,0.2849070508056935,60.0,11.821162,0.12169,-
6249.T,ゲームカードホールディングス,機械,スタンダード（内国株式）,2757.0,0.002506917125788755,0.2644744460628237,100.0,7.988479,0.06185,-
6250.T,やまびこ,機械,プライム（内国株式）,4045.0,0.7874674498517071,0.3540194577518903,100.0,11.589028,0.10637,-
6254.T,野村マイクロ・サイエンス,機械,プライム（内国株式）,3635.0,0.2905480557735993,0.7126039200282971,81.0,11.91231,0.32354,強気買い
6255.T,エヌ・ピー・シー,機械,グロース（内国株式）,686.0,-0.033513185911890064,0.4933685618305083,10.0,21.51005,0.093389995,-
6257.T,藤商事,機械,スタンダード（内国株式）,1007.0,-0.003810275856001823,0.14589595330814029,50.0,9.449627,0.0010899999,-
6258.T,平田機工,機械,プライム（内国株式）,3525.0,0.9051546146895914,0.561292993233378,70.0,13.259589,0.09392,強気買い
6262.T,ＰＥＧＡＳＵＳ,機械,スタンダード（内国株式）,535.0,-0.11814201194980835,0.4162789087935645,30.0,17.565218,0.02339,-
6264.T,マルマエ,機械,プライム（内国株式）,2045.0,1.819414101951114,0.7932415121027977,31.5,27.750166,0.19094999,-
6265.T,コンバム,機械,スタンダード（内国株式）,3210.0,0.5243501186029202,0.3343542638351584,65.0,16.796297,0.04131,-
6266.T,タツモ,機械,プライム（内国株式）,3545.0,0.7345148240709755,0.728525411334361,34.0,10.707269,0.13875,-
6267.T,ゼネラルパッカー,機械,スタンダード（内国株式）,3990.0,0.36999819435300246,0.2984335238772156,120.0,9.328447,0.09972,-
6268.T,ナブテスコ,機械,プライム（内国株式）,4527.0,0.48237728567173244,0.5062736725666421,81.0,38.161606,0.05459,買い
6269.T,三井海洋開発,機械,プライム（内国株式）,9600.0,0.3109342066493665,0.6416112374380648,180.0,16.764145,0.30591,-
6272.T,レオン自動機,機械,プライム（内国株式）,1532.0,0.13495459058090742,0.2509764093145122,58.0,11.270879,0.102060005,-
6273.T,ＳＭＣ,機械,プライム（内国株式）,71090.0,0.6107238089573713,0.47962755473298896,1000.0,27.785881,0.07903,買い
6276.T,シリウスビジョン,電気機器,スタンダード（内国株式）,366.0,0.4186046511627907,0.982322041642699,0.0,0.0,-0.06286,-
6277.T,ホソカワミクロン,機械,プライム（内国株式）,5300.0,-0.05683346503348057,0.34336961114555486,125.0,20.965527,0.05266,-
6278.T,ユニオンツール,機械,プライム（内国株式）,14450.0,0.8720133822236915,0.7794123039328698,145.0,48.302357,0.07985,-
6279.T,瑞光,機械,プライム（内国株式）,925.0,-0.041300640861979224,0.23152860370176795,18.0,12.40102,0.055159997,-
6282.T,オイレス工業,機械,プライム（内国株式）,2894.0,0.336570436075264,0.21247560825643216,85.0,13.586433,0.0806,-
6284.T,日精エー・エス・ビー機械,機械,プライム（内国株式）,8760.0,0.26302637098935616,0.41254677754949814,200.0,15.92221,0.13958,-
6286.T,靜甲,機械,スタンダード（内国株式）,1441.0,0.5573048366113609,0.3548046565954323,26.0,9.671239,0.07468,-
6287.T,サトー,機械,プライム（内国株式）,2759.0,0.2915103401498152,0.257893242470754,76.0,10.392255,0.08141,買い
6289.T,技研製作所,機械,プライム（内国株式）,1950.0,0.3880915088621784,0.358442969534713,59.0,35.926857,0.052649997,買い
6291.T,日本エアーテック,機械,スタンダード（内国株式）,1352.0,0.20046489955267022,0.2828903835412546,55.0,11.664881,0.00332,-
6292.T,カワタ,機械,スタンダード（内国株式）,860.0,0.06345479103507032,0.23454034981412797,38.0,9.72652,0.02523,-
6294.T,オカダアイヨン,機械,プライム（内国株式）,1951.0,-0.02297130550638771,0.21066632513770917,75.0,11.369156,0.09132,-
6298.T,ワイエイシイホールディングス,機械,プライム（内国株式）,1331.0,0.7469622172655633,0.5247135114413158,40.0,23.273918,0.06397,-
6301.T,小松製作所,機械,プライム（内国株式）,7065.0,0.48032440207933264,0.3963163354683751,190.0,15.064652,0.12517999,中立
6302.T,住友重機械工業,機械,プライム（内国株式）,5615.0,0.7401468018852478,0.43712466396560246,135.0,20.44139,0.046729997,-
6305.T,日立建機,機械,プライム（内国株式）,5644.0,0.2641145771816778,0.37923788057790314,175.0,13.939854,0.09613,-
6306.T,日工,機械,プライム（内国株式）,1034.0,0.4090674576027301,0.19425305547579022,40.0,16.934122,0.053829998,-
6307.T,サンセイ,機械,スタンダード（内国株式）,478.0,0.22611018870996655,0.4627180150338006,30.0,6.7784166,0.14455,-
6309.T,巴工業,機械,プライム（内国株式）,2011.0,0.2518783556992792,0.2569191866375942,72.0,14.811072,0.09047,-
6310.T,井関農機,機械,プライム（内国株式）,1832.0,0.014376847156458808,0.46255217035790513,40.0,13.998523,0.03856,-
6315.T,ＴＯＷＡ,機械,プライム（内国株式）,2274.0,0.3974049234186634,0.7964444203519252,20.0,33.463554,0.08688,買い
6316.T,丸山製作所,機械,スタンダード（内国株式）,2871.0,0.30995725902098215,0.20978213326920528,80.0,12.552869,0.04815,-
6317.T,北川鉄工所,機械,スタンダード（内国株式）,1881.0,0.2950427807855165,0.2960218527624009,102.0,4.8028817,0.064569995,-
6322.T,タクミナ,機械,スタンダード（内国株式）,1587.0,0.024257193756592313,0.11800889521247694,54.0,8.936388,0.11094,-
6323.T,ローツェ,機械,プライム（内国株式）,3929.0,1.1511827192480664,0.748281858738319,17.0,35.180435,0.15335,強気買い
6324.T,ハーモニック・ドライブ・システムズ,機械,プライム（内国株式）,5700.0,1.2669477824844029,0.8285341474702942,20.0,81.04789,0.0591,買い
6325.T,タカキタ,機械,スタンダード（内国株式）,418.0,-0.008980443297602572,0.1912616495847767,10.0,11.445783,0.02162,-
6326.T,クボタ,機械,プライム（内国株式）,2712.0,0.5653257237728706,0.40789186402967964,51.0,16.547268,0.07724,買い
6327.T,北川精機,機械,スタンダード（内国株式）,3235.0,3.4416600044582326,1.1376637107447036,23.0,31.934156,0.09548,-
6328.T,荏原実業,機械,プライム（内国株式）,2458.0,0.22836872164085595,0.39487198205279406,67.5,13.946039,0.17058,-
6330.T,東洋エンジニアリング,建設業,プライム（内国株式）,2328.0,0.2543103448275862,1.0706872949462511,0.0,20.547703,0.0,-
6331.T,三菱化工機,機械,プライム（内国株式）,3265.0,0.3324530976597302,0.4922113028246085,115.0,11.969573,0.17166,-
6332.T,月島ホールディングス,機械,プライム（内国株式）,2737.0,0.0088285928019104,0.3829953520087266,85.0,7.3500686,0.18406,-
6333.T,ＴＥＩＫＯＫＵ,機械,プライム（内国株式）,3375.0,0.05843496639139752,0.2971686910614998,133.0,10.7740135,0.14501001,-
6334.T,明治機械,機械,スタンダード（内国株式）,500.0,0.6643087942934037,0.32596488572685334,6.0,14.114326,0.06068,-
6335.T,東京機械製作所,機械,スタンダード（内国株式）,583.0,0.4796954314720812,0.698975660546286,0.0,593.9759,0.01938,-
6336.T,石井表記,機械,スタンダード（内国株式）,1642.0,1.4388767933578854,0.647970132118681,28.0,8.951151,0.087340005,-
6337.T,テセック,機械,スタンダード（内国株式）,3055.0,0.8126705632972627,0.5457534024853097,100.0,29.348873,0.02056,-
6338.T,タカトリ,機械,スタンダード（内国株式）,1688.0,0.13860332514655668,0.5146556588556384,40.0,15.795369,0.06322,-
6339.T,新東工業,機械,プライム（内国株式）,1215.0,0.3450631032123441,0.3143219807459527,44.0,16.38323,0.03223,-
6340.T,澁谷工業,機械,プライム（内国株式）,5140.0,0.4528962428928407,0.33586673211429047,100.0,11.015591,0.08295,-
6342.T,太平製作所,機械,スタンダード（内国株式）,3055.0,0.04722219502334124,0.4200785874614109,80.0,22.027122,0.03162,-
6343.T,フリージア・マクロス,機械,スタンダード（内国株式）,152.0,0.1382086101212927,0.5060988691737599,0.6,8.630953,0.094510004,-
6345.T,アイチ　コーポレーション,機械,プライム（内国株式）,1435.0,0.14400892822734437,0.21204853510676575,60.0,16.67648,0.0,中立
6346.T,キクカワエンタープライズ,機械,スタンダード（内国株式）,5800.0,-0.048446752583418524,0.19065754214270858,100.0,11.111111,0.045300003,-
6347.T,プラコー,機械,スタンダード（内国株式）,253.0,0.13720600650460726,0.8167106876437545,6.0,30.469646,0.0504,-
6349.T,小森コーポレーション,機械,プライム（内国株式）,2024.0,0.40284487862790896,0.29681440158667977,70.0,12.013177,0.08365,-
6351.T,鶴見製作所,機械,プライム（内国株式）,2347.0,0.19759740830043981,0.3916384965425998,29.0,14.618936,0.07959,-
6356.T,日本ギア工業,機械,スタンダード（内国株式）,1299.0,0.809152368702711,0.8867392613120719,10.0,12.775373,0.07383,-
6357.T,三精テクノロジーズ,機械,スタンダード（内国株式）,2570.0,0.24221588320334778,0.3915468041451008,90.0,11.286823,0.1232,強気買い
6358.T,酒井重工業,機械,プライム（内国株式）,2172.0,0.08477492733883359,0.20531513343479268,107.0,32.227776,0.016,-
6360.T,東京自働機械製作所,機械,スタンダード（内国株式）,4625.0,0.5847725311002407,0.2143307878225809,160.0,7.560532,0.0037,-
6361.T,荏原製作所,機械,プライム（内国株式）,4921.0,0.5945337006792292,0.586165097309172,64.0,30.68866,0.09571999,買い
6363.T,酉島製作所,機械,プライム（内国株式）,3170.0,0.5809416964191896,0.46313536360104973,63.0,25.54772,0.086940005,-
6364.T,ＡＩＲＭＡＮ,機械,プライム（内国株式）,2483.0,0.2585960578163505,0.4246036107520542,72.0,11.261262,0.12695,-
6365.T,電業社機械製作所,機械,スタンダード（内国株式）,5570.0,0.19812347876099856,0.2696031534693891,210.0,8.403479,0.10009,-
6366.T,千代田化工建設,建設業,スタンダード（内国株式）,696.0,0.8810810810810811,0.8108497311415637,0.0,39.38053,1.2447,-
6367.T,ダイキン工業,機械,プライム（内国株式）,20700.0,0.0572727303561492,0.3492344965604239,340.0,21.959333,0.0929,買い
6368.T,オルガノ,機械,プライム（内国株式）,13575.0,0.20933528752988692,0.5497130200246524,200.0,26.750551,0.23462999,-
6369.T,トーヨーカネツ,機械,プライム（内国株式）,2453.0,0.18484765830308858,0.337138677769946,103.0,13.046041,0.09712,-
6370.T,栗田工業,機械,プライム（内国株式）,8026.0,0.5805289312143264,0.3985599688791055,112.0,39.540928,0.06791,-
6371.T,椿本チエイン,機械,プライム（内国株式）,2687.0,0.3142108413672772,0.28581876587131877,80.0,11.340681,0.087510005,-
6376.T,日機装,精密機器,プライム（内国株式）,3450.0,1.4934677750627814,0.5100837340943526,52.0,13.707603,0.09137,買い
6378.T,木村化工機,機械,スタンダード（内国株式）,1217.0,0.2948591773704498,0.5691465039158152,41.0,13.061493,0.107250005,-
6379.T,レイズネクスト,建設業,プライム（内国株式）,3180.0,0.7889565587506113,0.34977381569106153,117.0,11.933513,0.12696,-
6380.T,オリエンタルチエン工業,機械,スタンダード（内国株式）,3915.0,0.614929851162326,0.6477872536553809,30.0,31.643356,0.0,-
6381.T,アネスト岩田,機械,プライム（内国株式）,1951.0,0.3144225349240037,0.19835008881686642,87.0,15.37819,0.09493,-
6382.T,トリニティ工業,機械,スタンダード（内国株式）,1234.0,0.08214513115790889,0.1778293980245729,67.0,7.30046,0.07893,-
6383.T,ダイフク,機械,プライム（内国株式）,5900.0,0.28468160294735084,0.38409147913611386,84.0,31.538158,0.18377,買い
6384.T,昭和真空,機械,スタンダード（内国株式）,1651.0,0.23616551740526648,0.28384565663605893,70.0,15.532255,0.06151,-
6387.T,サムコ,機械,プライム（内国株式）,8880.0,2.0829794689431975,0.8431815233771672,75.0,42.963856,0.13101,強気買い
6390.T,加藤製作所,機械,プライム（内国株式）,1345.0,0.03100479606097,0.329405109190272,70.0,4.9380646,0.09892,-
6391.T,加地テック,機械,スタンダード（内国株式）,4550.0,0.3117117117117117,0.4380767752822991,60.0,16.393158,0.08234,-
6392.T,ヤマダコーポレーション,機械,スタンダード（内国株式）,7650.0,0.5719569746610834,0.29825899899786373,220.0,9.090909,0.08901,-
6393.T,油研工業,機械,スタンダード（内国株式）,3035.0,0.1284140890187729,0.17182792220360657,150.0,9.43915,0.052589998,-
6395.T,タダノ,機械,プライム（内国株式）,1343.0,0.32173494338342384,0.40143254777383586,43.0,10.092567,0.09292,-
6396.T,宇野澤組鐵工所,機械,スタンダード（内国株式）,4500.0,0.36631941111277566,0.2931139766363896,50.0,9.678427,0.09758,-
6400.T,不二精機,機械,スタンダード（内国株式）,291.0,0.03993562871606641,0.31268650966803696,7.0,9.824561,0.063769996,-
6402.T,兼松エンジニアリング,機械,スタンダード（内国株式）,1598.0,0.12830346489100528,0.315950393791804,74.0,11.267435,-0.025339998,-
6405.T,鈴茂器工,機械,スタンダード（内国株式）,1162.0,-0.25504711996568513,0.32181598409389933,35.0,20.595621,0.02686,-
6407.T,ＣＫＤ,機械,プライム（内国株式）,5580.0,1.3296512925128325,0.6367904939561344,81.0,29.590208,0.09194,-
6408.T,小倉クラッチ,機械,スタンダード（内国株式）,4230.0,0.13222254141029605,0.3468093280945977,100.0,6.882284,0.09011,-
6412.T,平和,機械,プライム（内国株式）,2230.0,0.04219328305808368,0.15901093422038104,80.0,15.12199,0.037809998,-
6413.T,理想科学工業,機械,プライム（内国株式）,1142.0,-0.02581927796658035,0.23824497391473098,50.0,19.05886,0.0,-
6417.T,ＳＡＮＫＹＯ,機械,プライム（内国株式）,1911.0,-0.33472980656698254,0.2459008299761321,90.0,7.544836,0.0,-
6418.T,日本金銭機械,機械,プライム（内国株式）,1235.0,0.31966370823060203,0.299338581815342,40.0,6.043022,0.14310001,-
6419.T,マースグループホールディングス,機械,プライム（内国株式）,3160.0,0.05063603393858557,0.18611694936882603,150.0,7.879949,0.08817001,-
6420.T,ガリレイホールディングス,機械,プライム（内国株式）,3540.0,-0.008562965219868289,0.2723209302624363,82.0,11.589141,0.1176,中立
6424.T,高見沢サイバネティックス,機械,スタンダード（内国株式）,898.0,-0.044031764263974996,0.12462820683748133,23.0,6.787263,0.078940004,-
6425.T,ユニバーサルエンターテインメント,機械,スタンダード（内国株式）,728.0,-0.2770605759682224,0.4437790121648049,0.0,4.62403,-0.04901,-
6428.T,オーイズミ,機械,スタンダード（内国株式）,326.0,0.07540642710889227,0.1468298996824418,12.0,292.92035,0.02487,-
6430.T,ダイコク電機,機械,プライム（内国株式）,2462.0,0.007741672181204895,0.2365729855521159,100.0,5.763722,0.13354,-
6432.T,竹内製作所,機械,プライム（内国株式）,7370.0,0.4715153807682146,0.3911793328694731,210.0,11.665962,0.15553,-
6433.T,ヒーハイスト,機械,スタンダード（内国株式）,1035.0,1.3258426966292134,1.268864524436807,0.0,0.0,-0.16271,-
6436.T,アマノ,機械,プライム（内国株式）,3864.0,-0.05714775911699106,0.2116310371982868,180.0,15.737704,0.12810999,-
6440.T,ＪＵＫＩ,機械,プライム（内国株式）,603.0,0.47220556974927413,0.5809949136636537,10.0,15.356762,0.04409,-
6444.T,サンデン,機械,スタンダード（内国株式）,202.0,0.2392638036809816,0.5400764870117643,0.0,71.02041,0.0294,-
6445.T,ジャノメ,機械,プライム（内国株式）,1436.0,0.2636467305509222,0.33617415734930695,55.0,38.419117,0.01962,-
6448.T,ブラザー工業,電気機器,プライム（内国株式）,4608.0,0.8944112645114253,0.2926030583515131,100.0,14.306984,0.07083,買い
6454.T,マックス,機械,プライム（内国株式）,1777.0,0.28171834197031703,0.30525106367999827,37.0,23.216803,0.12082,-
6455.T,モリタホールディングス,輸送用機器,プライム（内国株式）,2424.0,0.12445948399259459,0.2608055978431709,64.0,13.020882,0.11061,-
6457.T,グローリー,機械,プライム（内国株式）,4818.0,0.33958246927575286,0.2911644918454334,112.0,20.130806,0.031659998,-
6458.T,新晃工業,機械,プライム（内国株式）,1242.0,-0.003623085864011036,0.23657996158677214,50.0,12.00039,0.10618,-
6459.T,だいわ,機械,プライム（内国株式）,1688.0,0.05233864430378861,0.3584495590139616,60.0,19.581509,0.06661,-
6460.T,セガサミーホールディングス,機械,プライム（内国株式）,2791.5,-0.1320482558768439,0.3394279521220339,55.0,29.745596,-0.03656,-
6463.T,ＴＰＲ,機械,プライム（内国株式）,1560.0,0.42704175973587793,0.2393635162881779,56.0,8.345013,0.055960003,-
6464.T,ツバキ・ナカシマ,機械,プライム（内国株式）,348.0,0.011627906976744186,0.5706407514094896,0.0,2.897112,-0.54815,-
6465.T,ホシザキ,機械,プライム（内国株式）,5662.0,0.025106397950879163,0.2963437572273935,120.0,19.945162,0.097229995,-
6466.T,ＴＶＥ,機械,スタンダード（内国株式）,3780.0,0.5262778523468762,0.6395817340918338,40.0,16.636585,0.08447,-
6467.T,ニチダイ,機械,スタンダード（内国株式）,345.0,-0.0467781874083717,0.1577377587783061,4.0,3.6,-0.03408,-
6469.T,放電精密加工研究所,機械,スタンダード（内国株式）,2827.0,0.6618637287736172,0.6891153574480486,18.0,41.174946,0.09493,強気買い
6470.T,大豊工業,機械,スタンダード（内国株式）,1164.0,0.759611373686068,0.33170921327858877,28.0,1098.0,0.0056,-
6471.T,日本精工,機械,プライム（内国株式）,1117.5,0.513261844322586,0.3874775031148686,34.0,32.2541,0.030869998,中立
6472.T,ＮＴＮ,機械,プライム（内国株式）,374.0,0.21749419105822831,0.37469876670653224,11.0,14.6208935,-0.03797,-
6473.T,ジェイテクト,機械,プライム（内国株式）,2077.5,0.5295588729734595,0.35864218521967056,60.0,29.337748,0.03312,-
6474.T,不二越,機械,プライム（内国株式）,5740.0,0.7361903465736053,0.4318243480272281,100.0,20.428265,0.02859,-
6479.T,ミネベアミツミ,電気機器,プライム（内国株式）,3365.0,0.3806118307362587,0.4671011464278293,50.0,17.80088,0.0,買い
6480.T,日本トムソン,機械,プライム（内国株式）,1703.0,1.8114704402625992,0.6714744041821518,29.5,21.77402,0.052989997,-
6481.T,ＴＨＫ,機械,プライム（内国株式）,6933.0,0.8205242712695513,0.4816663978253778,219.0,61.58557,0.03222,買い
6482.T,ＹＵＳＨＩＮ,機械,スタンダード（内国株式）,733.0,0.19404561633756887,0.30788958865297184,20.0,18.281292,0.02836,-
6484.T,ＫＶＫ,機械,スタンダード（内国株式）,2221.0,0.07435209143526583,0.23376501369417918,80.0,8.471235,0.08094,-
6485.T,前澤給装工業,機械,スタンダード（内国株式）,1674.0,0.23701997556883816,0.23528321500328625,63.0,11.5053005,0.07348,-
6486.T,イーグル工業,機械,プライム（内国株式）,2990.0,0.23594142663928974,0.2633316528112211,125.0,19.063501,0.08004,-
6488.T,ヨシタケ,機械,スタンダード（内国株式）,1034.0,0.2651794142599386,0.2077373598517627,35.0,11.210282,0.05919,-
6490.T,ＰＩＬＬＡＲ,機械,プライム（内国株式）,9760.0,1.4995812351583895,0.5498338838468699,130.0,23.383266,0.117790006,-
6492.T,岡野バルブ製造,機械,スタンダード（内国株式）,13830.0,0.6406872342643976,0.863840254171423,80.0,17.225748,0.0,-
6493.T,ＮＩＴＴＡＮ,輸送用機器,スタンダード（内国株式）,512.0,0.021890355262670618,0.48407259338191533,20.0,8.91075,0.08814,-
6494.T,ＮＦＫホールディングス,機械,スタンダード（内国株式）,97.0,-0.039603960396039604,0.5584491618388223,0.0,31.686047,0.03956,-
6495.T,宮入バルブ製作所,機械,スタンダード（内国株式）,123.0,0.04322849554715015,0.7378616503289862,2.0,166.12903,0.10539,-
6496.T,中北製作所,機械,スタンダード（内国株式）,5590.0,0.1317097127101545,0.5042717182039022,110.0,13.299358,0.0,-
6497.T,ハマイ,機械,スタンダード（内国株式）,1425.0,0.21379178400961169,0.27498319827227247,45.0,8.742829,0.05846,-
6498.T,キッツ,機械,プライム（内国株式）,1927.0,0.3655061179251448,0.45236610939438276,61.0,15.570043,0.04796,-
6501.T,日立製作所,電気機器,プライム（内国株式）,5196.0,0.28022721507600135,0.41035135913431886,50.0,28.662916,0.0,買い
6503.T,三菱電機,電気機器,プライム（内国株式）,5602.0,0.5426661379629065,0.42234538731700255,55.0,29.942287,0.09513,買い
6504.T,富士電機,電気機器,プライム（内国株式）,13885.0,0.47910438817835005,0.5036170371439164,200.0,19.86484,0.118190005,買い
6505.T,東洋電機製造,電気機器,スタンダード（内国株式）,2390.0,0.27028962573362125,0.41967222519175224,100.0,9.8488,0.080019996,-
6506.T,安川電機,電気機器,プライム（内国株式）,4979.0,0.6937555649846948,0.6208147960381112,68.0,22.075155,0.0,買い
6507.T,シンフォニアテクノロジー,電気機器,プライム（内国株式）,12360.0,0.531682847798529,0.6152150565659738,155.0,29.794605,0.15156001,強気買い
6508.T,明電舎,電気機器,プライム（内国株式）,11480.0,0.9614814127614459,0.5747934857838217,157.0,21.149153,0.15615,買い
6513.T,オリジン,電気機器,スタンダード（内国株式）,1294.0,0.2592360466505856,0.3223612414549309,35.0,0.0,-0.04517,-
6516.T,山洋電気,電気機器,プライム（内国株式）,5500.0,0.6723700314675485,0.4566065818776198,103.33,23.711487,0.06254,-
6517.T,デンヨー,電気機器,プライム（内国株式）,4075.0,0.40538597131585274,0.31997977286012425,100.0,14.74237,0.0,-
6518.T,三相電機,電気機器,スタンダード（内国株式）,1751.0,0.8527240969866899,0.5803032892876954,25.0,10.504307,0.05371,-
6521.T,オキサイド,電気機器,グロース（内国株式）,3345.0,0.8898305084745762,0.8846985963914906,0.0,101.187904,-0.0113699995,-
6522.T,アスタリスク,電気機器,グロース（内国株式）,2008.0,3.79236276849642,1.250528348287178,0.0,0.0,-0.0825,-
6523.T,ＰＨＣホールディングス,電気機器,プライム（内国株式）,1473.0,0.4794634420320906,0.3572450868935763,42.0,23.814726,0.02189,中立
6524.T,湖北工業,電気機器,スタンダード（内国株式）,4660.0,0.6994876079622169,0.6068380138689818,53.0,39.736546,0.12768,-
6525.T,ＫＯＫＵＳＡＩ　ＥＬＥＣＴＲＩＣ,電気機器,プライム（内国株式）,8321.0,1.9486070323831177,0.8619738247404934,37.0,46.704372,0.16354,買い
6526.T,ソシオネクスト,電気機器,プライム（内国株式）,1990.0,-0.24432219992664833,0.6606224210718551,50.0,32.283535,0.06007,買い
6532.T,ベイカレント,サービス業,プライム（内国株式）,7485.0,-0.07977832241291656,0.5480889749597568,100.0,20.040415,0.0,強気買い
6533.T,Ｏｒｃｈｅｓｔｒａ　Ｈｏｌｄｉｎｇｓ,サービス業,プライム（内国株式）,1229.0,0.5817870810098928,0.4826991613940161,12.0,24.230318,0.13154,-
6535.T,アイモバイル,サービス業,プライム（内国株式）,515.0,-0.16244893081152947,0.29275193837693203,27.0,12.132439,0.14364,-
6537.T,ＷＡＳＨハウス,サービス業,グロース（内国株式）,295.0,-0.3516483516483517,0.5242005197399814,0.0,244.07895,0.032360002,-
6538.T,ディスラプターズ,サービス業,スタンダード（内国株式）,241.0,-0.16958186068163772,0.4373322734641901,7.0,13.351207,0.26252002,-
6539.T,ＭＳ－Ｊａｐａｎ,サービス業,プライム（内国株式）,1014.0,0.0836272153667685,0.11939310039518373,56.0,23.689272,0.11788999,-
6540.T,船場,サービス業,スタンダード（内国株式）,1542.0,-0.13350850110145795,0.24241012824613267,76.0,12.48153,0.1074,-
6543.T,日宣,サービス業,スタンダード（内国株式）,1303.0,-0.03951130161799275,0.23467438411583788,32.0,14.448538,0.19594999,-
6544.T,ジャパンエレベーターサービスホールディングス,サービス業,プライム（内国株式）,1551.5,-0.17725671538566803,0.3627583900141736,21.0,44.547005,0.32612,-
6545.T,インターネットインフィニティー,サービス業,グロース（内国株式）,813.0,0.30112871288869564,0.27466311041723424,18.0,16.65932,0.1875,強気買い
6546.T,フルテック,サービス業,スタンダード（内国株式）,1150.0,0.00864750784579753,0.1348822049892637,32.0,24.570816,0.05314,-
6547.T,グリーンズ,サービス業,スタンダード（内国株式）,2055.0,-0.1501797566971977,0.3544642506306369,52.0,6.0094857,0.4065,-
6548.T,旅工房,サービス業,グロース（内国株式）,113.0,-0.2893081761006289,0.7611883796979465,0.0,0.0,0.0,-
6549.T,ディーエムソリューションズ,サービス業,スタンダード（内国株式）,1049.0,0.41898501236248303,0.2899086893530211,18.0,10.580913,0.121520005,-
6551.T,ツナググループ・ホールディングス,サービス業,スタンダード（内国株式）,621.0,-0.2859013498122997,0.3126962151917102,14.0,11.078238,0.26629,-
6552.T,ＧａｍｅＷｉｔｈ,サービス業,スタンダード（内国株式）,177.0,-0.17674418604651163,0.5237260903158548,0.0,48.421055,0.16217,-
6554.T,エスユーエス,サービス業,グロース（内国株式）,1070.0,-0.050295926586197054,0.2323189691892905,45.0,10.151337,0.2368,-
6555.T,ＭＳ＆Ｃｏｎｓｕｌｔｉｎｇ,サービス業,スタンダード（内国株式）,423.0,0.06015037593984962,0.24139933403823552,0.0,0.0,-0.075430006,-
6557.T,ＡＩＡＩグループ,サービス業,グロース（内国株式）,785.0,-0.46048109965635736,0.3860363961968737,0.0,16.529266,0.19902,-
6558.T,クックビズ,サービス業,グロース（内国株式）,665.0,0.047244094488188976,0.40392342374056917,0.0,0.0,-0.31197,-
6560.T,エル・ティー・エス,サービス業,プライム（内国株式）,1695.0,-0.18430062559839067,0.41050207453344184,35.0,11.09878,0.14903,-
6561.T,ＨＡＮＡＴＯＵＲ　ＪＡＰＡＮ,サービス業,グロース（内国株式）,817.0,-0.23147734345037285,0.3299428548361249,40.0,7.494336,0.34794998,-
6562.T,ジーニー,サービス業,グロース（内国株式）,863.0,-0.3139904610492846,0.43927101030507315,0.0,10.386942,0.12101,-
6563.T,みらいワークス,サービス業,グロース（内国株式）,472.0,-0.2771822358346095,0.2823727654478673,0.0,34.836067,0.11862001,-
6564.T,ミダックホールディングス,サービス業,プライム（内国株式）,2040.0,0.014259811946852302,0.34870505687583636,18.0,19.658611,0.17917,-
6566.T,要興業,サービス業,スタンダード（内国株式）,1333.0,0.17063762067581134,0.3609967364996055,29.0,14.684227,0.077259995,-
6568.T,神戸天然物化学,サービス業,グロース（内国株式）,1251.0,0.16764135396461957,0.28088550361945813,33.0,14.1888075,0.0,-
6570.T,共和コーポレーション,サービス業,スタンダード（内国株式）,3880.0,2.067906262580869,0.532360973331407,25.0,7.1353,0.21978001,-
6571.T,キュービーネットホールディングス,サービス業,プライム（内国株式）,1309.0,0.025416606383168956,0.17711896614780728,40.0,16.488976,0.07602,-
6572.T,オープングループ,サービス業,プライム（内国株式）,270.0,-0.32438372282333955,0.4193432366027549,4.9,31.25,0.07429,-
6573.T,ＣＲＡＶＩＡ,サービス業,グロース（内国株式）,28.0,-0.8323353293413174,0.7126056508850828,0.0,0.0,0.0,-
6574.T,コンヴァノ,サービス業,グロース（内国株式）,114.0,-0.6389866213812428,0.9657683342513859,1.0,34.556576,0.37807,-
6577.T,ベストワンドットコム,サービス業,グロース（内国株式）,1929.0,-0.14351135257340064,0.246976992323275,26.0,0.0,-0.05331,-
6578.T,コレックホールディングス,サービス業,スタンダード（内国株式）,501.0,0.6343867812011305,0.4287161831421406,9.0,486.36365,0.0,-
6579.T,ログリー,サービス業,グロース（内国株式）,356.0,-0.07532467532467532,0.5574943372495428,0.0,0.0,0.033180002,-
6580.T,ライトアップ,サービス業,グロース（内国株式）,895.0,-0.6422582099189931,0.834807841080315,14.0,9.640674,0.25741,-
6584.T,三櫻工業,輸送用機器,プライム（内国株式）,809.0,0.08956918606863946,0.5068791462672264,28.0,9.843401,0.03917,-
6586.T,マキタ,機械,プライム（内国株式）,5208.0,0.04526065798012532,0.3494760441359871,150.0,18.732431,0.0,買い
6588.T,東芝テック,電気機器,プライム（内国株式）,3010.0,0.04277259152708363,0.38706711109156045,20.0,11.685484,-0.06021,-
6590.T,芝浦メカトロニクス,電気機器,プライム（内国株式）,4030.0,1.1607371299594593,0.8244638313570075,60.0,27.148935,0.25579,-
6592.T,マブチモーター,電気機器,プライム（内国株式）,1770.5,0.47759479025325113,0.26901485335205005,68.5,15.938948,0.08036,中立
6594.T,ニデック,電気機器,プライム（内国株式）,2627.0,-0.15367268041237114,0.5558198401485825,0.0,22.129974,0.06313,買い
6596.T,筑波精工,電気機器,PRO Market,990.0,-0.01,0.010183501544346319,0.0,0.0,-0.40984002,-
6597.T,ＨＰＣシステムズ,電気機器,グロース（内国株式）,3355.0,0.7778555166372515,0.8159358939393803,32.0,20.990303,0.23058,-
6599.T,エブレン,電気機器,スタンダード（内国株式）,3185.0,0.45857562315955697,0.5668810604755116,48.0,15.787925,0.06964,-
6612.T,バルミューダ,電気機器,グロース（内国株式）,594.0,-0.29201430274135876,0.19940995378372445,0.0,0.0,-0.44587,-
6613.T,ＱＤレーザ,電気機器,グロース（内国株式）,2100.0,4.511811023622047,1.1913673554879385,0.0,325.80646,-0.065799996,-
6614.T,シキノハイテック,電気機器,スタンダード（内国株式）,862.0,0.09491546448019648,0.6988702532570263,15.0,5.5342464,-0.04078,-
6615.T,ユー・エム・シー・エレクトロニクス,電気機器,プライム（内国株式）,245.0,-0.1644088565483675,0.5494839716641675,10.0,2.2697127,-0.117460005,-
6616.T,トレックス・セミコンダクター,電気機器,プライム（内国株式）,1933.0,0.2189004850004557,0.5252969747815615,56.0,20.40704,-0.08211,-
6617.T,東光高岳,電気機器,プライム（内国株式）,7200.0,1.4483198476441588,0.5275574631441187,120.0,19.799074,0.086160004,-
6619.T,ダブル・スコープ,電気機器,プライム（内国株式）,152.0,-0.3870967741935484,0.6609488078455086,0.0,4.3041368,-0.27515,-
6620.T,宮越ホールディングス,不動産業,プライム（内国株式）,710.0,-0.3113482056256062,0.6344861284312111,0.0,113.965515,-0.03778,-
6622.T,ダイヘン,電気機器,プライム（内国株式）,13020.0,0.6761642114108578,0.5659630454144167,180.0,25.887436,0.0,強気買い
6625.T,ＪＡＬＣＯホールディングス,不動産業,スタンダード（内国株式）,385.0,0.2677484002259415,0.35340847691093463,18.0,0.0,0.00841,-
6626.T,ＳＥＭＩＴＥＣ,電気機器,スタンダード（内国株式）,2178.0,-0.08204696671015094,0.3432620264855591,47.0,8.481746,0.12725,-
6627.T,テラプローブ,電気機器,スタンダード（内国株式）,9840.0,1.3869330990657447,0.8089839152832786,110.0,26.746916,0.07158,-
6629.T,テクノホライゾン,電気機器,スタンダード（内国株式）,956.0,1.41709271185724,0.8716502840133741,30.0,103.20367,-0.0012899999,-
6630.T,ヤーマン,電気機器,プライム（内国株式）,833.0,0.01987397921972333,0.2415333850088238,13.25,27.327103,0.0,中立
6632.T,ＪＶＣケンウッド,電気機器,プライム（内国株式）,1007.0,-0.1668690914959555,0.43129542395776543,18.0,11.156803,0.1359,買い
6633.T,ＣＧＳホールディングス,電気機器,スタンダード（内国株式）,318.0,-0.10734341602393777,0.27477101127734743,10.0,11.735061,0.09349,-
6634.T,ＪＮグループ,電気機器,スタンダード（内国株式）,75.0,-0.49324324324324326,1.0697762284823171,0.0,0.0,-0.19795999,-
6635.T,大日光・エンジニアリング,電気機器,スタンダード（内国株式）,660.0,0.2922289863740697,0.515604115329811,16.0,20.216492,0.03765,-
6637.T,寺崎電気産業,電気機器,スタンダード（内国株式）,4215.0,0.07358631571446,0.5171506884523875,53.0,11.2347355,0.08767,-
6638.T,ミマキエンジニアリング,電気機器,プライム（内国株式）,1885.0,0.08134513813727005,0.3995862375535269,55.0,8.289837,0.16621,-
6643.T,戸上電機製作所,電気機器,スタンダード（内国株式）,5690.0,0.4999687536543904,0.44445601187306805,140.0,12.9623375,0.10018,-
6644.T,大崎電気工業,電気機器,プライム（内国株式）,1522.0,0.24325574791039467,0.46168985052772626,49.0,24.832302,0.03678,-
6645.T,オムロン,電気機器,プライム（内国株式）,6292.0,0.7044494196069904,0.46577571672931006,104.0,31.648003,0.0228,買い
6647.T,森尾電機,電気機器,スタンダード（内国株式）,3270.0,0.7662578385247742,0.3843355782749018,65.0,6.874456,0.13708,-
6648.T,かわでん,電気機器,スタンダード（内国株式）,1676.0,0.18047541465794367,0.576798028912625,65.0,12.482382,0.011109999,-
6651.T,日東工業,電気機器,プライム（内国株式）,4395.0,0.3183032522514401,0.2815414998029587,152.0,16.552511,0.09616999,強気買い
6652.T,ＩＤＥＣ,電気機器,プライム（内国株式）,3650.0,0.6341167338039317,0.2943747783357994,130.0,41.7979,0.0456,買い
6653.T,正興電機製作所,電気機器,プライム（内国株式）,2142.0,0.32753344033433335,0.5153434336831985,55.0,16.399973,0.11987001,-
6654.T,不二電機工業,電気機器,スタンダード（内国株式）,1090.0,0.06749931153893031,0.1333980347947402,32.0,29.89071,0.02268,-
6656.T,インスペック,電気機器,スタンダード（内国株式）,798.0,0.13191489361702127,0.8642057109240465,0.0,11.742424,-0.56275004,-
6658.T,シライ電子工業,電気機器,スタンダード（内国株式）,449.0,-0.23432973084818895,0.3508869303447182,35.0,5.927814,0.19188,-
6659.T,メディアリンクス,電気機器,スタンダード（内国株式）,48.0,-0.2727272727272727,1.2243912564716615,0.0,0.0,-0.15957,-
6662.T,ユビテック,電気機器,スタンダード（内国株式）,225.0,-0.1141732283464567,0.19136196108262107,0.0,0.0,-0.19393,-
6663.T,太洋テクノレックス,電気機器,スタンダード（内国株式）,305.0,0.027859845409230914,0.6678928561107315,6.0,14.711033,0.0509,-
6664.T,オプトエレクトロニクス,電気機器,スタンダード（内国株式）,241.0,-0.1602787456445993,0.5625118611739406,0.0,0.0,-0.06533,-
6666.T,リバーエレテック,電気機器,スタンダード（内国株式）,772.0,0.7731984546466725,0.9617056223678068,10.0,0.0,-0.02776,-
6668.T,アドテック　プラズマ　テクノロジー,電気機器,スタンダード（内国株式）,3445.0,1.7610788751652944,0.7083767134048845,28.0,8.481229,0.13802,-
6674.T,ジーエス・ユアサ　コーポレーション,電気機器,プライム（内国株式）,5273.0,0.6895720193672309,0.46009253729467553,90.0,19.977064,0.09653,買い
6675.T,サクサ,電気機器,スタンダード（内国株式）,2160.0,0.3183452110454863,0.34189912032652986,101.666664,11.948178,0.058179997,-
6676.T,ＢＵＦＦＡＬＯ,電気機器,スタンダード（内国株式）,2942.0,0.7457628739239315,0.42246572300060337,60.0,8.205481,0.20099,-
6677.T,エスケーエレクトロニクス,電気機器,スタンダード（内国株式）,3175.0,0.1542108932380662,0.35469285408319357,130.0,12.611755,0.08141,-
6678.T,テクノメディカ,電気機器,スタンダード（内国株式）,2122.0,0.14425435147347707,0.3406660206675487,129.0,16.202728,0.07338,-
6694.T,ズーム,電気機器,スタンダード（内国株式）,725.0,0.19353914943856917,0.18685441065869415,32.0,0.0,-0.19814,-
6696.T,トラース・オン・プロダクト,電気機器,グロース（内国株式）,325.0,-0.38095238095238093,0.8236397581056674,0.0,113.04347,0.0,-
6699.T,ダイヤモンドエレクトリックホールディングス,電気機器,スタンダード（内国株式）,527.0,-0.07676864406254097,0.34843505397887853,25.0,2.535615,0.108950004,-
6701.T,日本電気,電気機器,プライム（内国株式）,4656.0,0.03407220979085591,0.5014526670235319,38.0,22.17048,0.0,強気買い
6702.T,富士通,電気機器,プライム（内国株式）,3646.0,0.041053751051927434,0.42797358736804203,50.0,20.54466,0.16861,買い
6703.T,沖電気工業,電気機器,プライム（内国株式）,2686.0,0.7455868299604501,0.5587033933918162,65.0,25.30052,0.122779995,-
6706.T,電気興業,電気機器,プライム（内国株式）,3280.0,0.5778264720659388,0.3533453141450012,100.0,20.940807,0.0718,-
6707.T,サンケン電気,電気機器,プライム（内国株式）,7405.0,-0.12522150029533372,0.5428316034995027,0.0,131.87518,-0.026730001,-
6718.T,アイホン,電気機器,プライム（内国株式）,2864.0,0.06539848736487307,0.1697450520240488,130.0,16.784369,0.03861,-
6721.T,ウインテスト,電気機器,スタンダード（内国株式）,72.0,-0.4330708661417323,0.5700412874472823,0.0,0.0,-2.38388,-
6723.T,ルネサスエレクトロニクス,電気機器,プライム（内国株式）,3433.0,0.9772788744210056,0.649476703291923,28.0,11.166344,-0.0207,買い
6724.T,セイコーエプソン,電気機器,プライム（内国株式）,3063.0,0.6699267782635623,0.3489097506581842,74.0,13.242243,0.05116,中立
6727.T,ワコム,電気機器,プライム（内国株式）,794.0,0.14015159781573638,0.33255206884653465,26.0,18.102459,0.20674999,-
6728.T,アルバック,電気機器,プライム（内国株式）,7594.0,0.277968465161263,0.552430869622148,152.0,29.09005,0.060089998,強気買い
6730.T,アクセル,電気機器,スタンダード（内国株式）,1199.0,0.0895509374798251,0.3774595051206253,57.0,11.01477,0.094280005,-
6731.T,ピクセラ,電気機器,スタンダード（内国株式）,109.0,-0.8442857142857143,0.8823693132797698,0.0,0.0,-2.25253,-
6736.T,サン電子,電気機器,スタンダード（内国株式）,7560.0,0.15562379201745355,0.6330861177660744,50.0,9.098342,0.16823,-
6737.T,ＥＩＺＯ,電気機器,プライム（内国株式）,3005.0,0.4387921724248255,0.25465612787258535,110.0,20.03957,0.03829,中立
6740.T,ジャパンディスプレイ,電気機器,プライム（内国株式）,48.0,1.6666666666666667,1.6401666282312402,0.0,-18.867924,-2.82803,-
6741.T,日本信号,電気機器,プライム（内国株式）,1806.0,0.5315760476745844,0.3253431900517916,56.0,12.9723215,0.0,強気買い
6742.T,京三製作所,電気機器,プライム（内国株式）,1032.0,1.011014003355439,0.43781229169279584,25.0,8.779977,0.09708,-
6743.T,大同信号,電気機器,スタンダード（内国株式）,1080.0,1.098097915789234,0.4219164417782011,35.0,8.428954,0.044549998,-
6744.T,能美防災,電気機器,プライム（内国株式）,4380.0,0.11831193024264039,0.2848070584429975,116.0,24.414549,0.087840006,-
6745.T,ホーチキ,電気機器,プライム（内国株式）,2015.0,0.7240528267747236,0.42226205984546694,39.993333,19.073908,0.1389,-
6748.T,星和電機,電気機器,スタンダード（内国株式）,786.0,0.18431735651014666,0.33117662876422066,20.0,8.169488,0.13538,-
6750.T,エレコム,電気機器,プライム（内国株式）,1938.0,0.08701481832700284,0.2292504116148426,57.0,12.3537855,0.19886999,-
6752.T,パナソニック　ホールディングス,電気機器,プライム（内国株式）,4303.0,1.8793971544509906,0.5039163603180769,40.0,21.480751,0.04152,買い
6753.T,シャープ,電気機器,プライム（内国株式）,641.0,-0.23826500297088532,0.42493356049122805,0.0,6.675529,0.0,やや弱気
6754.T,アンリツ,電気機器,プライム（内国株式）,3315.0,0.8915997903646301,0.5803686471139993,50.0,39.296013,0.08383001,-
6757.T,ＯＳＧコーポレーション,電気機器,スタンダード（内国株式）,885.0,0.06367469035904699,0.1625450404777214,40.0,81.33595,0.01401,-
6758.T,ソニーグループ,電気機器,プライム（内国株式）,3785.0,-0.06911086390186064,0.3487230556404406,25.0,16.17526,0.14917,強気買い
6762.T,ＴＤＫ,電気機器,プライム（内国株式）,3041.0,0.616582043128284,0.5350116695873797,36.0,24.98352,0.09519,買い
6763.T,帝国通信工業,電気機器,プライム（内国株式）,2907.0,0.19351937034039604,0.3369692594979609,100.0,16.127298,0.05923,-
6768.T,タムラ製作所,電気機器,プライム（内国株式）,765.0,0.5279750413773543,0.5334941782693421,13.0,26.51745,0.026500002,-
6769.T,ザインエレクトロニクス,電気機器,スタンダード（内国株式）,1057.0,0.25110039101655274,0.5507423110892117,15.0,50.425533,-0.03642,-
6770.T,アルプスアルパイン,電気機器,プライム（内国株式）,2193.5,0.3547388657186867,0.3912078431446685,62.0,9.289952,0.12336001,中立
6771.T,池上通信機,電気機器,スタンダード（内国株式）,683.0,0.1717145148759102,0.34422591049543727,15.0,12.766291,0.054920003,-
6772.T,東京コスモス電機,電気機器,スタンダード（内国株式）,1068.0,-0.40064396280248565,0.3255346306829854,40.0,22.12513,0.02622,-
6775.T,ＴＢグループ,電気機器,スタンダード（内国株式）,117.0,-0.13333333333333333,0.7445351279654474,0.0,0.0,-0.41998002,-
6776.T,天昇電気工業,化学,スタンダード（内国株式）,276.0,0.06525486524843412,0.18763552574291306,5.0,4.725993,0.09892,-
6777.T,ｓａｎｔｅｃ　Ｈｏｌｄｉｎｇｓ,電気機器,スタンダード（内国株式）,18270.0,1.47368602684888,0.8204899786135468,210.0,45.467266,0.27039,-
6778.T,アルチザネットワークス,電気機器,スタンダード（内国株式）,636.0,0.03461425157445146,0.22660652327618033,25.0,31.452406,0.02717,強気買い
6779.T,日本電波工業,電気機器,プライム（内国株式）,2732.0,2.117316186932467,0.8530493452974288,30.0,28.915663,0.029289998,-
6785.T,鈴木,電気機器,プライム（内国株式）,2888.0,0.4309132225996568,0.388274496046802,105.0,13.015541,0.124630004,-
6786.T,ＲＶＨ,サービス業,スタンダード（内国株式）,50.0,-0.5283018867924528,0.467361658916886,0.0,0.0,-0.37719002,-
6787.T,メイコー,電気機器,プライム（内国株式）,17160.0,0.9459496812609054,0.913433988790477,115.0,39.29582,0.1357,買い
6788.T,日本トリム,電気機器,プライム（内国株式）,5000.0,0.10924407616000499,0.2364228331730316,130.0,16.588829,0.08671,-
6794.T,フォスター電機,電気機器,プライム（内国株式）,3020.0,0.49867777480409536,0.3864037381310391,80.0,18.550335,0.07998,-
6797.T,名古屋電機工業,電気機器,スタンダード（内国株式）,1171.0,-0.012216377930799566,0.20615983936974425,45.0,6.3911376,0.088,-
6798.T,ＳＭＫ,電気機器,プライム（内国株式）,3285.0,0.49888280242033856,0.3332867628307464,100.0,0.0,-0.05842,-
6800.T,ヨコオ,電気機器,プライム（内国株式）,3850.0,1.8114181414878057,0.7076077838818507,56.0,29.069313,0.037520003,-
6803.T,ティアック,電気機器,スタンダード（内国株式）,100.0,0.09649126476124763,0.4544514933421916,1.0,13.770914,0.14099,-
6804.T,ホシデン,電気機器,プライム（内国株式）,2749.0,0.27993583442808945,0.2910496878327964,98.0,39.831238,0.111049995,-
6806.T,ヒロセ電機,電気機器,プライム（内国株式）,25665.0,0.3933802435017993,0.4094848660054271,505.0,23.285341,0.08031999,買い
6807.T,日本航空電子工業,電気機器,プライム（内国株式）,2363.0,-0.03941630846425573,0.34088959581349737,60.0,20.459482,0.054330003,中立
6809.T,ＴＯＡ,電気機器,プライム（内国株式）,1692.0,0.5749680679789295,0.3725088939543038,90.0,17.827627,0.07002,-
6810.T,マクセル,電気機器,プライム（内国株式）,2333.0,0.18244935378975916,0.40759888682140016,50.0,23.668385,0.05386,-
6814.T,古野電気,電気機器,プライム（内国株式）,7570.0,0.4925840426705649,0.6340737088497825,160.0,14.557608,0.21597,-
6817.T,スミダコーポレーション,電気機器,プライム（内国株式）,1240.0,0.25877085179068904,0.3608513526598271,53.0,11.253549,0.056750003,-
6819.T,伊豆シャボテンリゾート,サービス業,スタンダード（内国株式）,474.0,-0.021865591686655552,0.1201827461592113,20.0,9.51526,0.16562,-
6820.T,アイコム,電気機器,プライム（内国株式）,3530.0,0.24736467331093653,0.25074879067880346,75.0,18.765766,0.030569999,-
6822.T,大井電気,電気機器,スタンダード（内国株式）,4950.0,0.27163099821327413,0.4888155613946215,70.0,5.1794376,0.15621,-
6823.T,リオン,電気機器,プライム（内国株式）,3385.0,0.27954426866797255,0.2914675616688542,85.0,11.389548,0.093660004,-
6824.T,新コスモス電機,電気機器,スタンダード（内国株式）,4235.0,0.47461050236299,0.5070709634876565,95.0,15.567042,0.0929,-
6832.T,アオイ電子,電気機器,スタンダード（内国株式）,2231.0,0.11412740102601866,0.5477921850549522,54.0,245.48163,-0.00125,-
6834.T,精工技研,電気機器,スタンダード（内国株式）,24800.0,2.2729634533558696,0.9525257182500588,100.0,68.9999,0.16554001,-
6835.T,アライドテレシスホールディングス,電気機器,スタンダード（内国株式）,247.0,0.4174232802217456,0.5106055577054976,12.0,9.579101,0.14325,-
6836.T,ぷらっとホーム,電気機器,スタンダード（内国株式）,845.0,-0.3474903474903475,0.6668896625141376,0.0,154.34782,-0.11675,-
6837.T,京写,電気機器,スタンダード（内国株式）,373.0,0.04815201829351173,0.3506980049538969,5.0,9.479434,0.02657,-
6838.T,多摩川ホールディングス,電気機器,スタンダード（内国株式）,1409.0,0.7532519383886662,0.8257611413589564,5.0,32.818626,0.0,-
6840.T,ＡＫＩＢＡホールディングス,電気機器,スタンダード（内国株式）,732.0,1.238532110091743,0.8908135667991047,0.0,12.65661,0.12189,-
6841.T,横河電機,電気機器,プライム（内国株式）,5000.0,0.20519363130490456,0.41415114778474565,78.0,25.71856,0.12224,-
6844.T,新電元工業,電気機器,プライム（内国株式）,3080.0,0.007719441746331987,0.5075508943249272,100.0,31.244055,0.05584,-
6845.T,アズビル,電気機器,プライム（内国株式）,1496.0,0.028427272854674605,0.3091336161227828,32.0,17.740005,0.14881,-
6848.T,東亜ディーケーケー,電気機器,スタンダード（内国株式）,865.0,0.08901021139176961,0.21801754096533218,22.0,16.843527,0.03601,-
6849.T,日本光電工業,電気機器,プライム（内国株式）,1506.0,-0.05253820941834688,0.3069872257297587,32.0,13.881806,0.07095,買い
6850.T,チノー,電気機器,プライム（内国株式）,1671.0,0.33669413486881067,0.3402922174756224,42.5,15.04746,0.09031,-
6853.T,共和電業,電気機器,スタンダード（内国株式）,762.0,0.21485428588944042,0.31004689606554175,21.5,18.956743,0.056810003,-
6855.T,日本電子材料,電気機器,スタンダード（内国株式）,6510.0,1.4282318229523574,0.8464388745520693,80.0,21.899508,0.17232001,-
6856.T,堀場製作所,電気機器,プライム（内国株式）,23295.0,1.1434110996406064,0.4309077674675154,520.0,23.612644,0.11189,強気買い
6857.T,アドバンテスト,電気機器,プライム（内国株式）,35900.0,2.291096744274739,0.7531102385786097,59.0,71.962875,0.49263,買い
6858.T,小野測器,電気機器,スタンダード（内国株式）,827.0,0.5167103149887995,0.408683530293788,27.0,21.794872,0.02743,-
6859.T,エスペック,電気機器,プライム（内国株式）,3915.0,0.2577582204724076,0.3538123408016786,115.0,13.388753,0.095240004,強気買い
6861.T,キーエンス,電気機器,プライム（内国株式）,79900.0,0.4271756589743445,0.407955518043764,550.0,36.715515,0.0,買い
6862.T,ミナトホールディングス,電気機器,スタンダード（内国株式）,3370.0,3.1364609089877282,0.9632089604253956,18.0,30.133837,0.23021,-
6863.T,ニレコ,電気機器,スタンダード（内国株式）,942.0,0.541279896029182,0.3075318080216339,29.666667,10.773508,0.084350005,-
6864.T,エヌエフホールディングス,電気機器,スタンダード（内国株式）,1548.0,0.18144005223178525,0.5366194218535331,36.0,0.0,-0.02337,-
6866.T,日置電機,電気機器,プライム（内国株式）,10770.0,0.8116147243633506,0.44686044901253724,220.0,19.806404,0.13028,強気買い
6867.T,リーダー電子,電気機器,スタンダード（内国株式）,411.0,-0.16873241156178512,0.20539965583047026,15.0,23.754154,-0.009380001,-
6869.T,シスメックス,電気機器,プライム（内国株式）,1976.5,0.03145134226691533,0.4183292046188289,38.0,18.602165,0.09243,買い
6870.T,日本フェンオール,電気機器,スタンダード（内国株式）,2198.0,0.3249821610288257,0.40507671613235613,78.0,8.976838,0.08846,-
6871.T,日本マイクロニクス,電気機器,プライム（内国株式）,13690.0,2.0718188098108894,0.8191029437018753,95.0,40.633213,0.20853001,強気買い
6874.T,協立電機,電気機器,スタンダード（内国株式）,2350.0,-0.045160261223900273,0.24978381953482867,90.0,10.2392235,0.110860005,-
6875.T,メガチップス,電気機器,プライム（内国株式）,10830.0,0.9790428733554218,0.4697869277262423,250.0,55.387333,0.075840004,-
6877.T,ＯＢＡＲＡ　ＧＲＯＵＰ,電気機器,スタンダード（内国株式）,5730.0,0.40745555510979287,0.44520407972028764,150.0,14.855149,0.09546,-
6882.T,三社電機製作所,電気機器,スタンダード（内国株式）,1174.0,0.41597640070741343,0.39276773099396783,40.0,40.19194,0.0035100002,-
6888.T,アクモス,情報・通信業,スタンダード（内国株式）,501.0,-0.05256910508673181,0.14025869156921456,25.0,15.906531,0.111499995,-
6890.T,フェローテック,電気機器,スタンダード（内国株式）,8580.0,1.4279293451204766,0.6883736446942531,248.0,29.830082,0.052670002,強気買い
6894.T,パルステック工業,電気機器,スタンダード（内国株式）,2141.0,0.1255652430165538,0.18501252512239608,85.0,7.259466,0.10787,-
6897.T,ツインバード,電気機器,スタンダード（内国株式）,677.0,0.6818418252918839,0.45046845942060754,13.0,0.0,0.008119999,-
6898.T,トミタ電機,電気機器,スタンダード（内国株式）,3740.0,0.2725416808438244,0.29281142475666055,0.0,125.0,0.03143,-
6899.T,ＡＳＴＩ,電気機器,スタンダード（内国株式）,2273.0,0.156598654760468,0.2348050297035825,80.0,8.392092,0.01748,-
6902.T,デンソー,輸送用機器,プライム（内国株式）,1948.5,-0.04898293364721482,0.28286454575873404,67.0,15.400032,0.07893,買い
6904.T,原田工業,電気機器,スタンダード（内国株式）,572.0,0.21310932166882063,0.24270465952569614,7.5,11.487481,0.08951,-
6905.T,コーセル,電気機器,プライム（内国株式）,1319.0,0.1231771139490822,0.35872988466192274,55.0,12.740604,-0.01138,中立
6907.T,ジオマテック,電気機器,スタンダード（内国株式）,756.0,-0.32075471698113206,0.6300354240090719,0.0,14.63954,0.0022,-
6908.T,イリソ電子工業,電気機器,プライム（内国株式）,2737.0,-0.038974719101123594,0.31734381745521745,0.0,20.949554,0.042480003,中立
6912.T,菊水ホールディングス,電気機器,スタンダード（内国株式）,2412.0,0.5215761348134463,0.41894344069967565,69.0,11.930401,0.11161,-
6914.T,オプテックスグループ,電気機器,プライム（内国株式）,3225.0,0.7343514192538138,0.49214929026393917,69.0,15.774571,0.124239996,強気買い
6915.T,千代田インテグレ,電気機器,スタンダード（内国株式）,3505.0,0.19045429537221806,0.23308739238573994,160.0,12.331633,0.064109996,-
6918.T,アバールデータ,電気機器,スタンダード（内国株式）,3550.0,0.5498468997519529,0.4732926556023954,100.0,21.196987,0.068969995,-
6919.T,ケル,電気機器,スタンダード（内国株式）,1440.0,0.08451958178743178,0.17611172863246896,80.0,32.786884,0.01477,-
6920.T,レーザーテック,電気機器,プライム（内国株式）,35120.0,1.2622002148540676,0.7673209685528615,329.0,41.167957,0.42963,買い
6923.T,スタンレー電気,電気機器,プライム（内国株式）,3596.0,0.2511073909047211,0.24175594879166645,104.0,14.638513,0.07508,買い
6925.T,ウシオ電機,電気機器,プライム（内国株式）,3824.0,0.865583588023564,0.48307779077283797,70.0,64.793785,0.02424,買い
6926.T,岡谷電機産業,電気機器,スタンダード（内国株式）,188.0,-0.09178743961352658,0.3282448053546678,0.0,0.0,-0.25553,-
6927.T,ヘリオス　テクノ　ホールディング,電気機器,スタンダード（内国株式）,964.0,0.2268925892909022,0.31966391469138933,91.0,34.63103,0.11946,-
6928.T,エノモト,電気機器,スタンダード（内国株式）,2993.0,0.8590806357494416,0.5228380498313784,75.0,26.289474,0.04804,-
6929.T,日本セラミック,電気機器,プライム（内国株式）,3720.0,0.22798329207985624,0.25548846816883225,165.0,11.016609,0.13819,-
6932.T,遠藤照明,電気機器,スタンダード（内国株式）,2556.0,0.17479869572740533,0.3178954541803239,88.0,7.867203,0.121020004,-
6941.T,山一電機,電気機器,プライム（内国株式）,7860.0,1.6043781817511125,0.7634953366243878,148.0,29.68735,0.18048,-
6942.T,ソフィアホールディングス,情報・通信業,スタンダード（内国株式）,1383.0,0.14867109634551495,0.12907023756268823,0.0,0.0,-0.05119,-
6943.T,ＮＫＫスイッチズ,電気機器,スタンダード（内国株式）,5480.0,0.28422602343226405,0.20947075119435737,120.0,0.0,-0.009430001,-
6946.T,日本アビオニクス,電気機器,スタンダード（内国株式）,5350.0,0.16482729315539582,0.711948444568899,10.0,42.505184,0.2292,-
6947.T,図研,電気機器,プライム（内国株式）,4940.0,-0.004357373302115841,0.24194230929318286,200.0,17.02739,0.15471,-
6951.T,日本電子,電気機器,プライム（内国株式）,7280.0,0.5742641332204804,0.45653711414343784,132.0,18.448462,0.111949995,買い
6952.T,カシオ計算機,電気機器,プライム（内国株式）,2312.0,1.0163684381592955,0.4101158812313128,45.0,47.13231,0.08479,買い
6954.T,ファナック,電気機器,プライム（内国株式）,6035.0,0.4224787149206343,0.5326204537457968,107.09,36.708183,0.093660004,買い
6955.T,ＦＤＫ,電気機器,スタンダード（内国株式）,403.0,-0.014669926650366748,0.5209033158532669,0.0,54.35028,0.0052300002,-
6958.T,日本シイエムケイ,電気機器,プライム（内国株式）,722.0,1.0836155405679138,0.49870579440838536,20.0,15.75179,0.03056,-
6960.T,フクダ電子,電気機器,スタンダード（内国株式）,11570.0,0.7517310972826218,0.2970080322522637,230.0,16.087723,0.10077,-
6961.T,エンプラス,電気機器,プライム（内国株式）,10130.0,1.024867735092662,0.7686895622864112,90.0,31.722845,0.08602,-
6962.T,大真空,電気機器,プライム（内国株式）,785.0,0.3865759118141584,0.5610639297821526,28.0,45.37167,0.01051,-
6963.T,ローム,電気機器,プライム（内国株式）,4699.0,1.2756451478842123,0.6010236493097867,50.0,41.730923,0.0,中立
6964.T,サンコー,電気機器,スタンダード（内国株式）,703.0,0.2723814632757121,0.18415718359116465,20.0,11.832125,0.03006,-
6965.T,浜松ホトニクス,電気機器,プライム（内国株式）,2367.0,0.4612154911962931,0.5722565752765669,38.0,41.242878,0.04124,買い
6966.T,三井ハイテック,電気機器,プライム（内国株式）,925.0,0.1586914627699876,0.6209451064290351,18.0,38.831017,0.02833,強気買い
6969.T,松尾電機,電気機器,スタンダード（内国株式）,1005.0,-0.04919583727530748,0.743706714614758,0.0,6.056549,-0.15672,-
6971.T,京セラ,電気機器,プライム（内国株式）,3608.0,0.8865082531085188,0.3438305755422462,52.0,82.7525,0.03185,中立
6976.T,太陽誘電,電気機器,プライム（内国株式）,9300.0,2.2775722383106007,0.897088350321548,90.0,161.71672,0.020130001,買い
6977.T,日本抵抗器製作所,電気機器,スタンダード（内国株式）,1490.0,0.8016880788545555,0.6487083656603492,25.0,0.0,-0.19155,-
6981.T,村田製作所,電気機器,プライム（内国株式）,7091.0,2.0266626970774437,0.7072308101077347,65.0,39.738373,0.07253,買い
6982.T,リード,輸送用機器,スタンダード（内国株式）,574.0,-0.013274563303600329,0.2391480204470661,10.0,0.0,-0.08801,-
6986.T,双葉電子工業,電気機器,プライム（内国株式）,714.0,0.1307138952188669,0.45913196111328725,18.0,104.52489,0.0011,-
6988.T,日東電工,化学,プライム（内国株式）,3414.0,0.05540581979717633,0.3254331396891892,60.0,17.556503,0.12399,買い
6989.T,北陸電気工業,電気機器,スタンダード（内国株式）,2516.0,0.29594482794004784,0.3007630904238492,95.0,9.054469,0.08939,-
6993.T,大黒屋ホールディングス,小売業,スタンダード（内国株式）,90.0,0.7307692307692307,1.4121000965128865,0.0,0.0,-0.26137,-
6994.T,指月電機製作所,電気機器,スタンダード（内国株式）,1153.0,1.4253445996312184,0.7780874176918766,24.0,14.476428,0.08168,-
6995.T,東海理化電機製作所,輸送用機器,プライム（内国株式）,3125.0,0.23970716179795892,0.24809212399247102,115.0,7.2506905,0.094,中立
6996.T,ニチコン,電気機器,プライム（内国株式）,2697.0,1.1397686641195979,0.6564766028531391,37.0,39.602985,0.02775,-
6997.T,日本ケミコン,電気機器,プライム（内国株式）,2747.0,1.2246903850461865,0.8828832101157426,20.0,306.07144,0.023340002,やや弱気
6998.T,日本タングステン,電気機器,スタンダード（内国株式）,3180.0,1.4588106162836212,0.6419131356940304,50.0,16.850443,0.05277,-
6999.T,ＫＯＡ,電気機器,プライム（内国株式）,2191.0,0.9976860742964926,0.651004207804452,32.0,32.20561,0.0,-
7003.T,三井Ｅ＆Ｓ,機械,プライム（内国株式）,4144.0,0.04663848223884052,0.6220720803448063,57.0,25.210466,0.15937,-
7004.T,カナデビア,機械,プライム（内国株式）,1189.0,0.25870940741803755,0.41709306870793195,25.0,11.576051,0.058080003,-
7011.T,三菱重工業,機械,プライム（内国株式）,3932.0,0.03900707252450353,0.4346998757329869,25.0,58.218506,0.0,買い
7012.T,川崎重工業,輸送用機器,プライム（内国株式）,2603.5,0.39586617458510887,0.5505166230695013,34.2,29.435274,0.0,強気買い
7013.T,ＩＨＩ,機械,プライム（内国株式）,2673.0,0.20306480992400827,0.5304259592646158,20.0,27.07241,0.23552,買い
7014.T,名村造船所,輸送用機器,スタンダード（内国株式）,4420.0,0.4532357965849402,0.7073708984221417,50.0,14.719187,0.16931999,強気買い
7018.T,内海造船,輸送用機器,スタンダード（内国株式）,11420.0,0.3403099884044609,0.7455766075647082,100.0,13.937316,0.14825,-
7021.T,ニッチツ,機械,スタンダード（内国株式）,2186.0,0.15509711570036888,0.4020395102877673,35.0,36.14928,0.009190001,-
7022.T,サノヤスホールディングス,機械,スタンダード（内国株式）,316.0,0.22564778709755848,0.5084660851393938,7.5,8.641346,0.17322999,-
7030.T,スプリックス,サービス業,スタンダード（内国株式）,979.0,-0.16217985375070176,0.33598274014641916,38.0,20.774591,0.12748,-
7031.T,インバウンドテック,サービス業,グロース（内国株式）,688.0,-0.14640198511166252,0.6385049170839703,0.0,0.0,-0.31261998,-
7033.T,マネジメントソリューションズ,サービス業,プライム（内国株式）,1707.0,0.2035277158555372,0.3399981392880209,32.0,12.082216,0.31172,-
7034.T,プロレド・パートナーズ,サービス業,プライム（内国株式）,367.0,-0.49863387978142076,0.488752686768654,0.0,22.99522,0.15967,-
7035.T,ａｎｄ　ｆａｃｔｏｒｙ,サービス業,スタンダード（内国株式）,272.0,-0.13924050632911392,0.32301967490395483,0.0,0.0,-0.33551997,-
7036.T,イーエムネットジャパン,サービス業,グロース（内国株式）,666.0,-0.3319959879638917,0.4541346810783254,0.0,6.883333,-0.42418998,-
7037.T,テノ．ホールディングス,サービス業,スタンダード（内国株式）,826.0,0.5661524036634946,0.40841264229888324,10.0,37.75468,0.06216,-
7038.T,フロンティア・マネジメント,サービス業,プライム（内国株式）,575.0,-0.18555240793201133,0.27049595750485445,0.0,0.0,-0.11184,-
7039.T,ブリッジインターナショナルグループ,サービス業,グロース（内国株式）,1353.0,-0.2850168525011047,0.2655329859918174,85.0,12.484094,0.12235,-
7040.T,サン・ライフホールディング,サービス業,スタンダード（内国株式）,967.0,0.04420219443350189,0.16600108191347937,34.0,7.5268817,0.123509996,-
7041.T,ＣＲＧホールディングス,サービス業,グロース（内国株式）,346.0,0.04774584613513621,0.40439251150037336,9.0,11.400652,0.036510002,-
7042.T,アクセスグループ・ホールディングス,サービス業,スタンダード（内国株式）,700.0,0.3094007226547515,0.4077328410776409,17.0,11.415689,0.15336001,-
7043.T,アルー,サービス業,グロース（内国株式）,955.0,0.07067388381430582,0.24732154843139578,7.0,8.94983,0.1863,-
7044.T,ピアラ,サービス業,スタンダード（内国株式）,516.0,-0.1342281879194631,0.33117206325141957,0.0,19.373425,0.39685002,-
7046.T,ＴＤＳＥ,サービス業,グロース（内国株式）,1319.0,-0.16575345596360253,0.3424400149166591,10.0,24.394651,0.06334,-
7047.T,ポート,サービス業,グロース（内国株式）,2341.0,0.05673217763684199,0.46274646524966007,12.0,14.487306,0.08585,-
7048.T,ベルトラ,サービス業,グロース（内国株式）,156.0,-0.41132075471698115,0.6174816087150701,0.0,46.194225,0.03006,-
7049.T,識学,サービス業,グロース（内国株式）,873.0,-0.024581005586592177,0.23466457442672,0.0,12.01787,0.42133,-
7050.T,フロンティアインターナショナル,サービス業,グロース（内国株式）,1410.0,0.30030033376797804,0.32755236308485414,65.0,12.352159,0.1594,-
7057.T,エヌ・シー・エヌ,サービス業,スタンダード（内国株式）,900.0,-0.04269478923847051,0.3274862706970009,31.0,30.298416,0.06419,-
7058.T,共栄セキュリティーサービス,サービス業,スタンダード（内国株式）,2928.0,0.08930688691582453,0.18912251192558666,120.0,19.96008,0.053189997,-
7059.T,コプロ・ホールディングス,サービス業,プライム（内国株式）,910.0,-0.1538010459888663,0.33474558635801793,40.0,17.609077,0.23986,-
7060.T,ギークス,サービス業,スタンダード（内国株式）,588.0,0.020666884704636422,0.38876295819677825,30.0,26.609636,0.044889998,-
7061.T,日本ホスピスホールディングス,サービス業,グロース（内国株式）,486.0,-0.6185600039242798,0.3994965693812062,25.0,23.448904,0.07807,強気買い
7062.T,フレアス,サービス業,グロース（内国株式）,712.0,-0.19087149074892923,0.3208413691991216,10.57,30.020353,0.18653,-
7063.T,Ｂｉｒｄｍａｎ,サービス業,グロース（内国株式）,97.0,-0.6910828025477707,1.0169283082212652,0.0,0.0,-1.8254601,-
7064.T,ハウテレビジョン,サービス業,スタンダード（内国株式）,870.0,-0.31711145996860285,0.5167121437578055,0.0,10.604651,0.07,-
7065.T,ユーピーアール,サービス業,スタンダード（内国株式）,1002.0,0.2942620501031632,0.4117562384553495,25.0,21.280474,0.06595,-
7066.T,ピアズ,サービス業,グロース（内国株式）,433.0,-0.33308596854080125,0.5664255147740401,16.0,12.040953,0.16041,-
7067.T,ブランディングテクノロジー,サービス業,グロース（内国株式）,1049.0,0.04600855853158228,0.37429352900381596,10.0,44.24817,0.02725,-
7068.T,フィードフォースグループ,サービス業,グロース（内国株式）,606.0,0.12300576834309691,0.43828192706204716,15.0,10.0,0.41903,-
7069.T,サイバー・バズ,サービス業,グロース（内国株式）,550.0,0.4454664914586071,0.6285967223749862,0.0,8.08302,0.64425004,強気買い
7071.T,アンビスホールディングス,サービス業,プライム（内国株式）,432.0,-0.310838477865618,0.5000054758321086,4.0,11.656441,0.09616,中立
7072.T,インティメート・マージャー,サービス業,グロース（内国株式）,1172.0,-0.05636070853462158,0.6544711616087482,0.0,18.623049,0.16638,-
7073.T,ジェイック,サービス業,グロース（内国株式）,2265.0,-0.0022483568583057676,0.29944393694268356,55.0,13.168925,0.12845999,-
7074.T,トゥエンティーフォーセブンホールディングス,サービス業,グロース（内国株式）,188.0,-0.29850746268656714,0.4426661380861341,0.0,0.0,-1.77119,-
7075.T,ＱＬＳホールディングス,サービス業,グロース（内国株式）,857.0,0.18541792283932534,0.2315725897661536,10.0,13.039867,0.28195,-
7077.T,ＡＬｉＮＫインターネット,サービス業,グロース（内国株式）,1005.0,-0.10347903657448707,0.1458417867813823,0.0,12.272727,0.0,-
7078.T,ＩＮＣＬＵＳＩＶＥ　Ｈｏｌｄｉｎｇｓ,サービス業,グロース（内国株式）,351.0,-0.34022556390977443,0.42869793531241546,0.0,87.77778,-0.59787,-
7079.T,ＷＤＢココ,サービス業,グロース（内国株式）,2582.0,-0.058525508116176295,0.12555956224971979,95.0,8.621539,0.16531,-
7080.T,スポーツフィールド,サービス業,グロース（内国株式）,851.0,-0.06866421682084076,0.3122171717297304,21.0,8.638818,0.37348,-
7081.T,コーユーレンティア,サービス業,スタンダード（内国株式）,1312.0,0.18829188149922027,0.1926899598842522,36.0,7.6864667,0.16354999,-
7082.T,ジモティー,サービス業,グロース（内国株式）,1406.0,-0.11959924859110833,0.5381807220474468,0.0,18.309565,0.31114,-
7083.T,ＡＨＣグループ,サービス業,グロース（内国株式）,1089.0,0.15518414037556647,0.3372080654868931,12.0,1454.0,0.00084,-
7084.T,Ｓｍｉｌｅ　Ｈｏｌｄｉｎｇｓ,サービス業,グロース（内国株式）,2777.0,0.37774552896455044,0.4630901805467819,95.0,34.941944,0.04425,-
7085.T,カーブスホールディングス,サービス業,プライム（内国株式）,970.0,0.2546507199576596,0.28470435238734776,19.0,16.869787,0.22358,-
7087.T,ウイルテック,サービス業,スタンダード（内国株式）,1390.0,0.5621848236267614,0.33814156630639924,43.0,13.174684,0.07078,-
7089.T,フォースタートアップス,サービス業,グロース（内国株式）,1506.0,0.583596214511041,0.5373389659916996,0.0,15.577627,0.2076,-
7090.T,リグア,サービス業,グロース（内国株式）,868.0,-0.1811320754716981,0.4911730905017467,0.0,0.0,-1.21322,-
7091.T,リビングプラットフォーム,サービス業,グロース（内国株式）,1269.0,0.3673282066434856,0.30380600430728344,5.0,12.969906,0.23021,-
7093.T,アディッシュ,サービス業,グロース（内国株式）,574.0,0.007017543859649123,0.544624012178822,0.0,0.0,-0.00224,-
7094.T,ＮｅｘＴｏｎｅ,サービス業,グロース（内国株式）,1768.0,-0.0614188479151103,0.479123330560788,20.0,19.38043,0.14922,強気買い
7095.T,Ｍａｃｂｅｅ　Ｐｌａｎｅｔ,サービス業,プライム（内国株式）,1261.0,-0.4963235921519388,0.4376455271566317,55.0,6.7817693,0.20438999,-
7096.T,ステムセル研究所,サービス業,グロース（内国株式）,775.0,-0.24390243902439024,0.2556867242616156,0.0,38.666668,0.06629,-
7097.T,さくらさくプラス,サービス業,グロース（内国株式）,2729.0,-0.010710766124981801,0.2553621181476197,28.0,17.343391,0.13475999,-
7102.T,日本車輌製造,輸送用機器,プライム（内国株式）,3675.0,0.5121326828923315,0.37033804501174383,45.0,5.6904993,0.16147,-
7110.T,クラシコム,小売業,グロース（内国株式）,2026.0,0.2295519930279175,0.3487948066154077,55.0,15.7166195,0.18028,-
7111.T,ＩＮＥＳＴ,卸売業,スタンダード（内国株式）,496.0,-0.45792349726775955,0.4940783923242218,0.0,0.0,-0.051090002,-
7112.T,キューブ,小売業,グロース（内国株式）,698.0,0.29259259259259257,0.33915211251465227,0.0,140.13962,0.0,-
7114.T,フーディソン,卸売業,グロース（内国株式）,787.0,-0.05973715651135006,0.1955683179045277,0.0,45.124596,0.04877,-
7115.T,アルファパーチェス,卸売業,スタンダード（内国株式）,1494.0,-0.5837537396818858,0.39925490618568116,37.0,15.801864,0.16093001,-
7119.T,ハルメクホールディングス,小売業,グロース（内国株式）,1724.0,0.489797849430606,0.21905251080076374,34.0,23.079088,0.12318,-
7120.T,ＳＨＩＮＫＯ,卸売業,スタンダード（内国株式）,1002.0,0.34937326861751683,0.27010470371091433,43.0,8.827378,0.36783,-
7122.T,近畿車輛,輸送用機器,スタンダード（内国株式）,2373.0,0.019368061120502697,0.26052055176836497,50.0,19.17774,0.01041,-
7126.T,グローバルスタイル,小売業,スタンダード（内国株式）,1427.0,-0.01913379746519997,0.12443236895902166,47.0,11.690077,0.16084999,-
7127.T,一家ホールディングス,小売業,スタンダード（内国株式）,703.0,-0.012640449438202247,0.11196662323686846,0.0,18.126648,0.05745,-
7128.T,ユニソルホールディングス,卸売業,プライム（内国株式）,2882.0,0.31123859896066597,0.2273305163573743,101.0,28.453455,0.027409999,-
7129.T,ミアヘルサホールディングス,小売業,スタンダード（内国株式）,1159.0,0.04673775870563643,0.10935778648986424,30.0,9.526987,0.0,-
7130.T,ヤマエグループホールディングス,卸売業,プライム（内国株式）,2939.0,0.11604577049393103,0.2901923426143801,80.0,11.007144,0.10443,-
7131.T,のむら産業,卸売業,スタンダード（内国株式）,3605.0,0.4985347097261845,0.4892517081295741,89.0,10.509886,0.27922,-
7133.T,ＨＹＵＧＡ　ＰＲＩＭＡＲＹ　ＣＡＲＥ,小売業,グロース（内国株式）,1314.0,0.07877070331983703,0.30765201752549276,20.0,14.358174,0.0,-
7134.T,アップガレージグループ,小売業,スタンダード（内国株式）,1389.0,0.2244719017477209,0.28336166273998653,36.5,11.717874,0.17042999,-
7135.T,ジャパンクラフトホールディングス,小売業,スタンダード（内国株式）,181.0,-0.20226325048570615,0.26912747119797925,3.0,0.0,-0.16896999,-
7137.T,グラントマト,小売業,PRO Market,1200.0,0.034482758620689655,0.035115522566711466,40.0,5.3022265,0.33715,-
7138.T,ＴＯＲＩＣＯ,小売業,グロース（内国株式）,193.0,-0.40942470254231605,1.2502908711341993,0.0,0.0,-0.25679,-
7139.T,東京高圧山崎,卸売業,PRO Market,4700.0,0.021739130434782608,0.022138046835535562,100.0,7.3746314,0.07937,-
7140.T,ペットゴー,小売業,グロース（内国株式）,802.0,-0.020757020757020756,0.3637757149876568,0.0,6.5634923,-0.11817,-
7148.T,ＦＰＧ,証券、商品先物取引業,プライム（内国株式）,1660.0,-0.2834176187306972,0.3601389346882788,111.55000000000001,7.6574283,0.31698,-
7150.T,島根銀行,銀行業,スタンダード（内国株式）,519.0,0.05030674361648674,0.3080892043847222,10.0,28.867624,0.02908,-
7157.T,ライフネット生命保険,保険業,プライム（内国株式）,1529.0,-0.35648148148148145,0.41288985155926794,0.0,24.706398,0.075890005,-
7161.T,じもとホールディングス,銀行業,スタンダード（内国株式）,558.0,0.22286491389672664,0.427770175484078,5.0,73.94469,0.02525,-
7162.T,アストマックス,電気・ガス業,スタンダード（内国株式）,267.0,0.10242660826745362,0.757995067881908,8.0,0.0,-0.11798,-
7164.T,全国保証,その他金融業,プライム（内国株式）,3188.0,-0.023337130621708925,0.17136247218716577,120.0,13.7267475,0.13933,-
7167.T,めぶきフィナンシャルグループ,銀行業,プライム（内国株式）,1648.5,0.8563828094527047,0.33495949013832355,28.0,18.862852,0.07261,買い
7170.T,中央インターナショナルグループ,保険業,PRO Market,330.0,0.1,0.14250319331558828,0.0,192.3077,-0.00703,-
7172.T,ジャパンインベストメントアドバイザー,証券、商品先物取引業,プライム（内国株式）,2079.0,0.12599220017935303,0.3742672033507426,98.0,11.776195,0.14528,-
7173.T,東京きらぼしフィナンシャルグループ,銀行業,プライム（内国株式）,1713.0,0.9955715417984182,0.4130668645070896,21.25,13.820434,0.09907,-
7175.T,今村証券,証券、商品先物取引業,スタンダード（内国株式）,1859.0,0.7991590731611076,0.25416104396431843,73.0,10.080707,0.07229,-
7176.T,シンプレクス・ファイナンシャル・ホールディングス,証券、商品先物取引業,PRO Market,757.0,-0.8935302390998594,1.204996738495793,0.0,3.3535705,0.57423,-
7177.T,ＧＭＯフィナンシャルホールディングス,証券、商品先物取引業,スタンダード（内国株式）,1126.0,0.2375196779510621,0.24370460145453238,51.49,10.638057,0.2074,-
7180.T,九州フィナンシャルグループ,銀行業,プライム（内国株式）,1507.0,0.8365222400067598,0.3488812437358065,29.0,15.609092,0.05503,買い
7181.T,かんぽ生命保険,保険業,プライム（内国株式）,1651.5,0.2317830182211472,0.3361772325875021,41.333336,11.640734,0.04137,買い
7182.T,ゆうちょ銀行,銀行業,プライム（内国株式）,3151.0,0.744836464031334,0.35641576205835207,74.0,22.67921,0.05311,-
7183.T,あんしん保証,その他金融業,スタンダード（内国株式）,254.0,0.5393939393939394,0.44630897487247,0.0,29.268291,0.04422,-
7184.T,富山第一銀行,銀行業,プライム（内国株式）,3175.0,1.7153551991865292,0.4854156034134484,84.0,16.602316,0.05836,-
7185.T,ヒロセ通商,証券、商品先物取引業,スタンダード（内国株式）,3910.0,-0.03869076166273288,0.12885546797759104,39.0,14.178855,0.09155,-
7186.T,横浜フィナンシャルグループ,銀行業,プライム（内国株式）,1882.5,0.7192777478003772,0.3461138750675841,38.0,19.031311,0.0,-
7187.T,ジェイリース,その他金融業,プライム（内国株式）,1398.0,-0.1495363351709127,0.24471518079881896,55.0,10.10858,0.39005002,-
7189.T,西日本フィナンシャルホールディングス,銀行業,プライム（内国株式）,4663.0,0.9744964786118806,0.3673159303141262,118.0,16.645899,0.07019,-
7191.T,イントラスト,その他金融業,スタンダード（内国株式）,1179.0,0.17984686273839132,0.21845924742274758,38.0,16.057774,0.23228,-
7192.T,日本モーゲージサービス,その他金融業,スタンダード（内国株式）,630.0,0.46709270770246697,0.2934998325873184,30.0,9.088375,0.12302,-
7196.T,Ｃａｓａ,その他金融業,スタンダード（内国株式）,748.0,-0.08143455095854293,0.11898010832977332,15.0,6.548516,0.13626,-
7198.T,ＳＢＩアルヒ,その他金融業,プライム（内国株式）,845.0,0.06119008142074966,0.20980575757747,40.0,21.68261,0.15203,-
7199.T,プレミアグループ,その他金融業,プライム（内国株式）,2123.0,-0.05132700419777432,0.32479627154775775,54.0,15.503545,0.21893999,-
7201.T,日産自動車,輸送用機器,プライム（内国株式）,336.0,-0.05378768171000189,0.40515831943944164,0.0,-24.308111,-0.15938,中立
7202.T,いすゞ自動車,輸送用機器,プライム（内国株式）,2228.5,0.17285962218698994,0.34230880989589324,92.0,13.019196,0.10573,買い
7203.T,トヨタ自動車,輸送用機器,プライム（内国株式）,3132.0,0.11141373726560973,0.31098600931985054,95.0,11.755182,0.10032,買い
7208.T,カネミツ,輸送用機器,スタンダード（内国株式）,1280.0,0.4598069853209888,0.2563317780957069,36.5,9.122664,0.05878,-
7211.T,三菱自動車工業,輸送用機器,プライム（内国株式）,362.3999938964844,-0.08549173658892335,0.40821639203639093,10.0,126.039215,0.010620001,中立
7212.T,エフテック,輸送用機器,スタンダード（内国株式）,727.0,-0.042974506730258565,0.3254064776980069,24.0,3.003362,-0.071279995,-
7213.T,レシップホールディングス,輸送用機器,スタンダード（内国株式）,664.0,0.5429301512320245,0.24782931936049402,24.0,5.2524567,0.19396,-
7214.T,ＧＭＢ,輸送用機器,スタンダード（内国株式）,1110.0,0.35370418105662416,0.2209276093786025,40.0,0.0,0.02605,-
7215.T,ファルテック,輸送用機器,スタンダード（内国株式）,452.0,0.17402597402597403,0.28761527962559974,0.0,10.98283,0.0016699999,-
7217.T,テイン,輸送用機器,スタンダード（内国株式）,460.0,0.22596947634271786,0.2559279181153902,16.0,22.653534,0.03382,-
7218.T,田中精密工業,輸送用機器,スタンダード（内国株式）,1096.0,0.08300747972594884,0.32517096269890006,32.0,5.869659,0.06445,-
7219.T,エッチ・ケー・エス,輸送用機器,スタンダード（内国株式）,2667.0,0.20646279596160844,0.2023516588032955,65.0,9.04145,0.02942,-
7220.T,武蔵精密工業,輸送用機器,プライム（内国株式）,3300.0,0.07742836673248613,0.879304112744937,40.0,22.18638,0.02394,買い
7222.T,日産車体,輸送用機器,スタンダード（内国株式）,977.0,-0.12999159839524893,0.3118163455234289,15.5,16.716171,0.038399998,-
7224.T,新明和工業,輸送用機器,プライム（内国株式）,1969.0,0.172957142687812,0.34440711099387494,56.0,19.608295,0.092159994,-
7226.T,極東開発工業,輸送用機器,プライム（内国株式）,2346.0,-0.09151669245009576,0.2528299056217492,140.0,88.3869,0.02352,-
7228.T,デイトナ,輸送用機器,スタンダード（内国株式）,4000.0,0.07899119065334419,0.13123081723542704,135.0,8.477692,0.12817,-
7231.T,トピー工業,輸送用機器,プライム（内国株式）,3095.0,0.10942413494922487,0.2704549756930295,130.0,8.508342,0.07455,-
7235.T,東京ラヂエーター製造,輸送用機器,スタンダード（内国株式）,1581.0,0.4423249942787207,0.304227646612373,65.0,7.032803,0.0848,-
7236.T,ティラド,輸送用機器,プライム（内国株式）,1560.0,1.2723250990756731,0.6257219406832267,56.0,6.7897167,0.21312,-
7238.T,曙ブレーキ工業,輸送用機器,プライム（内国株式）,107.0,-0.02727272727272727,0.534180885690968,0.0,6.702128,0.00459,-
7239.T,タチエス,輸送用機器,プライム（内国株式）,2338.0,0.2809767927452165,0.1949568137608511,105.0,5.717083,0.11885,-
7240.T,ＮＯＫ,輸送用機器,プライム（内国株式）,3011.0,0.2606035926170443,0.2344605956355659,130.0,15.693529,0.0,中立
7241.T,フタバ産業,輸送用機器,プライム（内国株式）,1116.0,0.25782230548446905,0.24735842547282982,43.0,8.183001,0.11553001,-
7242.T,カヤバ,輸送用機器,プライム（内国株式）,4695.0,0.3030016565050346,0.32381856915999285,156.0,8.362565,0.13303,-
7244.T,市光工業,電気機器,プライム（内国株式）,579.0,0.37984895509162375,0.34670657947821115,16.0,8.0024805,0.21043,-
7245.T,大同メタル工業,輸送用機器,プライム（内国株式）,1283.0,0.5851957405297009,0.5406500056759771,31.0,11.111112,0.05768,-
7246.T,プレス工業,輸送用機器,プライム（内国株式）,984.0,0.6054347468893304,0.28056473526601616,37.0,14.192775,0.07199,-
7247.T,ミクニ,輸送用機器,スタンダード（内国株式）,371.0,0.0015977708818141411,0.3027211141063706,14.0,4.7913446,0.08535,-
7254.T,ユニバンス,輸送用機器,スタンダード（内国株式）,804.0,0.5144764569669326,0.3550657699387869,18.0,8.143194,0.09348,-
7255.T,桜井製作所,輸送用機器,スタンダード（内国株式）,516.0,-0.12152598748710211,0.32384165806730625,15.0,4.896976,0.06925,-
7256.T,河西工業,輸送用機器,スタンダード（内国株式）,432.0,3.0754716981132075,1.0954316358422849,0.0,0.0,-0.21406001,-
7259.T,アイシン,輸送用機器,プライム（内国株式）,2269.0,0.015101421409193669,0.35810840933370336,70.0,10.243009,0.08387,買い
7261.T,マツダ,輸送用機器,プライム（内国株式）,1207.5,0.3009716016137464,0.39443060621764003,55.0,19.977383,0.00521,中立
7264.T,ムロコーポレーション,輸送用機器,スタンダード（内国株式）,1321.0,0.10252821924328659,0.19241919507795938,46.0,39.276257,0.01418,-
7265.T,エイケン工業,輸送用機器,スタンダード（内国株式）,3885.0,0.03615825698378151,0.26487873477463053,110.0,11.349405,0.07047,-
7266.T,今仙電機製作所,輸送用機器,スタンダード（内国株式）,987.0,0.3797364586070735,0.28119251733292494,27.0,15.323555,0.03924,-
7267.T,本田技研工業,輸送用機器,プライム（内国株式）,1753.0,0.10154232752080843,0.3106346966402951,70.0,10.149051,0.042969998,買い
7269.T,スズキ,輸送用機器,プライム（内国株式）,2103.5,0.09198287743934704,0.3288432280639707,46.0,8.974359,0.13446,買い
7270.T,ＳＵＢＡＲＵ,輸送用機器,プライム（内国株式）,2655.5,-0.058636751247983135,0.3260210314213078,115.5,7.0156827,0.037639998,中立
7271.T,安永,輸送用機器,スタンダード（内国株式）,821.0,0.16212475537196766,0.6280535337337046,23.0,14.002221,0.10439,-
7272.T,ヤマハ発動機,輸送用機器,プライム（内国株式）,1940.0,0.8567857616453064,0.3964917949603483,35.0,7.439457,0.02882,中立
7273.T,イクヨ,輸送用機器,スタンダード（内国株式）,583.0,-0.3460471539730427,0.44041383294203695,33.0,5.804891,0.32813,-
7276.T,小糸製作所,電気機器,プライム（内国株式）,2691.5,0.32668385896315877,0.24810654549402464,56.0,15.9350195,0.06459,中立
7277.T,ＴＢＫ,輸送用機器,スタンダード（内国株式）,357.0,0.15924413425149214,0.2436157155954489,8.0,34.191177,0.0269,-
7278.T,エクセディ,輸送用機器,プライム（内国株式）,6170.0,0.2596081786970218,0.21151649080754473,300.0,16.919207,0.07421,-
7279.T,ハイレックスコーポレーション,輸送用機器,スタンダード（内国株式）,2538.0,-0.016220700322029234,0.4389814683176691,76.5,13.822116,0.19784,-
7280.T,ミツバ,電気機器,プライム（内国株式）,1346.0,0.45528282206637577,0.5141351928528172,25.0,6.0976825,0.06565,-
7282.T,豊田合成,輸送用機器,プライム（内国株式）,5337.0,0.57396833652946,0.3669037602729204,138.0,11.915,0.088999994,買い
7283.T,愛三工業,輸送用機器,プライム（内国株式）,2305.0,0.20272591955453198,0.337518370918814,80.0,8.977103,0.097449996,-
7284.T,盟和産業,輸送用機器,スタンダード（内国株式）,1194.0,0.03814879868713222,0.20493911605558873,50.0,6.9636283,0.04502,-
7287.T,日本精機,輸送用機器,スタンダード（内国株式）,2599.0,0.5866482825885779,0.340647288519898,80.0,16.394905,0.04632,-
7291.T,日本プラスト,輸送用機器,スタンダード（内国株式）,453.0,0.16855940821577206,0.2770726284083377,30.0,22.13239,0.00934,-
7292.T,村上開明堂,輸送用機器,スタンダード（内国株式）,6670.0,0.050735225285839326,0.2799133965282228,240.0,11.889516,0.08432999,-
7294.T,ヨロズ,輸送用機器,プライム（内国株式）,938.0,-0.0244077833105224,0.28015405153501544,33.0,5.747342,-0.1275,-
7296.T,エフ・シー・シー,輸送用機器,プライム（内国株式）,4170.0,0.43110334240994463,0.25376061665775856,194.0,9.788921,0.07627,中立
7297.T,カーメイト,輸送用機器,スタンダード（内国株式）,863.0,0.03876356254507135,0.1764408977852727,30.0,0.0,-0.028959999,-
7299.T,フジオーゼックス,輸送用機器,スタンダード（内国株式）,1854.0,0.21484044147401057,0.2888937369680575,54.0,8.064516,0.074039996,-
7305.T,新家工業,鉄鋼,スタンダード（内国株式）,2697.0,0.11119748350542094,0.17498796079066103,160.0,12.97893,0.05998,-
7309.T,シマノ,輸送用機器,プライム（内国株式）,20360.0,0.24293478131267243,0.3040235087471948,351.0,43.331703,0.03897,中立
7313.T,テイ・エス　テック,輸送用機器,プライム（内国株式）,1854.0,0.05818740086874944,0.18683766849140004,90.0,39.98005,0.024619998,やや弱気
7314.T,小田原機器,輸送用機器,スタンダード（内国株式）,1302.0,0.09062609250662265,0.3305136221997342,40.0,38.562954,0.02315,-
7318.T,セレンディップ・ホールディングス,輸送用機器,グロース（内国株式）,1479.0,0.07956204379562044,0.8422304452453702,0.0,7.323186,0.28867,強気買い
7320.T,Ｓｏｌｖｖｙ,その他金融業,グロース（内国株式）,1455.0,-0.3556459741874784,0.5349910104242296,20.0,6.534692,-0.045619998,中立
7322.T,三十三フィナンシャルグループ,銀行業,プライム（内国株式）,2012.0,1.3542400284983198,0.42144311424108055,36.0,18.590027,0.05336,-
7325.T,アイリックコーポレーション,保険業,グロース（内国株式）,697.0,-0.11566642126040624,0.2956125233530844,32.0,16.458761,0.12503,-
7326.T,ＳＢＩインシュアランスグループ,保険業,グロース（内国株式）,2098.0,0.3561411355063597,0.30398549534545344,46.5,20.041714,0.45594,-
7327.T,第四北越フィナンシャルグループ,銀行業,プライム（内国株式）,2465.0,0.9705046102220668,0.3299495823829411,63.0,14.263782,0.08083,-
7337.T,ひろぎんホールディングス,銀行業,プライム（内国株式）,2300.5,0.7346356718494261,0.29002660384525025,58.0,15.468713,0.07316,-
7343.T,ブロードマインド,保険業,グロース（内国株式）,1250.0,0.12369796710527832,0.1835650027033768,69.0,20.575068,0.10416,-
7345.T,アイ・パートナーズフィナンシャル,その他金融業,グロース（内国株式）,948.0,0.6488486215284494,0.4078140447217942,4.0,1244.186,0.080620006,-
7347.T,マーキュリアホールディングス,証券、商品先物取引業,プライム（内国株式）,770.0,-0.012140734990320833,0.2611301300662384,22.0,inf,0.09349,-
7350.T,おきなわフィナンシャルグループ,銀行業,プライム（内国株式）,7650.0,1.1972006979848264,0.35702165455798834,170.0,13.042485,0.06765,-
7351.T,グッドパッチ,サービス業,グロース（内国株式）,475.0,-0.46937672902226474,0.3876932720023596,10.0,10.308159,0.092860006,-
7352.T,ＴＷＯＳＴＯＮＥ＆Ｓｏｎｓ,サービス業,グロース（内国株式）,356.0,-0.636161732539415,0.660099934881489,0.5,56.58915,0.0,-
7353.T,ＫＩＹＯラーニング,サービス業,グロース（内国株式）,540.0,-0.24475524475524477,0.23064613831837305,0.0,13.38638,0.20283002,-
7354.T,ダイレクトマーケティングミックス,サービス業,スタンダード（内国株式）,379.0,0.28921788662920944,0.41319543429403843,7.0,11.107243,0.09386,-
7356.T,Ｒｅｔｔｙ,サービス業,グロース（内国株式）,119.0,-0.516260162601626,0.5031717750068431,0.0,183.5443,0.06412,-
7357.T,ジオコード,サービス業,スタンダード（内国株式）,1805.0,0.38316065215060896,0.2877967352811051,25.0,433.518,0.04348,-
7358.T,ポピンズ,サービス業,スタンダード（内国株式）,1818.0,0.23031322435936677,0.31818787030126666,45.0,12.470833,0.12855,-
7359.T,東京通信グループ,サービス業,グロース（内国株式）,257.0,-0.5132575757575758,0.44764237057462314,0.0,10.925844,0.8167,-
7360.T,オンデック,サービス業,グロース（内国株式）,649.0,-0.2574370709382151,0.47205078850470555,0.0,6.5131054,-0.14674,-
7361.T,ヒューマンクリエイションホールディングス,サービス業,グロース（内国株式）,1200.0,0.08418347652501902,0.1966885522698546,27.0,9.550651,0.21886,-
7362.T,Ｔ．Ｓ．Ｉ,サービス業,グロース（内国株式）,860.0,0.03614457831325301,0.3106484131221056,0.0,15.169476,0.05947,-
7363.T,ベビーカレンダー,サービス業,グロース（内国株式）,1275.0,-0.28047404063205417,0.44612805519412363,0.0,23.420673,0.097040005,-
7366.T,ＬＩＴＡＬＩＣＯ,サービス業,プライム（内国株式）,1833.0,0.32294216684683635,0.41643489264182565,11.0,15.302096,0.26485002,-
7367.T,セルム,サービス業,スタンダード（内国株式）,335.0,-0.027372859069860086,0.16611052528465126,15.0,10.887096,0.22631,-
7368.T,表示灯,サービス業,スタンダード（内国株式）,1710.0,0.022449509132532575,0.1456417629899648,62.0,10.577462,0.100159995,-
7369.T,メイホーホールディングス,サービス業,グロース（内国株式）,347.0,-0.5213793103448275,0.3250505273008074,0.0,32.080048,0.039130002,-
7370.T,Ｅｎｊｉｎ,サービス業,グロース（内国株式）,716.0,-0.08229945827951175,0.16605109145715888,40.0,13.627899,0.09268,-
7371.T,Ｚｅｎｋｅｎ,サービス業,グロース（内国株式）,751.0,0.151195619305951,0.27888588413321264,27.0,23.281672,0.03029,-
7372.T,デコルテ・ホールディングス,サービス業,グロース（内国株式）,390.0,-0.14096916299559473,0.4235550336617133,0.0,13.330988,0.03302,-
7373.T,アイドマ・ホールディングス,サービス業,グロース（内国株式）,956.0,-0.6454063734153304,0.5426001878045567,30.0,13.60593,0.28898,-
7374.T,コンフィデンス・インターワークス,サービス業,グロース（内国株式）,1526.0,-0.016662395387080975,0.1281992438045352,75.0,9.231146,0.13441,-
7375.T,リファインバースグループ,サービス業,グロース（内国株式）,1174.0,0.36989498249708286,0.948506307642831,0.0,31.68734,0.48567,-
7376.T,ＢＣＣ,サービス業,グロース（内国株式）,850.0,0.4088398265131265,0.6298209382041439,0.0,0.0,-0.13264,-
7377.T,ＤＮホールディングス,サービス業,スタンダード（内国株式）,1684.0,-0.16709998173036947,0.12910946890113403,75.0,11.780298,0.10889,-
7378.T,アシロ,サービス業,グロース（内国株式）,1525.0,-0.28495868514085676,0.5376924868323334,66.2,15.564697,0.33811,-
7380.T,十六フィナンシャルグループ,銀行業,プライム（内国株式）,2512.0,1.355875239141617,0.38223180565990494,48.0,17.373438,0.05246,-
7381.T,ＣＣＩグループ,銀行業,プライム（内国株式）,1227.0,1.0668326863418693,0.3991368773875387,23.0,22.30555,0.058379997,-
7383.T,ネットプロテクションズホールディングス,その他金融業,プライム（内国株式）,455.0,-0.49444444444444446,0.6326703741399707,0.0,22.481041,0.09624,買い
7384.T,プロクレアホールディングス,銀行業,プライム（内国株式）,4480.0,1.634427350491157,0.40731790663179,50.0,124.80828,0.00033,-
7388.T,ＦＰパートナー,保険業,プライム（内国株式）,2233.0,0.0964834220798612,0.2643504950471702,94.0,29.05445,0.17267,-
7389.T,あいちフィナンシャルグループ,銀行業,プライム（内国株式）,1803.0,2.210293334069424,0.42595274264873195,27.0,32.957573,0.0434,-
7399.T,ナンシン,輸送用機器,スタンダード（内国株式）,599.0,0.05900163953991018,0.17506245832737177,20.0,15.921863,0.033940002,-
7409.T,ＡｅｒｏＥｄｇｅ,輸送用機器,グロース（内国株式）,1366.0,0.7798045602605863,0.7853310448987948,0.0,76.60168,0.26245,強気買い
7412.T,アトム,小売業,スタンダード（内国株式）,370.0,-0.4393939393939394,0.4436522016526004,0.0,185.75499,0.03081,-
7413.T,創健社,卸売業,スタンダード（内国株式）,2640.0,0.0038051700221555934,0.23966701478389688,20.0,49.488636,0.03338,-
7414.T,小野建,卸売業,プライム（内国株式）,1456.0,0.06951278222483334,0.16615764010624662,69.0,15.104166,0.0369,-
7416.T,はるやまホールディングス,小売業,スタンダード（内国株式）,681.0,-0.13466815553584943,0.25184311701057616,15.5,0.0,-0.03407,-
7417.T,南陽,卸売業,スタンダード（内国株式）,1915.0,0.49759023193838603,0.23359196578649538,68.0,9.732148,0.078449994,-
7419.T,ノジマ,小売業,プライム（内国株式）,1280.0,0.1496248010640906,0.3500880414851458,17.666667,9.398342,0.17813,-
7421.T,カッパ・クリエイト,小売業,プライム（内国株式）,1609.0,0.011313639220615965,0.19614201996775568,0.0,61.12171,0.06039,-
7422.T,東邦レマック,卸売業,スタンダード（内国株式）,359.0,-0.3968258851504578,0.25390919966512016,11.4,113.70262,0.109969996,-
7425.T,初穂商事,卸売業,スタンダード（内国株式）,1179.0,0.23803660362252269,0.2901443147972244,38.5,10.860087,0.0438,-
7426.T,山大,卸売業,スタンダード（内国株式）,640.0,-0.518796992481203,0.5125809091942222,0.0,0.0,-0.13927001,-
7427.T,エコートレーディング,卸売業,スタンダード（内国株式）,831.0,-0.08015296030729885,0.14600030726454497,30.0,7.1532493,0.058280002,-
7433.T,伯東,卸売業,プライム（内国株式）,5220.0,0.41736849690309935,0.24437082165836185,200.0,17.835052,0.07597,-
7434.T,オータケ,卸売業,スタンダード（内国株式）,1823.0,0.04952813099929884,0.17786469110029335,40.0,8.000665,0.0,-
7435.T,ナ・デックス,卸売業,スタンダード（内国株式）,1350.0,0.3869938101864507,0.5294963161359453,31.0,14.164052,0.03697,-
7438.T,コンドーテック,卸売業,プライム（内国株式）,1608.0,0.003383908257505478,0.19626118788530944,52.0,12.2784605,0.08569,-
7442.T,中山福,卸売業,スタンダード（内国株式）,485.0,0.17808135098395583,0.15735184810184552,12.0,11.820084,0.02303,-
7443.T,横浜魚類,卸売業,スタンダード（内国株式）,664.0,0.12167157994064479,0.16328447286332196,8.0,19.872814,-0.02678,-
7444.T,ハリマ共和物産,卸売業,スタンダード（内国株式）,1982.0,0.07864719480077052,0.1280681914630034,60.0,7.1787205,0.054190002,-
7446.T,東北化学薬品,卸売業,スタンダード（内国株式）,4485.0,0.14290129683924946,0.28330350508041025,125.0,8.992164,0.06865,-
7447.T,ナガイレーベン,卸売業,プライム（内国株式）,1774.0,-0.1879614113413554,0.22107946674080453,100.0,21.254988,0.06384,強気買い
7453.T,良品計画,小売業,プライム（内国株式）,4237.0,0.21774607312503017,0.4594446775535804,30.0,38.29276,-0.04765,買い
7456.T,松田産業,卸売業,プライム（内国株式）,6800.0,0.7468251273940936,0.47177898663779294,100.0,15.607951,0.12477,強気買い
7458.T,第一興商,卸売業,プライム（内国株式）,1872.5,0.11571448656580263,0.1861545484337792,67.0,12.352397,0.1234,-
7459.T,メディパルホールディングス,卸売業,プライム（内国株式）,2917.5,0.11969108351452844,0.21390069292581057,66.0,14.981885,0.06734,-
7460.T,ヤギ,卸売業,スタンダード（内国株式）,1668.0,0.5195824963034268,0.33763099804421065,52.0,9.617857,0.096190006,-
7461.T,キムラ,卸売業,スタンダード（内国株式）,477.0,-0.03660691744508962,0.17549860003411394,14.0,5.5653605,0.06302,-
7462.T,ＣＡＰＩＴＡ,小売業,スタンダード（内国株式）,387.0,0.893270538914512,0.3943526430186382,8.0,19.443453,0.060089998,-
7463.T,アドヴァングループ,小売業,スタンダード（内国株式）,950.0,0.18418294701388438,0.2232672843428132,100.0,4.193219,0.14129,-
7464.T,セフテック,卸売業,スタンダード（内国株式）,1537.0,-0.04363330966299119,0.13038406390465831,60.0,12.658527,0.03042,-
7466.T,ＳＰＫ,卸売業,プライム（内国株式）,1470.0,0.2910024752833486,0.2262101885738147,36.5,10.217074,0.10411,-
7472.T,鳥羽洋行,卸売業,スタンダード（内国株式）,3875.0,0.04104977591390455,0.16397108836571483,150.0,11.660917,0.0573,-
7475.T,アルビス,小売業,プライム（内国株式）,2551.0,-0.15045053644350614,0.13573650460437145,70.0,14.842646,0.0419,-
7476.T,アズワン,卸売業,プライム（内国株式）,2421.5,-0.02780306120868675,0.23787873237550222,65.0,17.951035,0.13489,買い
7477.T,ムラキ,卸売業,スタンダード（内国株式）,1630.0,0.2478781428811203,0.5381230392449668,30.0,42.016804,0.02369,-
7480.T,スズデン,卸売業,スタンダード（内国株式）,3395.0,1.1181426526865808,0.38060873668583406,111.5,15.010499,0.09177,-
7481.T,尾家産業,卸売業,スタンダード（内国株式）,2614.0,0.2742149410843582,0.2063500077815253,102.0,7.7544527,0.0,-
7482.T,シモジマ,卸売業,プライム（内国株式）,1498.0,0.21479919598208827,0.1738922154696643,59.0,14.245387,0.0699,-
7483.T,ドウシシャ,卸売業,プライム（内国株式）,3020.0,0.1847680181442122,0.21342815143583044,110.0,15.968965,0.0938,買い
7486.T,サンリン,卸売業,スタンダード（内国株式）,813.0,0.18860550653719144,0.3064219056217058,24.0,15.417867,0.03006,-
7487.T,小津産業,卸売業,スタンダード（内国株式）,1790.0,0.08619481741025178,0.1319005049022303,28.0,36.36198,0.02545,-
7490.T,日新商事,卸売業,スタンダード（内国株式）,2189.0,0.9423685163714384,0.4024006856783248,21.0,26.847343,0.18368,-
7494.T,コナカ,小売業,スタンダード（内国株式）,242.0,-0.03162426974382089,0.11293850243583145,10.0,16.72523,0.107080005,-
7500.T,西川計測,卸売業,スタンダード（内国株式）,9620.0,-0.05740890790530762,0.3293332664563329,390.0,12.51343,0.057210002,-
7501.T,ティムコ,卸売業,スタンダード（内国株式）,1450.0,0.4217152084831816,0.6420032817421601,12.0,0.0,-0.028789999,-
7502.T,プラザホールディングス,サービス業,スタンダード（内国株式）,1670.0,-0.07254117456758408,0.11965399744346211,50.0,11.248846,0.14477,-
7504.T,高速,卸売業,プライム（内国株式）,4950.0,0.7791305959357424,0.2826834491628822,116.0,16.420404,0.09244,-
7505.T,扶桑電通,卸売業,スタンダード（内国株式）,2102.0,0.4638796400027272,0.47282778965052974,87.0,9.199852,0.20476,-
7506.T,ハウス　オブ　ローゼ,小売業,スタンダード（内国株式）,1380.0,0.02465916026777371,0.1921269330350596,25.0,103.08503,0.06078,-
7508.T,Ｇ‐７ホールディングス,小売業,プライム（内国株式）,1451.0,0.14488068011348068,0.22579159181886865,70.0,11.684112,0.15786,-
7509.T,アイエーグループ,小売業,スタンダード（内国株式）,4920.0,0.36596162015170797,0.2343330220016936,150.0,4.9578414,0.09024999,-
7510.T,たけびし,卸売業,プライム（内国株式）,2725.0,0.435549436624401,0.3085227712587794,72.0,14.070756,0.068959996,-
7512.T,イオン北海道,小売業,スタンダード（内国株式）,856.0,-0.04520337495222512,0.14204909918887712,16.0,32.898174,0.13736,-
7513.T,コジマ,小売業,プライム（内国株式）,1484.0,0.23666666666666666,0.28068985016061676,22.0,21.964462,0.07609,-
7514.T,ヒマラヤ,小売業,スタンダード（内国株式）,881.0,0.01914942425342381,0.06209694714799121,26.0,910.6383,-0.0027,-
7515.T,マルヨシセンター,小売業,スタンダード（内国株式）,4640.0,0.1333717138199211,0.15005163155501114,30.0,62.499996,0.06315,-
7516.T,コーナン商事,小売業,プライム（内国株式）,4490.0,0.15119124968858877,0.20117841989426785,130.0,9.190832,0.08012,-
7520.T,エコス,小売業,プライム（内国株式）,2637.0,-0.03384923859339159,0.22939736558274812,70.0,6.175796,0.16319,-
7521.T,ムサシ,卸売業,スタンダード（内国株式）,2755.0,0.30956609876730323,0.27554919824357205,76.0,6.08016,0.047519997,-
7522.T,ワタミ,小売業,プライム（内国株式）,973.0,-0.021776799191091004,0.1914137908062587,10.0,12.5545845,0.13462,-
7523.T,アールビバン,小売業,スタンダード（内国株式）,1900.0,0.8335875139626567,0.4520484986171682,60.0,10.0033455,0.090129994,-
7524.T,マルシェ,小売業,スタンダード（内国株式）,179.0,-0.11822660098522167,0.18393063134605897,0.0,58.04196,0.04933,-
7525.T,リックス,卸売業,プライム（内国株式）,3690.0,0.1485733644336386,0.24255916906309147,157.0,9.8692465,0.11415,-
7527.T,システムソフト,情報・通信業,スタンダード（内国株式）,54.0,-0.12903225806451613,0.6285348291661533,0.0,9.152542,-0.096820004,-
7531.T,清和中央ホールディングス,卸売業,スタンダード（内国株式）,1295.0,-0.2320983225458632,0.22213616687315976,20.0,16.529018,0.02179,-
7532.T,パン・パシフィック・インターナショナルホールディングス,小売業,プライム（内国株式）,818.2000122070312,-0.2478757384265714,0.3147110936379072,9.5,28.127241,0.15955,買い
7537.T,丸文,卸売業,プライム（内国株式）,1778.0,0.6406040195506743,0.43319259944839567,50.0,9.972369,0.05764,-
7538.T,大水,卸売業,スタンダード（内国株式）,397.0,0.18381319753421999,0.2656042651783257,7.0,4.491807,0.103190005,-
7539.T,アイナボホールディングス,卸売業,スタンダード（内国株式）,793.0,0.07183450049134811,0.20167801705862798,27.0,11.467257,0.06532,-
7544.T,スリーエフ,小売業,スタンダード（内国株式）,561.0,0.11458390807162354,0.16208874088038547,18.0,10.785091,0.19797,-
7545.T,西松屋チェーン,小売業,プライム（内国株式）,2012.0,-0.09052311889306533,0.19303620005224995,32.0,19.26089,0.0721,買い
7550.T,ゼンショーホールディングス,小売業,プライム（内国株式）,11480.0,0.1771732029350822,0.3413428154242402,75.0,38.05733,0.14186,-
7551.T,ウェッズ,輸送用機器,スタンダード（内国株式）,730.0,0.2162333934179942,0.23557263662929953,27.0,8.429655,0.07176,-
7552.T,ハピネット,卸売業,プライム（内国株式）,3695.0,0.16692664386844844,0.3716682067336604,92.5,13.67126,0.19048999,-
7554.T,幸楽苑,小売業,プライム（内国株式）,1170.0,0.11402267252047421,0.19101149887371413,10.0,24.626057,0.46769002,-
7555.T,大田花き,卸売業,スタンダード（内国株式）,745.0,0.006542566262655916,0.11532872917268472,10.0,29.943956,0.02226,-
7561.T,ハークスレイホールディングス,小売業,スタンダード（内国株式）,687.0,0.134810097038202,0.22284680831428055,28.0,11.474862,0.047399998,-
7562.T,安楽亭,小売業,スタンダード（内国株式）,3815.0,0.021333356165811636,0.07345288411188877,15.0,46.080376,0.060739998,-
7564.T,ワークマン,小売業,スタンダード（内国株式）,6030.0,0.09812312910458804,0.36354954744277573,89.0,28.081259,0.14140001,中立
7565.T,萬世電機,卸売業,スタンダード（内国株式）,8000.0,0.2438246240683557,0.3470706209978376,200.0,10.683761,0.09255999,-
7567.T,栄電子,卸売業,スタンダード（内国株式）,612.0,0.2505562301802367,0.4144160561051078,11.0,43.03351,0.014520001,-
7570.T,橋本総業ホールディングス,卸売業,スタンダード（内国株式）,1409.0,0.11447861838008065,0.2396227141191405,50.0,8.923919,0.09004,-
7571.T,ヤマノホールディングス,小売業,スタンダード（内国株式）,87.0,-0.42305118965173194,0.45574623846220597,1.5,29.239765,0.27446,-
7575.T,日本ライフライン,卸売業,プライム（内国株式）,1576.0,0.1059378171073454,0.26794438151535793,54.0,10.52364,0.15016,-
7578.T,ニチリョク,小売業,スタンダード（内国株式）,73.0,-0.39669421487603307,0.3610260920324527,0.0,3.764861,-0.10455,-
7581.T,サイゼリヤ,小売業,プライム（内国株式）,7350.0,0.3125757642609463,0.42792798642875324,30.0,25.883392,0.1008,強気買い
7585.T,かんなん丸,小売業,スタンダード（内国株式）,406.0,-0.02403846153846154,0.11333434897299026,0.0,0.0,-0.00682,-
7590.T,タカショー,卸売業,スタンダード（内国株式）,403.0,-0.08799922539869073,0.1864036224757523,5.0,16.072874,0.015759999,-
7593.T,ＶＴホールディングス,小売業,プライム（内国株式）,541.0,0.1587195543820741,0.18436319205933158,24.0,10.494344,0.08479,-
7595.T,アルゴグラフィックス,情報・通信業,プライム（内国株式）,1346.0,0.2393396352172671,0.265236512484352,80.0,15.903404,0.34893,-
7596.T,魚力,小売業,プライム（内国株式）,2372.0,-0.02161966421507121,0.112816268500998,52.0,23.851137,0.07954,-
7599.T,ＩＤＯＭ,卸売業,プライム（内国株式）,1286.0,0.29900935991226096,0.33871125335212005,35.6,11.7043295,0.15835,-
7600.T,日本エム・ディ・エム,精密機器,プライム（内国株式）,838.0,0.6289598085747465,0.5590796486953374,17.0,9.243422,-0.041139998,-
7601.T,ポプラ,小売業,スタンダード（内国株式）,166.0,-0.10270270270270271,0.15027063572755184,0.0,10.011574,0.25537002,-
7602.T,レダックス,卸売業,スタンダード（内国株式）,162.0,0.23308926676195182,0.8363454706193169,1.0,0.0,-0.05386,-
7603.T,ジーイエット,小売業,スタンダード（内国株式）,48.0,-0.8945054945054945,0.8246086341445087,0.0,0.0,-0.66076,-
7604.T,梅の花グループ,小売業,スタンダード（内国株式）,896.0,0.10393029808469681,0.0935212772065271,10.0,0.0,-0.13256,-
7606.T,ユナイテッドアローズ,小売業,プライム（内国株式）,2559.0,0.23325533368850468,0.27277438717686814,89.0,19.710442,0.1456,買い
7607.T,進和,卸売業,プライム（内国株式）,3135.0,-0.022317736228711207,0.2058553893392928,130.0,12.970983,0.08131,-
7608.T,エスケイジャパン,卸売業,スタンダード（内国株式）,842.0,0.601240011639618,0.4324050628731291,23.5,10.942208,0.21445,-
7609.T,ダイトロン,卸売業,プライム（内国株式）,4060.0,1.0333787049477232,0.44987146109073434,115.0,12.043575,0.14411001,-
7610.T,テイツー,小売業,スタンダード（内国株式）,141.0,-0.007278430085065779,0.325873518977814,5.0,14.013347,0.13475999,-
7611.T,ハイデイ日高,小売業,プライム（内国株式）,2991.0,-0.20722421612907754,0.21739215632271922,52.0,23.587437,0.19529,-
7613.T,シークス,卸売業,プライム（内国株式）,1596.0,0.28640368186204174,0.2867727899371729,50.0,25.042622,0.02419,-
7614.T,オーエムツーネットワーク,小売業,スタンダード（内国株式）,1532.0,0.04161317221353207,0.33900543366603747,36.0,10.449172,0.05342,-
7615.T,京都きもの友禅ホールディングス,小売業,スタンダード（内国株式）,92.0,-0.6781626767451499,0.7743907947328117,1.5,0.0,-0.09033,-
7616.T,コロワイド,小売業,プライム（内国株式）,2050.5,0.053412716360200674,0.23547375552258842,5.0,149.07906,0.03384,-
7619.T,田中商事,卸売業,スタンダード（内国株式）,960.0,0.20841238375611962,0.18644888647518984,31.0,7.732622,0.05862,-
7621.T,うかい,小売業,スタンダード（内国株式）,3435.0,-0.07617236514545707,0.10645026642620037,15.0,36.422413,-0.16137,-
7624.T,ＮａＩＴＯ,卸売業,スタンダード（内国株式）,152.0,0.14957990563528273,0.1874789973649175,4.0,25.818882,0.02181,-
7625.T,グローバルダイニング,小売業,スタンダード（内国株式）,472.0,0.36436269430143226,0.3273405560764401,5.0,15.638842,0.055999998,-
7628.T,オーハシテクニカ,卸売業,プライム（内国株式）,1207.0,0.08933133837757039,0.2830033860638737,37.0,12.928015,0.06329,-
7630.T,壱番屋,小売業,プライム（内国株式）,947.0,-0.02916615957864505,0.17042741736086423,16.0,55.479454,0.07975,-
7634.T,星医療酸器,卸売業,スタンダード（内国株式）,5300.0,0.16068165238876247,0.19748593289341054,90.0,11.520738,0.07665,-
7636.T,ハンズマン,小売業,スタンダード（内国株式）,790.0,-0.006751111321202983,0.08907457078238812,30.0,12.150649,0.05159,-
7637.T,白銅,卸売業,プライム（内国株式）,3715.0,0.6670274609750562,0.37843016361014337,86.0,16.791494,0.08902001,-
7638.T,ＮＥＷ　ＡＲＴ　ＨＯＬＤＩＮＧＳ,小売業,スタンダード（内国株式）,1415.0,-0.03316021708120761,0.1850247930960541,80.0,9.199407,0.25618,-
7640.T,トップカルチャー,小売業,スタンダード（内国株式）,180.0,0.11801242236024845,0.7425312541020866,0.0,0.0,-0.51973,-
7643.T,ダイイチ,小売業,スタンダード（内国株式）,1753.0,-0.010297660336891916,0.15498268845761476,38.0,19.582998,0.094519995,-
7646.T,ＰＬＡＮＴ,小売業,スタンダード（内国株式）,1859.0,0.1919620567778614,0.21433123965953682,85.0,9.629098,0.082679994,-
7649.T,スギホールディングス,小売業,プライム（内国株式）,2714.5,-0.32350679590621106,0.2995168947664832,35.0,14.128861,0.16108999,買い
7670.T,オーウエル,卸売業,スタンダード（内国株式）,1191.0,0.30610461450479476,0.25634506291824655,45.0,5.9867973,0.08427,-
7673.T,ダイコー通産,卸売業,スタンダード（内国株式）,1636.0,0.06828518783392601,0.23238043196999097,70.0,10.779774,0.10413,-
7674.T,ＮＡＴＴＹ　ＳＷＡＮＫＹホールディングス,小売業,グロース（内国株式）,2583.0,-0.17344,0.14365176589409498,0.0,22.517422,-0.51811004,-
7677.T,ヤシマキザイ,卸売業,スタンダード（内国株式）,2700.0,-0.025214397831553326,0.2607324035970559,25.0,0.0,0.00625,-
7678.T,あさくま,小売業,スタンダード（内国株式）,3035.0,0.4299175500588928,0.2779942395999255,0.0,90.407936,0.0,-
7679.T,薬王堂ホールディングス,小売業,プライム（内国株式）,1742.0,-0.23849522156613867,0.23934555674560623,29.0,9.141529,0.10423,-
7680.T,軽自動車館,小売業,PRO Market,3190.0,0.0,0.0,0.0,3.2883885,0.19027,-
7681.T,レオクラン,卸売業,スタンダード（内国株式）,1043.0,-0.15392071829028187,0.48417781229785406,17.0,33.786407,0.04585,-
7682.T,浜木綿,小売業,スタンダード（内国株式）,3910.0,0.009311039541163588,0.10054383624580011,17.0,108.69565,0.050279997,-
7683.T,ダブルエー,小売業,プライム（内国株式）,1407.0,0.09633335955394647,0.13852858724101502,17.0,25.951752,0.06309,-
7685.T,ＢｕｙＳｅｌｌ　Ｔｅｃｈｎｏｌｏｇｉｅｓ,卸売業,グロース（内国株式）,3195.0,0.8377993290000112,0.4959810993436,12.5,39.697216,0.31072,強気買い
7686.T,ひとまいる,小売業,スタンダード（内国株式）,445.0,-0.040714516954442795,0.14577400029944684,20.0,19.493908,0.14625,-
7687.T,ミクリード,卸売業,グロース（内国株式）,442.0,-0.21067557242339985,0.23377955591928157,8.5,10.07047,0.19266,-
7689.T,コパ・コーポレーション,卸売業,グロース（内国株式）,307.0,-0.40847784200385356,0.3422291388835579,0.0,0.0,-0.35634,-
7691.T,Ｃ　Ｃｈａｎｎｅｌ,小売業,PRO Market,30.0,29.0,29.532154478604312,0.0,0.0,-0.56757,-
7692.T,アースインフィニティ,電気・ガス業,スタンダード（内国株式）,79.0,-0.33832088065338933,0.3690345874663527,2.6,14.1210375,0.64524,-
7694.T,いつも,小売業,グロース（内国株式）,508.0,-0.4140715109573241,0.6208179721856352,0.0,0.0,-0.01388,-
7695.T,交換できるくん,小売業,グロース（内国株式）,855.0,0.1032258064516129,0.3034471161964976,0.0,79.85685,-0.0114,-
7698.T,アイスコ,卸売業,スタンダード（内国株式）,2640.0,0.4593247162948237,0.17952991650136385,20.0,18.491125,0.14021,-
7699.T,オムニ・プラス・システム・リミテッド　ＪＤＲ,卸売業,グロース（外国株式）,700.0,-0.1606714628297362,0.19853496297637677,0.0,8.532615,0.13496,-
7701.T,島津製作所,精密機器,プライム（内国株式）,4109.0,0.13586485861943112,0.2692538288322264,69.0,19.58042,0.0,買い
7702.T,ＪＭＳ,精密機器,スタンダード（内国株式）,462.0,0.05714814429454981,0.18384966787332707,17.0,68.01872,-0.0075700004,-
7707.T,プレシジョン・システム・サイエンス,精密機器,グロース（内国株式）,214.0,0.02518252288964739,0.5986400262120242,2.0,8.616601,-0.00921,-
7709.T,クボテック,精密機器,スタンダード（内国株式）,38.0,-0.8071065989847716,0.6291544100632098,0.0,0.0,-0.86917,-
7711.T,助川電気工業,精密機器,スタンダード（内国株式）,4750.0,0.47859169309008415,0.9684456709536794,48.0,44.16557,0.031689998,-
7713.T,シグマ光機,精密機器,スタンダード（内国株式）,2155.0,0.5883596683959454,0.5002179968010282,42.0,13.312785,0.05515,-
7715.T,長野計器,精密機器,プライム（内国株式）,3950.0,0.976705970606957,0.4527933687652595,52.0,10.776171,0.11699,-
7716.T,ナカニシ,精密機器,スタンダード（内国株式）,3030.0,0.4764994478093264,0.2795126274820255,58.0,21.477262,-0.02039,買い
7717.T,ブイ・テクノロジー,精密機器,プライム（内国株式）,5420.0,0.9224818016339128,0.7097984530326558,80.0,58.863247,0.058590002,買い
7719.T,東京衡機,精密機器,スタンダード（内国株式）,467.0,0.9139344262295082,0.9437928823408432,0.0,44.581497,0.056929998,-
7721.T,東京計器,精密機器,プライム（内国株式）,6930.0,0.495683400696823,0.650774021209498,40.0,27.394304,0.117180005,強気買い
7722.T,国際計測器,精密機器,スタンダード（内国株式）,790.0,0.17509606458626975,0.3806645614218916,35.0,7.1465297,0.11214,-
7723.T,愛知時計電機,精密機器,プライム（内国株式）,2870.0,0.17774496111760096,0.2977780012577401,113.0,11.851327,0.09204,-
7725.T,インターアクション,精密機器,プライム（内国株式）,1875.0,0.40175734375744343,0.5072002062398412,44.0,43.839863,0.033859998,-
7726.T,黒田精工,機械,スタンダード（内国株式）,1325.0,0.42600191203860444,0.4342723308789184,20.0,69.863014,-0.00035,-
7727.T,オーバル,精密機器,スタンダード（内国株式）,801.0,0.3350535086143386,0.4498485638912292,20.0,14.217046,0.07875,-
7729.T,東京精密,精密機器,プライム（内国株式）,17290.0,1.1641106044531642,0.5760064259986937,262.0,29.691412,0.12477,買い
7730.T,マニー,精密機器,プライム（内国株式）,1603.0,0.2724929465167867,0.3116890636872427,40.0,32.80985,0.10212,買い
7731.T,ニコン,精密機器,プライム（内国株式）,2008.0,0.43325970788559043,0.47351098297226735,40.0,76.01258,-0.13925,中立
7733.T,オリンパス,精密機器,プライム（内国株式）,2168.5,0.271189676575796,0.429774100443804,30.0,18.218178,0.11247,中立
7734.T,理研計器,精密機器,プライム（内国株式）,3290.0,-0.006535812796569279,0.37953009531993676,55.0,17.695295,0.0,-
7735.T,ＳＣＲＥＥＮホールディングス,電気機器,プライム（内国株式）,12970.0,1.3646901744307263,0.6547036121715932,146.5,34.03293,0.19765,買い
7740.T,タムロン,精密機器,プライム（内国株式）,1382.0,0.44273377317896556,0.43094492521511396,46.25,14.395604,0.13981,-
7741.T,ＨＯＹＡ,精密機器,プライム（内国株式）,24895.0,0.30463544232460243,0.3067339310156688,295.0,48.37438,0.24176,買い
7743.T,シード,精密機器,スタンダード（内国株式）,534.0,0.00023974046294260667,0.28973031526364085,15.0,13.487349,0.06282,-
7744.T,ノーリツ鋼機,精密機器,プライム（内国株式）,2000.0,0.24667453903896946,0.30460158133137083,74.0,15.132408,0.073920004,-
7745.T,Ａ＆Ｄホロンホールディングス,精密機器,プライム（内国株式）,2796.0,0.409384495955366,0.4333659409110132,55.0,12.488218,0.13617,買い
7746.T,岡本硝子,精密機器,スタンダード（内国株式）,748.0,3.0652173913043477,1.3835443334333315,0.0,0.0,-0.02656,-
7747.T,朝日インテック,精密機器,プライム（内国株式）,4043.0,0.5537060716693927,0.3585316111766626,48.51,53.50347,0.11178,買い
7749.T,メディキット,精密機器,スタンダード（内国株式）,2861.0,0.17261877303792225,0.15949737909789788,100.0,14.229362,0.06894,-
7751.T,キヤノン,電気機器,プライム（内国株式）,4593.0,0.08644265907757413,0.23439908120208383,160.0,11.980061,0.096549995,中立
7752.T,リコー,電気機器,プライム（内国株式）,1642.0,0.2955609584092738,0.27443966269049014,40.0,12.916825,0.059180003,中立
7760.T,ＩＭＶ,精密機器,スタンダード（内国株式）,1969.0,0.004851180301038314,0.6568903133375059,30.0,27.581388,0.18284,-
7762.T,シチズン時計,精密機器,プライム（内国株式）,2529.0,1.6025531002941595,0.4133409891934207,47.0,18.654625,0.08525,-
7769.T,リズム,精密機器,プライム（内国株式）,4005.0,0.2530911005864927,0.195973079385877,167.6,13.1225,0.07511,-
7771.T,日本精密,精密機器,スタンダード（内国株式）,293.0,1.6396396396396395,1.2435279072613208,0.0,41.23273,0.059359998,-
7774.T,ジャパン・ティッシュエンジニアリング,精密機器,グロース（内国株式）,862.0,0.6737864077669903,0.583505096194226,0.0,41.37931,-0.08382,-
7775.T,大研医器,精密機器,スタンダード（内国株式）,426.0,-0.022115174657767196,0.12361490078942418,20.0,12.919896,0.13011,-
7776.T,セルシード,精密機器,グロース（内国株式）,233.0,-0.49676025917926564,0.621858268869393,0.0,0.0,-0.71658,-
7777.T,スリー・ディー・マトリックス,精密機器,グロース（内国株式）,359.0,0.45934959349593496,0.8925900100142704,0.0,-38.828125,0.31863,-
7779.T,ＣＹＢＥＲＤＹＮＥ,精密機器,グロース（内国株式）,235.0,0.16336633663366337,0.6414208989001482,0.0,187.33333,-0.0013,-
7780.T,メニコン,精密機器,プライム（内国株式）,1920.0,0.6015188558240608,0.32669593697902977,28.0,26.200089,0.07532,-
7781.T,平山ホールディングス,精密機器,スタンダード（内国株式）,890.0,0.70965816826024,0.3229963709053606,33.0,11.054609,0.20639,-
7782.T,シンシア,精密機器,スタンダード（内国株式）,458.0,-0.17671765201662085,0.20035902197070682,17.0,11.323999,0.095740005,-
7791.T,ドリームベッド,その他製品,スタンダード（内国株式）,823.0,-0.0416693733069876,0.1451237472794696,36.0,7.369377,0.07654,-
7792.T,コラントッテ,その他製品,グロース（内国株式）,1445.0,0.014049768230094477,0.20540620031469756,42.0,9.768337,0.25647,-
7793.T,イメージ・マジック,その他製品,グロース（内国株式）,1528.0,-0.05219710346142485,0.32200442549526415,32.0,12.949475,0.17033,-
7794.T,イーディーピー,その他製品,グロース（内国株式）,935.0,0.7843511450381679,1.1291897522919176,0.0,11.8489065,0.0,-
7795.T,ＫＹＯＲＩＴＳＵ,その他製品,スタンダード（内国株式）,228.0,0.20176029454379307,0.2476541139643596,8.0,8.480176,0.07309,-
7800.T,アミファ,その他製品,スタンダード（内国株式）,1016.0,0.643480230326144,0.6342968065738553,26.0,20.483797,0.16935,-
7803.T,ブシロード,その他製品,グロース（内国株式）,401.0,0.17526310215833926,0.5071424889404612,2.5,7.5872087,0.19134001,強気買い
7804.T,ビーアンドピー,その他製品,スタンダード（内国株式）,2318.0,-0.05219959522568354,0.2601504888653573,80.0,11.649752,0.0,-
7805.T,プリントネット,その他製品,スタンダード（内国株式）,742.0,0.005233413240367641,0.15496173357336063,13.0,8.174204,0.11299,-
7806.T,ＭＴＧ,その他製品,グロース（内国株式）,8680.0,0.8306607122904525,0.6076432923029008,25.0,30.037546,0.19056,強気買い
7807.T,幸和製作所,その他製品,スタンダード（内国株式）,875.0,0.1183809688006347,0.19747653866911916,13.0,8.17688,0.14509,-
7808.T,シー・エス・ランバー,その他製品,スタンダード（内国株式）,2750.0,-0.14698861384286627,0.18442935399957666,80.0,5.917104,0.0,-
7809.T,壽屋,その他製品,スタンダード（内国株式）,1325.0,-0.15588418573005355,0.15460435346907267,45.0,8.1751995,0.17678,強気買い
7810.T,クロスフォー,その他製品,スタンダード（内国株式）,146.0,-0.10063906682520361,0.8576183725258477,0.63,113.414635,0.01375,-
7811.T,中本パックス,その他製品,スタンダード（内国株式）,1953.0,-0.0020293161423544097,0.1869260332885596,71.0,8.776218,0.10601,-
7812.T,クレステック,その他製品,スタンダード（内国株式）,2130.0,0.25521556968674425,0.25336009301656,104.0,6.720382,0.09277,-
7813.T,プラッツ,その他製品,スタンダード（内国株式）,820.0,0.03733128835303212,0.20318756533388754,24.0,15.847201,0.05657,-
7814.T,日本創発グループ,その他製品,スタンダード（内国株式）,624.0,-0.21739979122222416,0.36554458719166694,60.5,4.5101423,0.35124,-
7815.T,東京ボード工業,その他製品,スタンダード（内国株式）,363.0,-0.39093959731543626,0.7875624848086997,0.0,0.0,-0.16982001,-
7818.T,トランザクション,その他製品,プライム（内国株式）,1259.0,0.037136374259032295,0.3057926241630612,28.5,15.62544,0.22528,-
7819.T,粧美堂,その他製品,スタンダード（内国株式）,964.0,0.22710553782502513,0.4584506640213891,33.0,15.321274,0.16219,強気買い
7820.T,ニホンフラッシュ,その他製品,プライム（内国株式）,718.0,-0.07799553956490576,0.15956970544684898,36.0,3.093965,-0.0874,-
7821.T,前田工繊,その他製品,プライム（内国株式）,2032.0,0.14225728700801651,0.24680902934766275,30.0,13.206909,0.14145,-
7822.T,永大産業,その他製品,スタンダード（内国株式）,255.0,-0.01219798078335997,0.2138773351446971,10.0,31.98324,-0.00492,-
7823.T,アートネイチャー,その他製品,スタンダード（内国株式）,863.0,0.08136894040253739,0.16773966919401273,30.0,26.159672,0.04536,-
7826.T,フルヤ金属,その他製品,プライム（内国株式）,8140.0,2.6229503885864824,0.7327830722449867,165.0,22.383938,0.05692,買い
7827.T,オービス,その他製品,スタンダード（内国株式）,1739.0,0.190184965521459,0.20926021433519157,60.0,7.175246,0.0,-
7831.T,ウイルコホールディングス,その他製品,スタンダード（内国株式）,68.0,-0.4249471458773784,0.5105372711760101,2.0,0.0,-0.52314997,-
7832.T,バンダイナムコホールディングス,その他製品,プライム（内国株式）,5484.0,0.03488325807065109,0.31229752827701335,73.0,19.948107,0.13791999,買い
7833.T,アイフィスジャパン,その他製品,スタンダード（内国株式）,649.0,0.06961898175508305,0.16887522397909288,25.0,11.565097,0.095740005,-
7836.T,アビックス,その他製品,スタンダード（内国株式）,79.0,-0.20202020202020202,0.3440219551077096,0.0,15.357766,0.06427,-
7837.T,アールシーコア,その他製品,スタンダード（内国株式）,334.0,-0.16080402010050251,0.5120433927369826,0.0,0.0,-0.24844,-
7839.T,ＳＨＯＥＩ,その他製品,プライム（内国株式）,2077.0,0.15877416686042242,0.25601911606852373,60.0,14.0718565,0.21052,買い
7840.T,フランスベッドホールディングス,その他製品,プライム（内国株式）,1292.0,0.03886024449973744,0.15750361900072804,41.0,19.047619,0.06931,-
7841.T,遠藤製作所,その他製品,スタンダード（内国株式）,1116.0,-0.05391871621562188,0.20718879937790943,40.0,16.28179,0.014839999,-
7844.T,マーベラス,情報・通信業,プライム（内国株式）,503.0,-0.05675913865762625,0.2833313255397443,12.0,30.602882,0.04997,強気買い
7846.T,パイロットコーポレーション,その他製品,プライム（内国株式）,1991.5,0.32768481860754606,0.22622517548852794,41.0,15.667593,0.08441,-
7847.T,グラファイトデザイン,その他製品,スタンダード（内国株式）,667.0,0.043091845318392705,0.17284352618328908,30.0,20.306768,0.34506,-
7849.T,スターツ出版,情報・通信業,スタンダード（内国株式）,2989.0,-0.24587352089853998,0.26799648789974684,130.0,11.268549,0.13409,-
7850.T,総合商研,その他製品,スタンダード（内国株式）,826.0,-0.06199522194500718,0.20365847554348987,20.0,12.091098,0.060939997,-
7856.T,萩原工業,その他製品,プライム（内国株式）,1860.0,0.1748621724115358,0.18336959652713622,70.0,13.814756,0.03907,強気買い
7857.T,セキ,その他製品,スタンダード（内国株式）,1297.0,-0.008814672830752665,0.1322235199061396,26.0,50.241905,0.0067299996,-
7859.T,アルメディオ,その他製品,スタンダード（内国株式）,248.0,0.10790382073432815,0.7072486436516777,4.5,0.0,-0.06092,-
7860.T,エイベックス,情報・通信業,プライム（内国株式）,1276.0,0.03291088006880676,0.17663724700459416,50.0,120.34069,0.04615,-
7863.T,平賀,その他製品,スタンダード（内国株式）,939.0,-0.04040376381667982,0.15487804928267163,40.0,14.77171,0.21535,-
7864.T,フジシールインターナショナル,その他製品,プライム（内国株式）,3280.0,0.15219297256349745,0.276282203876648,81.0,9.391298,0.14774999,-
7865.T,ピープル,その他製品,スタンダード（内国株式）,340.0,-0.38848920863309355,0.17316716392450984,0.0,20.83543,0.15435,-
7867.T,タカラトミー,その他製品,プライム（内国株式）,3641.0,0.07581849221735008,0.3099300871208492,64.0,15.264684,0.1043,-
7868.T,広済堂ホールディングス,その他製品,プライム（内国株式）,567.0,0.2940227700350434,0.4266106713960289,13.34,19.12096,0.0,-
7871.T,フクビ化学工業,化学,スタンダード（内国株式）,1007.0,0.20888833658244857,0.3778499405517871,29.0,10.788691,0.04575,-
7872.T,エステールホールディングス,その他製品,スタンダード（内国株式）,615.0,0.09484670705307607,0.08077561132425227,27.0,0.0,-0.045900002,-
7874.T,レック,化学,プライム（内国株式）,966.0,-0.1848989625463173,0.30899192889050436,27.0,17.791788,0.07376,-
7875.T,竹田ｉＰホールディングス,その他製品,スタンダード（内国株式）,821.0,0.65331050463329,0.4652765926986741,23.5,8.123722,0.07181,-
7877.T,永大化工,化学,スタンダード（内国株式）,2199.0,0.37065858189833945,0.2422205800251872,70.0,8.741119,0.04354,-
7878.T,光・彩,その他製品,スタンダード（内国株式）,1366.0,0.046678284918546274,0.6868515177262177,30.0,23.541025,-0.15696,-
7879.T,ノダ,その他製品,スタンダード（内国株式）,671.0,0.010851399383282724,0.11084729787508044,30.0,0.0,-0.01748,-
7883.T,サンメッセ,その他製品,スタンダード（内国株式）,399.0,0.17569938268379903,0.114236357434137,9.0,16.042309,0.0128999995,-
7885.T,タカノ,その他製品,スタンダード（内国株式）,1141.0,0.5149348049822122,0.48477852660021015,20.0,22.235722,0.01938,-
7886.T,ヤマト　モビリティ　＆　Ｍｆｇ．,化学,スタンダード（内国株式）,711.0,-0.2918326693227092,0.5091661101355378,0.0,0.0,-0.65042996,-
7887.T,南海プライウッド,その他製品,スタンダード（内国株式）,1524.0,0.14141700147607178,0.4253816439637587,40.0,6.584295,0.046669997,-
7888.T,三光合成,化学,プライム（内国株式）,915.0,0.04606766920493579,0.3884398667742109,28.0,6.711358,0.12641,-
7893.T,プロネクサス,その他製品,プライム（内国株式）,1158.0,0.07775329458057897,0.20127592731876617,42.0,0.0,-0.01691,-
7896.T,セブン工業,その他製品,スタンダード（内国株式）,515.0,0.03930963636677169,0.1411466028238008,20.0,20.488575,-0.00125,-
7897.T,ホクシン,その他製品,スタンダード（内国株式）,106.0,-0.11459797930026407,0.2484355453438853,2.0,0.0,0.0,-
7898.T,ウッドワン,その他製品,スタンダード（内国株式）,932.0,0.07297921293059755,0.2333143715767512,24.0,3.9409444,0.05435,-
7901.T,マツモト,その他製品,スタンダード（内国株式）,870.0,-0.3560325684678016,0.8972871772388473,0.0,0.0,-0.41957,-
7902.T,ソノコム,その他製品,スタンダード（内国株式）,1100.0,0.2294776377771303,0.44716017229838995,13.0,17.263546,0.02849,-
7906.T,ヨネックス,その他製品,スタンダード（内国株式）,2774.0,-0.3441232428837948,0.3533557962056303,25.0,22.560297,0.15293999,-
7908.T,きもと,化学,スタンダード（内国株式）,238.0,-0.04528321774052224,0.30060026763418957,7.0,12.608103,0.04092,-
7911.T,ＴＯＰＰＡＮホールディングス,その他製品,プライム（内国株式）,5123.0,0.39255072779425687,0.5323435115963991,58.0,15.665974,0.05499,強気買い
7912.T,大日本印刷,その他製品,プライム（内国株式）,3225.0,0.3565797135383772,0.31408613077166936,40.0,16.305304,0.06647,中立
7914.T,共同印刷,その他製品,プライム（内国株式）,1771.0,0.19825521606993143,0.20262296978179686,78.0,12.07635,0.05762,-
7915.T,ＮＩＳＳＨＡ,その他製品,プライム（内国株式）,1299.0,0.025058299701452742,0.3408930330047405,50.0,60.396976,0.03286,中立
7916.T,光村印刷,その他製品,スタンダード（内国株式）,1887.0,0.32584386655744263,0.23771258220430547,50.0,10.434292,0.015700001,-
7917.T,ＺＡＣＲＯＳ,化学,プライム（内国株式）,1272.0,0.23011018339344452,0.3658783832030464,36.0,15.3896675,0.08685,-
7918.T,ヴィア・ホールディングス,小売業,スタンダード（内国株式）,107.0,-0.06956521739130435,0.20663109720783554,0.0,0.0,-0.23806,-
7919.T,野崎印刷紙業,その他製品,スタンダード（内国株式）,224.0,0.20966122876324544,0.19778497998175928,7.5,7.6865673,0.072069995,-
7921.T,ＴＡＫＡＲＡ　＆　ＣＯＭＰＡＮＹ,その他製品,プライム（内国株式）,4275.0,0.1528222960087715,0.3256792557438841,120.0,11.920384,0.13819,-
7927.T,ムトー精工,化学,スタンダード（内国株式）,2260.0,0.41206896301871965,0.32764219091284547,115.0,8.427693,0.088520005,-
7928.T,旭化学工業,化学,スタンダード（内国株式）,654.0,0.040002057654109316,0.14031356183282132,10.0,41.0596,0.01648,-
7931.T,未来工業,化学,プライム（内国株式）,3700.0,-0.00454677359836715,0.27076964633449835,145.0,11.402867,0.08935001,-
7932.T,ニッピ,その他製品,スタンダード（内国株式）,11750.0,0.08284180816942587,0.24587503455347187,696.0,13.360018,0.063039996,-
7936.T,アシックス,その他製品,プライム（内国株式）,4689.0,0.1271769564173249,0.3792789988128223,36.0,32.18091,0.38886002,買い
7937.T,ツツミ,その他製品,スタンダード（内国株式）,2603.0,0.20724048444571713,0.2803255357416304,115.0,28.370735,0.03867,-
7938.T,リーガルコーポレーション,その他製品,スタンダード（内国株式）,2193.0,-0.05638805698274338,0.08992821484864068,75.0,16.719837,0.041100003,-
7939.T,研創,その他製品,スタンダード（内国株式）,609.0,0.12110502236006462,0.17394639658488364,22.0,10.287416,0.21935,-
7942.T,ＪＳＰ,化学,プライム（内国株式）,3110.0,0.6645843942338238,0.2982998187542911,90.0,12.053856,0.05524,-
7943.T,ニチハ,ガラス・土石製品,プライム（内国株式）,3090.0,0.07665056451116913,0.2611070413835303,114.0,34.616547,0.027460001,-
7944.T,ローランド,その他製品,プライム（内国株式）,3865.0,0.19431549207582613,0.2770188153824785,170.0,53.280193,0.049569998,強気買い
7946.T,光陽社,その他製品,スタンダード（内国株式）,318.0,-0.8411083361070159,1.143416259328873,10.0,30.740038,0.0312,-
7947.T,エフピコ,化学,プライム（内国株式）,2782.0,0.08398958919955556,0.24347091400934398,73.0,13.520408,0.09307,-
7949.T,小松ウオール工業,その他製品,プライム（内国株式）,2824.0,0.14406142803931177,0.2277484000524779,130.0,17.54455,0.07935,-
7951.T,ヤマハ,その他製品,プライム（内国株式）,1309.0,0.35429404356808625,0.2646734400233226,26.0,31.385056,0.03986,-
7952.T,河合楽器製作所,その他製品,プライム（内国株式）,3570.0,0.4451981401328426,0.2958276909418085,95.0,32.440285,0.023729999,-
7953.T,菊水化学工業,その他製品,スタンダード（内国株式）,401.0,0.07311710161635186,0.1120633285441766,17.0,56.831394,0.02681,-
7955.T,クリナップ,その他製品,プライム（内国株式）,1001.0,0.36352290818659105,0.3040042235754429,33.0,14.064553,0.05485,-
7956.T,ピジョン,その他製品,プライム（内国株式）,2155.5,0.2241012231406792,0.24397322395070872,76.0,23.390139,0.103649996,買い
7957.T,フジコピアン,その他製品,スタンダード（内国株式）,2456.0,0.6230515888592936,0.37099260151754354,40.0,0.0,-0.2915,-
7962.T,キングジム,その他製品,プライム（内国株式）,811.0,-0.01677904369921399,0.09260836192774535,15.0,44.017097,0.02155,-
7963.T,興研,その他製品,スタンダード（内国株式）,1803.0,0.06725328046410008,0.2333913620489653,50.0,10.727991,0.06597,-
7965.T,象印マホービン,電気機器,プライム（内国株式）,1474.0,-0.11001274431423819,0.23349647856993705,75.0,18.861788,0.072670005,中立
7966.T,リンテック,その他製品,プライム（内国株式）,5490.0,0.7486372792132601,0.3793366506321586,110.0,26.407614,0.05059,-
7970.T,信越ポリマー,化学,プライム（内国株式）,2244.0,0.22767638068153132,0.3042454027391334,62.0,16.577875,0.08518,-
7971.T,東リ,化学,スタンダード（内国株式）,706.0,0.27163393542373987,0.24606662562815929,34.0,10.077985,0.09086,-
7972.T,イトーキ,その他製品,プライム（内国株式）,2565.0,0.0661728516336549,0.41952590639605786,75.0,18.392012,0.17708,強気買い
7974.T,任天堂,その他製品,プライム（内国株式）,8599.0,-0.3572656320484256,0.39263187955172657,219.0,26.403025,0.14130001,買い
7975.T,リヒトラブ,その他製品,スタンダード（内国株式）,1141.0,0.013580815612342537,0.16324683245702337,25.0,59.373417,0.0062,-
7976.T,三菱鉛筆,その他製品,プライム（内国株式）,2971.0,0.4530590206240807,0.29923969225657515,54.5,21.72009,0.04777,-
7979.T,松風,精密機器,プライム（内国株式）,2339.0,0.19794482852012135,0.2547834845294869,60.0,13.870158,0.096920006,強気買い
7980.T,重松製作所,その他製品,スタンダード（内国株式）,848.0,0.083455752363523,0.46863469309625866,15.0,11.479304,0.07961,-
7981.T,タカラスタンダード,その他製品,プライム（内国株式）,3065.0,0.2050421516723024,0.2548904556117405,116.0,14.034839,0.0,-
7983.T,ミロク,その他製品,スタンダード（内国株式）,1099.0,-0.06606861085635406,0.32091253827730737,10.0,0.0,-0.21365999,-
7984.T,コクヨ,その他製品,プライム（内国株式）,870.7000122070312,-0.040584698247757435,0.22202184031585262,25.25,17.983309,0.08359,買い
7986.T,日本アイ・エス・ケイ,その他製品,スタンダード（内国株式）,1914.0,0.17417008064520356,0.18245652644297475,30.0,7.3099737,0.09449001,-
7987.T,ナカバヤシ,その他製品,スタンダード（内国株式）,575.0,0.042686644705699016,0.19640419235298137,22.0,8.702044,0.053839996,-
7988.T,ニフコ,化学,プライム（内国株式）,5068.0,0.2604353352036379,0.2637755666895058,110.0,9.363791,0.17174,買い
7989.T,立川ブラインド工業,金属製品,プライム（内国株式）,2723.0,0.573039653591344,0.3154731826903714,100.0,16.387234,0.05925,-
7990.T,グローブライド,その他製品,プライム（内国株式）,2532.0,0.13661637211581898,0.3007964782918237,90.0,9.167415,0.0,中立
7991.T,マミヤ・オーピー,機械,スタンダード（内国株式）,1056.0,-0.3471033986615953,0.28953005958208033,50.0,6.217318,0.07782,-
7992.T,セーラー万年筆,その他製品,スタンダード（内国株式）,103.0,-0.1557377049180328,0.4119676703293558,0.0,0.0,-0.18834,-
7994.T,オカムラ,その他製品,プライム（内国株式）,2339.0,-0.0012200478156994914,0.19891119865275975,104.0,11.380252,0.13382,-
7995.T,バルカー,化学,プライム（内国株式）,6520.0,0.8477548148077935,0.420556332170091,150.0,17.877584,0.10988,-
7997.T,くろがね工作所,その他製品,スタンダード（内国株式）,1073.0,0.28064795132031434,0.32083286996878274,40.0,4.147737,0.08527,-
8001.T,伊藤忠商事,卸売業,プライム（内国株式）,2080.0,0.31141605929300936,0.26164922729425205,42.0,15.288013,0.14241,買い
8002.T,丸紅,卸売業,プライム（内国株式）,4893.0,0.52781201421444,0.35570432630990295,107.5,17.16002,0.12854,買い
8005.T,スクロール,小売業,プライム（内国株式）,1838.0,0.7281655046967931,0.30489968068912104,59.0,15.257311,0.06948,-
8006.T,ユアサ・フナショク,卸売業,スタンダード（内国株式）,1509.0,0.171953831852874,0.3190932927622556,33.0,11.9152155,0.0616,-
8007.T,高島,卸売業,プライム（内国株式）,814.0,0.0029548137082118643,0.2597034360054212,45.0,15.810732,0.07454,-
8008.T,ヨンドシーホールディングス,小売業,プライム（内国株式）,2179.0,0.3018308907672629,0.1603177513391597,83.0,26.216257,0.04164,-
8011.T,三陽商会,繊維製品,プライム（内国株式）,5320.0,0.720678444488594,0.35481375711775476,139.0,14.457577,0.082440004,-
8012.T,長瀬産業,卸売業,プライム（内国株式）,1221.5,0.6203766099983102,0.30873797807968795,25.0,21.520529,0.0,-
8013.T,ナイガイ,繊維製品,スタンダード（内国株式）,349.0,0.25089605734767023,0.4758377319792807,0.0,0.0,0.00745,-
8014.T,蝶理,卸売業,プライム（内国株式）,4260.0,0.12342466515442763,0.2913591250049946,147.0,11.465451,0.1102,-
8015.T,豊田通商,卸売業,プライム（内国株式）,7226.0,0.9436850895730974,0.3968176245369361,120.0,18.936745,0.135,買い
8016.T,オンワードホールディングス,繊維製品,プライム（内国株式）,772.0,0.23968149703684669,0.22793529899554701,30.0,11.562822,0.12363,-
8018.T,三共生興,卸売業,スタンダード（内国株式）,886.0,0.41778816153432863,0.2878452999905774,27.0,81.03896,0.0257,-
8020.T,兼松,卸売業,プライム（内国株式）,2184.0,0.5088389557517959,0.2768246709999558,63.0,13.526925,0.15476,-
8022.T,美津濃,その他製品,プライム（内国株式）,4080.0,0.5503902722094737,0.36388231822347716,60.0,15.830777,0.11071,-
8023.T,ＤＡＩＫＯ　ＸＴＥＣＨ,情報・通信業,スタンダード（内国株式）,1037.0,-0.04939770374447675,0.26963461969186464,36.0,8.9107275,0.12118,-
8025.T,ツカモトコーポレーション,卸売業,スタンダード（内国株式）,1327.0,0.002889811854096053,0.21294873837240513,30.0,0.0,-0.01509,-
8029.T,ルックホールディングス,繊維製品,スタンダード（内国株式）,2656.0,0.08092960349697743,0.14804979751583597,100.0,13.054473,0.03768,-
8030.T,中央魚類,卸売業,スタンダード（内国株式）,3735.0,0.04896329016568803,0.21125514422110814,120.0,6.0864635,0.08866999,-
8031.T,三井物産,卸売業,プライム（内国株式）,4899.0,0.5101342122172267,0.33316084256484935,115.0,20.046324,0.10781,買い
8032.T,日本紙パルプ商事,卸売業,プライム（内国株式）,1221.0,0.8745496552416906,0.2696157646922406,34.0,49.533127,0.04701,-
8035.T,東京エレクトロン,電気機器,プライム（内国株式）,54290.0,1.710486151172229,0.5712445405760173,628.0,36.708862,0.26457,買い
8037.T,カメイ,卸売業,プライム（内国株式）,4355.0,0.5951332468613671,0.2637422027587777,115.0,10.003143,0.06904,-
8039.T,築地魚市場,卸売業,スタンダード（内国株式）,3580.0,0.008871992650980466,0.16206753588891276,35.0,21.14827,0.052010003,-
8040.T,東京ソワール,繊維製品,スタンダード（内国株式）,1036.0,0.14106580711848518,0.17599811831489087,45.0,15.854014,0.02286,-
8041.T,ＯＵＧホールディングス,卸売業,スタンダード（内国株式）,4480.0,0.13217607550242638,0.26480459298789083,167.0,4.50043,0.13518,-
8043.T,スターゼン,卸売業,プライム（内国株式）,1521.0,0.29851231098018566,0.22006015776690238,43.0,5.8938546,0.14224,-
8045.T,横浜丸魚,卸売業,スタンダード（内国株式）,1965.0,0.8305258442850821,0.31066682323084416,34.0,20.213165,0.03464,-
8046.T,丸藤シートパイル,卸売業,スタンダード（内国株式）,991.0,0.33796711295389936,0.25677151800886694,40.0,11.081109,0.06427,-
8050.T,セイコーグループ,精密機器,プライム（内国株式）,10530.0,2.6658340443727706,0.5472223967173568,82.5,30.17303,0.0,-
8051.T,山善,卸売業,プライム（内国株式）,1898.0,0.4057995727742208,0.23689117931533166,54.0,16.592062,0.06929,-
8052.T,椿本興業,卸売業,プライム（内国株式）,2807.0,0.060767380228022874,0.24101665718405182,90.0,10.059087,0.105229996,-
8053.T,住友商事,卸売業,プライム（内国株式）,1709.0,0.7492896074904896,0.37244851026184556,37.5,12.206666,0.12635,買い
8056.T,ＢＩＰＲＯＧＹ,情報・通信業,プライム（内国株式）,4546.0,-0.26733233794536404,0.3360342944913486,130.0,14.644445,0.19158001,買い
8057.T,内田洋行,卸売業,プライム（内国株式）,2200.0,0.05576397901359786,0.3177031389718395,72.0,8.49111,0.17313999,-
8058.T,三菱商事,卸売業,プライム（内国株式）,4794.0,0.5287780067752526,0.3330202239073752,110.0,30.585014,0.08528,買い
8059.T,第一実業,卸売業,プライム（内国株式）,3640.0,0.4497949061181212,0.31204330115821166,125.0,11.518342,0.120129995,-
8060.T,キヤノンマーケティングジャパン,卸売業,プライム（内国株式）,3609.0,0.29791534050550555,0.2281418495409597,90.0,18.430447,0.10418,-
8061.T,西華産業,卸売業,プライム（内国株式）,2960.0,0.5700846615928806,0.4489894798150856,81.66,19.723078,0.13578,-
8065.T,佐藤商事,卸売業,プライム（内国株式）,3690.0,1.278747586200242,0.3512372929047964,82.0,8.589149,0.084180005,-
8066.T,三谷商事,卸売業,スタンダード（内国株式）,3115.0,0.5010230900838083,0.31554678184907725,97.0,9.998731,0.11675,-
8070.T,東京産業,卸売業,プライム（内国株式）,938.0,0.07517933890449494,0.29629546547610225,38.0,11.481526,0.20397,-
8074.T,ＹＵＡＳＡ,卸売業,プライム（内国株式）,6120.0,0.2762562108455548,0.2566805277277565,190.0,13.199077,0.10424,-
8075.T,神鋼商事,卸売業,プライム（内国株式）,3045.0,0.4628830512949502,0.2513088214943699,106.0,7.8783717,0.084910005,-
8076.T,カノークス,卸売業,スタンダード（内国株式）,2080.0,0.14766558813032124,0.1386592706784556,104.0,9.560185,0.06219,-
8077.T,トルク,卸売業,スタンダード（内国株式）,213.0,-0.17817962767198794,0.20062391139195104,6.0,5.470515,0.060879998,-
8078.T,阪和興業,卸売業,プライム（内国株式）,1841.0,0.5126500566887511,0.2783223277753158,58.0,7.7822504,0.0,中立
8079.T,正栄食品工業,卸売業,プライム（内国株式）,4560.0,0.12889024275259833,0.1824103200870948,75.0,23.611418,0.06632,強気買い
8081.T,カナデン,卸売業,プライム（内国株式）,2525.0,0.3414583846207524,0.28873337421070283,72.0,11.885201,0.08357,-
8084.T,ＲＹＯＤＥＮ,卸売業,プライム（内国株式）,4805.0,0.6378463022823252,0.2361146296610967,138.0,14.726662,0.05939,-
8085.T,ナラサキ産業,卸売業,スタンダード（内国株式）,4120.0,0.18397391422764447,0.25197622853920837,130.0,10.313269,0.0877,-
8086.T,ニプロ,精密機器,プライム（内国株式）,1586.0,0.07177057490322727,0.22814752678687164,29.0,27.827557,0.058119997,中立
8088.T,岩谷産業,卸売業,プライム（内国株式）,2177.0,0.3784411882986825,0.3579936391080967,47.0,9.671382,0.10373,中立
8089.T,ナイス,卸売業,スタンダード（内国株式）,1952.0,0.060699482086964206,0.17946060422040927,72.0,7.2727895,0.07001,-
8091.T,ニチモウ,卸売業,プライム（内国株式）,2425.0,0.00467776787319099,0.19842110486587133,100.0,7.363775,0.09714,-
8093.T,極東貿易,卸売業,プライム（内国株式）,1859.0,0.1556324581197925,0.24819460887355216,74.0,6.168944,0.0675,-
8095.T,アステナホールディングス,卸売業,プライム（内国株式）,538.0,0.0997030165382903,0.21740585083290412,18.0,8.923304,0.08274,-
8097.T,三愛オブリ,卸売業,プライム（内国株式）,2414.0,0.2183139456262808,0.22751728044574454,100.0,21.725182,0.070700005,-
8098.T,稲畑産業,卸売業,プライム（内国株式）,4225.0,0.2722746018168525,0.18800387571510782,128.0,11.070998,0.086660005,-
8101.T,ＧＳＩクレオス,卸売業,プライム（内国株式）,2775.0,0.2686858368477872,0.2193823083141903,104.0,12.770928,0.08788,-
8103.T,明和産業,卸売業,プライム（内国株式）,956.0,0.2091408371463385,0.27600725720512265,42.0,9.067299,0.07972,-
8104.T,クワザワホールディングス,卸売業,スタンダード（内国株式）,693.0,0.2660774866569194,0.21736515352948632,26.0,13.395496,0.0301,-
8105.T,Ｂｉｔｃｏｉｎ　Ｊａｐａｎ,卸売業,スタンダード（内国株式）,96.0,-0.8702702702702703,1.535496259505957,0.0,0.0,-0.20061001,-
8107.T,キムラタン,繊維製品,スタンダード（内国株式）,31.0,-0.3404255319148936,0.4691778867618949,0.0,0.0,-0.06329,-
8111.T,ゴールドウイン,繊維製品,プライム（内国株式）,2139.0,-0.08372534843685667,0.31245702073064346,57.989999999999995,12.860604,0.19478,-
8113.T,ユニ・チャーム,化学,プライム（内国株式）,1003.5,0.01636680424205727,0.2801919482690817,20.0,25.548405,0.080290005,買い
8115.T,ムーンバット,卸売業,スタンダード（内国株式）,1315.0,-0.222439909777599,0.399011665402518,61.0,9.012078,0.09810001,-
8117.T,中央自動車工業,卸売業,スタンダード（内国株式）,2143.0,0.17907362883444194,0.26504981362021995,64.0,11.858322,0.16554001,-
8118.T,キング,繊維製品,スタンダード（内国株式）,1205.0,0.4232670956497642,0.248278267346416,18.0,27.550516,0.027309999,-
8119.T,三栄コーポレーション,卸売業,スタンダード（内国株式）,775.0,-0.007870480591645988,0.12246897049761528,31.0,18.763031,0.02735,-
8123.T,川辺,卸売業,スタンダード（内国株式）,1399.0,0.06465375413599757,0.15661010056870003,50.0,5.347594,0.0496,-
8125.T,ワキタ,卸売業,プライム（内国株式）,1972.0,0.14867622205498301,0.16958320267263927,100.0,27.109901,0.03358,-
8127.T,ヤマトインターナショナル,繊維製品,スタンダード（内国株式）,579.0,0.47894979886932787,0.408005431154344,16.0,86.676216,0.0086199995,-
8129.T,東邦ホールディングス,卸売業,プライム（内国株式）,4000.0,-0.23731133999425935,0.25826832116681564,165.0,16.048195,0.09097,中立
8130.T,サンゲツ,卸売業,プライム（内国株式）,3180.0,0.08490830452175896,0.1308782502651198,155.0,14.268339,0.12467,-
8131.T,ミツウロコグループホールディングス,卸売業,スタンダード（内国株式）,2188.0,0.03247616688651694,0.3132058068173001,66.0,9.896364,0.116960004,-
8132.T,シナネンホールディングス,卸売業,プライム（内国株式）,8650.0,0.3225490993142905,0.42864013449480715,120.0,24.164688,0.055120002,-
8133.T,伊藤忠エネクス,卸売業,プライム（内国株式）,2230.0,0.18779947899311014,0.221398042019474,66.0,14.069475,0.08095,-
8135.T,ゼット,卸売業,スタンダード（内国株式）,448.0,0.07135695159115153,0.29545619897798964,18.0,3.0667832,0.066,-
8136.T,サンリオ,卸売業,プライム（内国株式）,1176.0,-0.24237661379860623,0.5483356075130869,13.8,23.596964,0.0,強気買い
8137.T,サンワテクノス,卸売業,プライム（内国株式）,3960.0,0.6111206355897607,0.35615910248205723,122.0,20.128876,0.054419998,-
8138.T,三京化成,卸売業,スタンダード（内国株式）,4360.0,0.13720569723589612,0.3478171737926901,100.0,4.7432795,0.09854,-
8139.T,ナガホリ,卸売業,スタンダード（内国株式）,2395.0,0.43037258374783127,0.4174004782951441,20.0,66.23045,0.07137,-
8141.T,新光商事,卸売業,プライム（内国株式）,1576.0,0.592541180134854,0.2888282625404498,18.5,50.14265,0.0064,-
8142.T,トーホー,卸売業,プライム（内国株式）,1437.0,0.2492252236038001,0.2476814914515766,55.0,9.536804,0.1396,-
8143.T,ラピーヌ,繊維製品,スタンダード（内国株式）,141.0,-0.4758364312267658,0.3830597564927324,0.0,0.0,-0.37467,-
8144.T,デンキョーグループホールディングス,卸売業,スタンダード（内国株式）,1241.0,0.05567372060617685,0.1426665564582285,43.0,20.542517,0.01395,-
8147.T,トミタ,卸売業,スタンダード（内国株式）,1410.0,0.24248625040700988,0.3177405286807738,24.0,9.439003,0.05421,-
8150.T,三信電気,卸売業,プライム（内国株式）,3105.0,0.2214387955256322,0.25854769795467214,190.0,7.29164,0.0,-
8151.T,東陽テクニカ,卸売業,プライム（内国株式）,2045.0,0.34152965534527335,0.3207374289450722,69.0,30.998915,0.04398,-
8152.T,ソマール,卸売業,スタンダード（内国株式）,7350.0,0.36493765616788093,0.4223979610495451,100.0,5.128205,0.09273,-
8153.T,モスフードサービス,卸売業,プライム（内国株式）,3940.0,-0.0070218716516405435,0.18393312868801664,34.0,31.860945,0.080740005,-
8154.T,加賀電子,卸売業,プライム（内国株式）,4930.0,0.5652394993287384,0.28881787326562014,140.0,8.56007,0.16999,-
8157.T,都築電気,情報・通信業,プライム（内国株式）,4120.0,0.3196182757159481,0.34130800360969643,126.0,11.81141,0.14908,-
8158.T,ソーダニッカ,卸売業,プライム（内国株式）,1336.0,0.23033506401062823,0.22440657429980534,44.0,11.545215,0.07012,-
8159.T,立花エレテック,卸売業,プライム（内国株式）,3965.0,0.3673721490067073,0.2935648425048594,100.0,9.902939,0.064380005,-
8160.T,木曽路,小売業,プライム（内国株式）,2443.0,-0.0062856119715311775,0.16136933500768633,30.0,17.978956,0.12272,-
8163.T,ＳＲＳホールディングス,小売業,プライム（内国株式）,1531.0,0.18141173119398588,0.1881243861575017,10.0,69.59686,0.06384,-
8165.T,千趣会,小売業,スタンダード（内国株式）,106.0,-0.5725806451612904,0.37272422550163953,0.0,1.5908821,0.25852,-
8166.T,タカキュー,小売業,スタンダード（内国株式）,78.0,-0.2641509433962264,0.21872239275674477,0.0,0.0,0.099580005,-
8167.T,リテールパートナーズ,小売業,プライム（内国株式）,1435.0,-0.006999352360766223,0.23504354708621064,40.0,10.122843,0.06034,-
8173.T,Ｊｏｓｈｉｎ,小売業,プライム（内国株式）,4295.0,0.7669518124686756,0.25441794870736906,100.0,24.89163,0.036760002,-
8174.T,日本瓦斯,小売業,プライム（内国株式）,2960.5,0.05729358758863597,0.2282213149567808,103.0,24.219585,0.2078,-
8179.T,ロイヤルホールディングス,小売業,プライム（内国株式）,1338.0,-0.003758957369913235,0.2140581916498303,17.5,25.939457,0.10982,-
8181.T,東天紅,小売業,スタンダード（内国株式）,990.0,0.00043761003857074524,0.22515781212466082,15.0,6.1475906,-0.01365,-
8185.T,チヨダ,小売業,プライム（内国株式）,1062.0,-0.10370403032686935,0.20430941604732805,54.0,16.405157,0.04508,-
8194.T,ライフコーポレーション,小売業,プライム（内国株式）,2657.0,0.07781456740485698,0.2447919890346095,65.5,12.0097475,0.12949,-
8198.T,マックスバリュ東海,小売業,スタンダード（内国株式）,3230.0,0.022972988959768022,0.18491150708418574,85.0,11.34136,0.123830006,-
8200.T,リンガーハット,小売業,プライム（内国株式）,2351.0,0.01296882976526678,0.17798878672205456,13.0,52.151386,0.07886,-
8202.T,ラオックスホールディングス,小売業,スタンダード（内国株式）,147.0,-0.03968640907630571,0.20395880750305023,3.0,0.0,-0.00433,-
8203.T,ＭｒＭａｘＨＤ,小売業,プライム（内国株式）,794.0,-0.08031932665460777,0.20790312072941255,27.0,9.179041,0.08031,-
8207.T,テンアライド,小売業,スタンダード（内国株式）,296.0,0.03859649122807018,0.09747900984321456,0.0,989.6552,-0.02836,-
8214.T,ＡＯＫＩホールディングス,小売業,プライム（内国株式）,1737.0,-0.0009584954345792464,0.2383264904710103,80.0,15.834384,0.06336,-
8217.T,オークワ,小売業,プライム（内国株式）,813.0,-0.1438021424692699,0.1851466578301831,26.0,127.65625,0.00379,中立
8218.T,コメリ,小売業,プライム（内国株式）,3880.0,0.21534150240640598,0.2424828339166105,56.0,11.990721,0.05702,-
8219.T,青山商事,小売業,プライム（内国株式）,762.0,-0.03771779111029889,0.21554638514336688,45.333332,13.413859,0.04654,中立
8225.T,タカチホ,卸売業,スタンダード（内国株式）,3450.0,-0.09408619297530874,0.35168301566258847,100.0,6.289308,0.15783,-
8226.T,理経,卸売業,スタンダード（内国株式）,397.0,-0.04563569064938522,0.5028634984693074,7.0,10.085837,0.11368,-
8227.T,しまむら,小売業,プライム（内国株式）,3329.0,-0.6809707619360023,0.7216805922429964,75.0,16.7951,0.08986,中立
8230.T,はせがわ,小売業,スタンダード（内国株式）,312.0,0.03672679752453927,0.10999849060509405,15.0,9.978574,0.0,-
8233.T,高島屋,小売業,プライム（内国株式）,2383.0,0.8986734743797968,0.34301904769084796,34.0,17.214397,0.08924,-
8237.T,松屋,小売業,プライム（内国株式）,2450.0,1.0838208809434173,0.5565330648604566,12.0,293.09897,0.03647,-
8242.T,エイチ・ツー・オー　リテイリング,小売業,プライム（内国株式）,2954.0,0.43404261623403906,0.27548786871671643,46.0,22.411396,0.0866,-
8244.T,近鉄百貨店,小売業,スタンダード（内国株式）,1921.0,0.025462792512849212,0.1991781199238927,20.0,12.629818,0.15807,-
8247.T,大和,小売業,スタンダード（内国株式）,318.0,-0.20300751879699247,0.32294339698782243,0.0,8.768845,0.03965,-
8252.T,丸井グループ,小売業,プライム（内国株式）,2989.5,-0.05157572527976404,0.20192217305539917,131.0,19.268276,0.0,買い
8253.T,クレディセゾン,その他金融業,プライム（内国株式）,4657.0,0.25630021477219067,0.29373999011514584,130.0,10.175065,0.078449994,買い
8254.T,さいか屋,小売業,スタンダード（内国株式）,316.0,-0.3654618473895582,0.7183788921290347,0.0,16.446579,0.08862001,-
8255.T,アクシアル　リテイリング,小売業,プライム（内国株式）,1257.0,0.07704387533735596,0.2214959328603142,29.0,12.058562,0.10677,-
8260.T,井筒屋,小売業,スタンダード（内国株式）,377.0,-0.07426995793517728,0.26325631691722806,6.0,5.604015,0.070939995,-
8267.T,イオン,小売業,プライム（内国株式）,1385.5,-0.2521723374654871,0.3969964294536294,13.666667,66.032814,0.03787,中立
8273.T,イズミ,小売業,プライム（内国株式）,1037.0,-0.06206306281737791,0.20500966822174216,30.0,19.305857,0.03704,-
8275.T,フォーバル,卸売業,スタンダード（内国株式）,995.0,-0.30742092584563097,0.19649257806921117,31.0,14.961261,0.07616,-
8276.T,平和堂,小売業,プライム（内国株式）,2752.0,-0.0680742320134859,0.2115430110993288,66.0,14.971633,0.04883,買い
8278.T,フジ,小売業,プライム（内国株式）,2094.0,0.027534234422947456,0.18480583105248338,30.0,24.091536,0.03674,-
8281.T,ゼビオホールディングス,小売業,プライム（内国株式）,1212.0,0.09190846303225939,0.20225196408147975,35.0,8.974584,-0.01811,-
8282.T,ケーズホールディングス,小売業,プライム（内国株式）,1968.5,0.3551822597828088,0.23304077403361634,46.0,25.971659,0.043369997,中立
8283.T,ＰＡＬＴＡＣ,卸売業,プライム（内国株式）,6630.0,0.481522377542796,0.3078295266542417,120.0,13.502852,0.0,-
8285.T,三谷産業,卸売業,スタンダード（内国株式）,786.0,0.9650247367158171,0.34683948624705274,13.0,15.984446,0.06532,-
8291.T,日産東京販売ホールディングス,小売業,スタンダード（内国株式）,559.0,0.1443606664505057,0.17844607613183294,27.0,9.319316,0.04863,-
8303.T,ＳＢＩ新生銀行,銀行業,プライム（内国株式）,1567.0,-0.999999970965112,1.2728679960247598,42.0,12.445304,0.0,-
8304.T,あおぞら銀行,銀行業,プライム（内国株式）,3285.0,0.4466554822206444,0.2884582899939097,94.0,17.002266,0.0557,-
8306.T,三菱ＵＦＪフィナンシャル・グループ,銀行業,プライム（内国株式）,3508.0,0.609310384413999,0.31357828260388776,86.0,16.921204,0.06113,買い
8308.T,りそなホールディングス,銀行業,プライム（内国株式）,2378.0,0.6162088677464194,0.39717265141303765,29.0,17.86086,0.09394,買い
8309.T,三井住友トラストグループ,銀行業,プライム（内国株式）,1715.5,0.6858739348406104,0.27295847641485366,46.25,12.557337,0.09287,買い
8316.T,三井住友フィナンシャルグループ,銀行業,プライム（内国株式）,6606.0,0.6734279941444625,0.335957500833364,157.0,14.906999,0.04933,買い
8331.T,千葉銀行,銀行業,プライム（内国株式）,2753.5,0.8984310720715747,0.35008884839128995,52.0,17.791142,0.07361,-
8334.T,群馬銀行,銀行業,プライム（内国株式）,2701.0,0.8511800182988005,0.3703364597110185,62.0,18.075117,0.09689999,買い
8336.T,武蔵野銀行,銀行業,プライム（内国株式）,2691.0,1.1863543474088911,0.318241414963737,56.666668,16.839901,0.057189997,-
8337.T,千葉興業銀行,銀行業,プライム（内国株式）,2698.0,0.7710143132180217,0.4149738967705248,10.0,22.69628,0.051119998,-
8338.T,筑波銀行,銀行業,プライム（内国株式）,712.0,1.392980044188067,0.5543567168663777,5.0,23.48714,0.07278,-
8341.T,七十七銀行,銀行業,プライム（内国株式）,3736.0,1.0665504152471446,0.358090332131367,86.666668,17.123077,0.07525,強気買い
8343.T,秋田銀行,銀行業,プライム（内国株式）,8430.0,1.5560709505473238,0.3589246163207915,175.0,12.692824,0.049650002,-
8344.T,山形銀行,銀行業,プライム（内国株式）,4365.0,1.8624953429919453,0.4018330996634028,84.0,16.96524,0.03497,-
8345.T,岩手銀行,銀行業,プライム（内国株式）,2325.0,1.6565565468112367,0.4106714837613561,52.0,15.057915,0.043390002,-
8346.T,東邦銀行,銀行業,プライム（内国株式）,950.0,1.4604370781961926,0.38631569024890305,17.0,19.432314,0.052059997,-
8349.T,東北銀行,銀行業,スタンダード（内国株式）,1608.0,0.20829926429216533,0.2514779732819363,50.0,16.201418,0.042969998,-
8354.T,ふくおかフィナンシャルグループ,銀行業,プライム（内国株式）,7564.0,0.7587967529113793,0.3519402245562087,180.0,16.277403,0.0,中立
8358.T,スルガ銀行,銀行業,プライム（内国株式）,2862.0,0.9951576025741703,0.32455873636844207,60.0,16.68727,0.08465999,-
8359.T,八十二長野銀行,銀行業,プライム（内国株式）,2581.0,0.8848414494188728,0.37005115673832967,60.0,17.031214,0.061079998,-
8360.T,山梨中央銀行,銀行業,プライム（内国株式）,7130.0,1.417494145098256,0.4331852903054763,131.0,20.309246,0.045289997,-
8361.T,大垣共立銀行,銀行業,プライム（内国株式）,7920.0,1.6228566605186996,0.41450083767438817,150.0,15.851105,0.055170003,-
8362.T,福井銀行,銀行業,プライム（内国株式）,6860.0,2.6036539332531894,0.42581853301041633,108.0,21.349577,0.0477,-
8364.T,清水銀行,銀行業,プライム（内国株式）,3090.0,0.7632429658960833,0.36666117616295546,60.0,13.553114,0.03196,-
8365.T,富山銀行,銀行業,スタンダード（内国株式）,2324.0,0.4576901965165122,0.32358570774225603,55.0,12.224938,0.036849998,-
8366.T,滋賀銀行,銀行業,プライム（内国株式）,2666.0,1.0677988247183696,0.4016207970126695,28.0,23.152174,0.04072,中立
8367.T,南都銀行,銀行業,プライム（内国株式）,1872.0,0.9842986600693417,0.35633390369132856,43.0,16.609146,0.05366,-
8368.T,百五銀行,銀行業,プライム（内国株式）,2256.0,1.831910392172156,0.4185628372630555,34.0,23.60753,0.04005,-
8370.T,紀陽銀行,銀行業,プライム（内国株式）,4885.0,0.7537191119917851,0.31842862732578125,137.0,14.370933,0.089379996,-
8377.T,ほくほくフィナンシャルグループ,銀行業,プライム（内国株式）,8041.0,1.3720462705484777,0.41082741276133133,110.0,15.681471,0.077259995,買い
8381.T,山陰合同銀行,銀行業,プライム（内国株式）,2517.0,0.9555805602283881,0.31816855450214937,60.0,14.172491,0.06965,-
8383.T,鳥取銀行,銀行業,スタンダード（内国株式）,1909.0,0.4732247289915713,0.2748447259320675,50.0,11.424912,0.03541,-
8386.T,百十四銀行,銀行業,プライム（内国株式）,2980.0,1.4799773012249557,0.40652603975699647,58.5,16.680899,0.049289998,-
8387.T,四国銀行,銀行業,プライム（内国株式）,3370.0,1.5031923431277192,0.36207662119821277,60.0,16.007906,0.09653,-
8388.T,阿波銀行,銀行業,プライム（内国株式）,9000.0,1.7208249390058123,0.33942025793843855,142.5,18.332594,0.04198,-
8392.T,大分銀行,銀行業,プライム（内国株式）,2763.0,1.9124401406880807,0.41475378212727687,34.0,19.772326,0.036530003,-
8393.T,宮崎銀行,銀行業,プライム（内国株式）,2440.0,1.8833288868415072,0.4267021986427279,40.0,14.771403,0.059439998,-
8395.T,佐賀銀行,銀行業,プライム（内国株式）,6460.0,1.33893117679172,0.36784716097825193,110.0,11.0828,0.06987,-
8399.T,琉球銀行,銀行業,プライム（内国株式）,3155.0,1.5129388969820632,0.36707760375859594,88.0,13.161058,0.06126,-
8410.T,セブン銀行,銀行業,プライム（内国株式）,332.5,0.204358717030595,0.19939773284559106,11.0,17.45186,0.04306,中立
8411.T,みずほフィナンシャルグループ,銀行業,プライム（内国株式）,8110.0,0.7435331117694112,0.3978424054503305,145.0,15.956111,0.09653,-
8416.T,高知銀行,銀行業,スタンダード（内国株式）,1158.0,0.26023193105502823,0.4882884973129065,25.0,991.8182,0.0017299999,-
8418.T,山口フィナンシャルグループ,銀行業,プライム（内国株式）,3106.0,0.8126297885242261,0.35150104131870596,64.0,14.08022,0.05954,買い
8424.T,芙蓉総合リース,その他金融業,プライム（内国株式）,4386.0,0.047041233305237476,0.18601648898171513,158.0,14.709415,0.06008,-
8425.T,みずほリース,その他金融業,プライム（内国株式）,1375.0,0.12465386241321724,0.2006223824599299,51.0,8.883657,0.118240006,-
8439.T,東京センチュリー,その他金融業,プライム（内国株式）,2557.0,0.4384245586637002,0.2578961909131553,80.0,7.6041555,0.12068,買い
8473.T,ＳＢＩホールディングス,証券、商品先物取引業,プライム（内国株式）,3216.0,0.012975310298634921,0.41292804511228104,95.0,7.166887,0.0,買い
8508.T,Ｊトラスト,その他金融業,スタンダード（内国株式）,868.0,1.0880264200536582,0.38032700991910584,17.0,8.535067,-0.061880004,-
8511.T,日本証券金融,その他金融業,プライム（内国株式）,2479.0,0.41851733830741866,0.2308429696278499,86.0,20.368076,0.070650004,-
8518.T,日本アジア投資,証券、商品先物取引業,スタンダード（内国株式）,139.0,-0.42083333333333334,0.3979021467894844,0.0,11.655531,-0.08343001,-
8522.T,名古屋銀行,銀行業,プライム（内国株式）,6980.0,1.3110802285335885,0.436720344095643,170.0,17.878069,0.06537,-
8524.T,北洋銀行,銀行業,プライム（内国株式）,1261.0,0.9385295746409302,0.3909836281738588,29.5,16.224506,0.069510005,-
8537.T,大光銀行,銀行業,スタンダード（内国株式）,2978.0,0.7624775940558387,0.3756313066296951,89.0,11.334303,0.03246,-
8541.T,愛媛銀行,銀行業,プライム（内国株式）,3260.0,1.8230219152188145,0.37534711681303257,46.0,10.987897,0.04987,-
8542.T,トマト銀行,銀行業,スタンダード（内国株式）,1934.0,0.4211827282196572,0.2843642675693021,50.0,17.822216,0.03641,-
8544.T,京葉銀行,銀行業,プライム（内国株式）,2687.0,1.2943403904168866,0.38182441973251435,42.0,20.561079,0.04126,-
8550.T,栃木銀行,銀行業,プライム（内国株式）,1041.0,1.2942017605599465,0.4712113646423627,26.0,0.0,-0.12127,-
8551.T,北日本銀行,銀行業,プライム（内国株式）,7490.0,1.1564027097017893,0.37049961386639774,184.0,10.722225,0.03849,-
8558.T,東和銀行,銀行業,プライム（内国株式）,1456.0,0.7067256430635874,0.43785002375108734,35.0,6.6530375,0.06667,-
8562.T,福島銀行,銀行業,スタンダード（内国株式）,364.0,0.5248502850284645,0.3789323108390921,5.0,0.0,0.0077,-
8563.T,大東銀行,銀行業,スタンダード（内国株式）,1107.0,0.46001821854330865,0.2716577780083865,40.0,9.3326,0.043720003,-
8566.T,リコーリース,その他金融業,プライム（内国株式）,6760.0,0.22292212250721435,0.183631668199942,185.0,13.770492,0.056739997,-
8570.T,イオンフィナンシャルサービス,その他金融業,プライム（内国株式）,1714.5,0.1933870991998846,0.2638555887343002,53.0,15.888616,0.05955,中立
8572.T,アコム,その他金融業,スタンダード（内国株式）,488.79998779296875,0.07776023939643804,0.2285821424347519,22.0,13.888236,0.080240004,中立
8584.T,ジャックス,その他金融業,プライム（内国株式）,3785.0,-0.07181588243425854,0.21346867674655726,200.0,8.474576,0.058369998,中立
8585.T,オリエントコーポレーション,その他金融業,プライム（内国株式）,874.0,-0.098797706001048,0.2636816761050118,40.0,10.193669,0.049250003,中立
8591.T,オリックス,その他金融業,プライム（内国株式）,6115.0,0.6931806374858521,0.3103094811824739,156.10000000000002,11.748614,0.106850006,買い
8593.T,三菱ＨＣキャピタル,その他金融業,プライム（内国株式）,1395.0,0.18545246474453597,0.21268813509160783,46.0,15.716413,0.098050006,買い
8595.T,ジャフコ　グループ,証券、商品先物取引業,プライム（内国株式）,2299.0,-0.0626931383636618,0.15812815277850414,133.0,18.868002,0.04634,-
8596.T,九州リースサービス,その他金融業,スタンダード（内国株式）,1626.0,0.2271704896652913,0.19626718040461547,58.0,8.884169,0.083179995,-
8600.T,トモニホールディングス,銀行業,プライム（内国株式）,1083.0,0.7461759808533336,0.3311665969491456,26.0,14.250764,0.046479996,-
8601.T,大和証券グループ本社,証券、商品先物取引業,プライム（内国株式）,1779.0,0.6359665572210689,0.2962581760412,64.0,14.133822,0.08713,中立
8604.T,野村ホールディングス,証券、商品先物取引業,プライム（内国株式）,1535.0,0.5177941029941886,0.3510933612246995,51.0,11.101695,0.09928001,買い
8609.T,岡三証券グループ,証券、商品先物取引業,プライム（内国株式）,1157.0,0.8259602014921671,0.3179708612278576,50.0,16.288696,0.06526,-
8613.T,丸三証券,証券、商品先物取引業,プライム（内国株式）,1265.0,0.4304711271112479,0.19561573840721147,70.0,15.7313175,0.09097999,-
8614.T,東洋証券,証券、商品先物取引業,プライム（内国株式）,716.0,0.4399810669388785,0.2680093602175463,50.0,18.07104,0.12696,-
8616.T,東海東京フィナンシャル・ホールディングス,証券、商品先物取引業,プライム（内国株式）,853.0,0.5756201271855722,0.24643330350332837,50.0,15.274414,0.07359,-
8617.T,光世証券,証券、商品先物取引業,スタンダード（内国株式）,591.0,0.21480438970593171,0.2992981685276972,10.0,0.0,-0.00491,-
8622.T,水戸証券,証券、商品先物取引業,プライム（内国株式）,920.0,0.7767549416810149,0.3126310268127505,43.0,19.76586,0.07527,-
8624.T,いちよし証券,証券、商品先物取引業,プライム（内国株式）,1705.0,1.251802487817292,0.3949306713608325,89.0,27.650911,0.09239,-
8628.T,松井証券,証券、商品先物取引業,プライム（内国株式）,1109.0,0.5256654309266505,0.20532402735878996,50.0,22.73908,0.0,-
8630.T,ＳＯＭＰＯホールディングス,保険業,プライム（内国株式）,6757.0,0.4866667877056351,0.3226623911881486,150.0,13.230316,0.17385,買い
8697.T,日本取引所グループ,その他金融業,プライム（内国株式）,2238.0,0.3969759624561247,0.35684270284836794,61.0,31.813717,0.21275,中立
8698.T,マネックスグループ,証券、商品先物取引業,プライム（内国株式）,729.0,-0.02512694883831631,0.3180945523235945,30.700000000000003,13.446858,0.06949,中立
8699.T,ＨＳホールディングス,証券、商品先物取引業,スタンダード（内国株式）,1130.0,0.04993502102487802,0.23099417782004647,10.0,2.6278317,0.15496999,-
8700.T,丸八証券,証券、商品先物取引業,スタンダード（内国株式）,1950.0,0.25623886594370127,0.1532356587239776,100.0,13.667426,0.08019,-
8704.T,トレイダーズホールディングス,証券、商品先物取引業,スタンダード（内国株式）,1383.0,0.5841095974686765,0.3490848537011347,40.0,8.545278,0.19684,-
8705.T,日産証券グループ,証券、商品先物取引業,スタンダード（内国株式）,217.0,0.28187347543690094,0.3546397378617231,15.0,38.316402,-0.01535,-
8706.T,極東証券,証券、商品先物取引業,プライム（内国株式）,1900.0,0.2932307287866307,0.24674242852504663,110.0,13.513514,0.07942,-
8707.T,岩井コスモホールディングス,証券、商品先物取引業,プライム（内国株式）,4600.0,0.8967458571350194,0.28732975144001566,225.0,10.693109,0.13328,-
8708.T,アイザワ証券グループ,証券、商品先物取引業,プライム（内国株式）,1757.0,0.37530948023564215,0.2720354918878375,117.0,19.341562,0.04903,-
8713.T,フィデアホールディングス,銀行業,プライム（内国株式）,2742.0,0.7987810791230311,0.31187900830794757,75.0,8.844027,0.0367,-
8714.T,池田泉州ホールディングス,銀行業,プライム（内国株式）,1055.0,0.6894948069287866,0.36116707910532503,25.0,21.222198,0.0,-
8715.T,アニコム　ホールディングス,保険業,プライム（内国株式）,1135.0,0.30852656361333197,0.34785012532609455,9.0,48.446835,0.07427,強気買い
8725.T,ＭＳ＆ＡＤインシュアランスグループホールディングス,保険業,プライム（内国株式）,4945.0,0.4485215293108861,0.26461435347284795,160.0,8.4941845,0.16309999,買い
8729.T,ソニーフィナンシャルグループ,保険業,プライム（内国株式）,160.0,-0.055374977241907465,0.3493232731031523,3.8,0.82198,0.0,中立
8737.T,あかつき本社,証券、商品先物取引業,スタンダード（内国株式）,641.0,0.21700393776840324,0.23019649655579993,30.0,6.955916,0.19758,-
8739.T,スパークス・グループ,証券、商品先物取引業,プライム（内国株式）,2538.0,0.7072078766761659,0.3063999045243654,90.0,13.57414,0.18311001,-
8742.T,小林洋行,証券、商品先物取引業,スタンダード（内国株式）,558.0,0.9084083112445783,0.34301353837878323,6.0,34.605263,0.018960001,-
8746.T,ｕｎｂａｎｋｅｄ,証券、商品先物取引業,スタンダード（内国株式）,97.0,-0.7882096069868996,0.9453392863523006,0.0,0.0,-0.01006,-
8747.T,豊トラスティ証券,証券、商品先物取引業,スタンダード（内国株式）,2257.0,0.5514845565588211,0.3940612698094918,210.0,7.160362,0.075840004,-
8750.T,第一ライフグループ,保険業,プライム（内国株式）,1788.5,0.5047822365882464,0.29992818578803015,54.5,13.464148,0.11201999,買い
8766.T,東京海上ホールディングス,保険業,プライム（内国株式）,7347.0,0.1807380318945452,0.36589345672139634,218.0,12.896007,0.20663999,買い
8769.T,アドバンテッジリスクマネジメント,サービス業,スタンダード（内国株式）,501.0,-0.1344095342101034,0.32077063774618814,17.0,7.2342367,0.26402,-
8771.T,イー・ギャランティ,その他金融業,プライム（内国株式）,1838.0,0.2682523426021598,0.2523739468196236,40.0,23.294998,0.15803,-
8772.T,アサックス,その他金融業,スタンダード（内国株式）,872.0,0.14096484310268753,0.24536343353144205,22.0,7.2140155,0.0738,-
8783.T,ａｂｃ,その他金融業,スタンダード（内国株式）,66.0,-0.7864077669902912,0.9336655876227589,0.0,0.0,0.0,-
8789.T,フィンテック　グローバル,その他金融業,スタンダード（内国株式）,173.0,0.6282031425304317,0.3972366860344277,3.0,11.623616,0.20818001,-
8793.T,ＮＥＣキャピタルソリューション,その他金融業,プライム（内国株式）,4210.0,0.11838295414445438,0.17725413734297057,150.0,11.737351,0.04397,-
8795.T,Ｔ＆Ｄホールディングス,保険業,プライム（内国株式）,4795.0,0.2704422897732032,0.3220512785258613,130.0,16.135204,0.07617,買い
8798.T,アドバンスクリエイト,保険業,プライム（内国株式）,140.0,-0.6286472148541115,0.8024174757877091,0.0,0.0,0.0,-
8801.T,三井不動産,不動産業,プライム（内国株式）,1498.0,-0.057674621113371696,0.3183709776913311,35.0,15.299138,0.0,買い
8802.T,三菱地所,不動産業,プライム（内国株式）,3687.0,0.16532622601937433,0.3527470701246351,46.0,28.756231,0.09404001,強気買い
8803.T,平和不動産,不動産業,プライム（内国株式）,2390.0,0.06515440182011462,0.16978629678406273,98.0,15.746721,0.09044,中立
8804.T,東京建物,不動産業,プライム（内国株式）,3411.0,0.23821039903264812,0.3124298803190004,118.0,13.266459,0.10379,-
8818.T,京阪神ビルディング,不動産業,プライム（内国株式）,1119.0,0.44326604540278214,0.297928894262866,20.0,19.723047,0.05906,-
8830.T,住友不動産,不動産業,プライム（内国株式）,3339.0,0.07432120187849484,0.362564428661438,44.0,22.73577,0.09603,買い
8835.T,太平洋興発,卸売業,スタンダード（内国株式）,795.0,0.056265677909714214,0.40050841042912877,40.0,13.563483,0.02493,-
8836.T,ＲＩＳＥ,不動産業,スタンダード（内国株式）,28.0,-0.3,0.48647147068553287,0.0,9.45122,0.01605,-
8841.T,テーオーシー,不動産業,スタンダード（内国株式）,1084.0,0.390513841481045,0.32104325111308757,10.0,53.19785,0.01765,-
8844.T,コスモスイニシア,不動産業,スタンダード（内国株式）,1262.0,-0.11790502032777508,0.3278203983860781,48.0,8.556227,0.102110006,-
8848.T,レオパレス２１,不動産業,プライム（内国株式）,641.0,-0.09167763422199,0.2598530271910859,10.0,23.94015,0.21846001,-
8850.T,スターツコーポレーション,不動産業,プライム（内国株式）,4765.0,-0.02003793231811612,0.20843716370384047,140.0,10.712857,0.13301,-
8860.T,フジ住宅,不動産業,プライム（内国株式）,771.0,0.030590818764849037,0.210470801889696,32.0,5.832187,0.09658,-
8864.T,空港施設,不動産業,スタンダード（内国株式）,964.0,-0.05971465747657231,0.24281827882718537,42.0,27.979277,0.04753,-
8869.T,明和地所,不動産業,スタンダード（内国株式）,844.0,-0.1862911847489854,0.21478849421746624,45.0,3.716125,0.15001,-
8871.T,ゴールドクレスト,不動産業,スタンダード（内国株式）,3360.0,-0.022344368557623784,0.2137541640875794,100.0,18.984594,0.03848,-
8876.T,リログループ,サービス業,プライム（内国株式）,2162.0,0.2233561218422664,0.23874349148456475,69.0,15.205087,0.28939,買い
8877.T,エスリード,不動産業,プライム（内国株式）,5390.0,0.06085588514134613,0.2809653601969911,240.0,10.846024,0.12656,-
8881.T,日神グループホールディングス,不動産業,プライム（内国株式）,683.0,0.25927477214038763,0.25383525625568587,35.0,8.459819,0.0629,-
8887.T,シーラホールディングス,不動産業,スタンダード（内国株式）,383.0,-0.11997579435297401,0.2874595685664482,13.0,4.897148,0.10428,-
8891.T,ＡＭＧホールディングス,不動産業,スタンダード（内国株式）,2122.0,-0.021991847336555435,0.3288803787886448,70.0,7.052724,0.12255,-
8892.T,エスコン,不動産業,プライム（内国株式）,1140.0,0.17145849397347795,0.19567993984598236,48.0,9.307896,0.0,-
8894.T,ＲＥＶＯＬＵＴＩＯＮ,不動産業,スタンダード（内国株式）,23.0,-0.6714285714285714,0.6736398232759653,0.0,0.0,-1.78052,-
8897.T,ＭＩＲＡＲＴＨホールディングス,不動産業,プライム（内国株式）,457.0,0.20991907385737604,0.21096418387196386,21.0,10.93591,0.11354,-
8898.T,センチュリー２１・ジャパン,不動産業,スタンダード（内国株式）,1135.0,0.07122053369315962,0.07243383932817196,53.0,15.1292,0.11687,-
8904.T,ＡＶＡＮＴＩＡ,不動産業,スタンダード（内国株式）,871.0,0.026834922045472127,0.1135138879659805,38.0,18.990765,0.04104,-
8908.T,毎日コムネット,不動産業,スタンダード（内国株式）,869.0,0.15035021874734383,0.1709857174702348,38.0,9.196775,0.14179,-
8912.T,エリアクエスト,不動産業,スタンダード（内国株式）,154.0,-0.009052269282501987,0.6878736366771625,4.0,15.438597,0.13098,-
8914.T,エリアリンク,不動産業,スタンダード（内国株式）,932.0,-0.26875748966388074,0.32609009994602717,26.5,15.420497,0.0,-
8917.T,ファースト住建,不動産業,スタンダード（内国株式）,1143.0,0.06976656506492834,0.17766413053789698,43.0,11.844414,0.085710004,-
8918.T,ランド,不動産業,スタンダード（内国株式）,10.0,0.25,1.0478791182268423,0.0,34.48276,0.00253,-
8919.T,カチタス,不動産業,プライム（内国株式）,3805.0,0.4855822000233533,0.35687450380322405,80.0,23.763855,0.25312,-
8920.T,東祥,サービス業,スタンダード（内国株式）,722.0,0.06855162846148502,0.37662261436145217,10.0,21.88026,0.07016,-
8923.T,トーセイ,不動産業,プライム（内国株式）,1829.0,0.18606192198138435,0.2789958860299922,50.0,10.126141,0.16476,買い
8927.T,明豊エンタープライズ,不動産業,スタンダード（内国株式）,478.0,0.03646872691609291,0.2858876814121027,15.0,6.3564277,0.24218,-
8928.T,穴吹興産,不動産業,スタンダード（内国株式）,2338.0,0.17755430240641565,0.19143968991071444,78.0,5.3064055,0.1166,-
8929.T,青山財産ネットワークス,不動産業,スタンダード（内国株式）,1338.0,-0.3525216217062378,0.25814892779320353,56.0,11.572052,0.25699,-
8931.T,和田興産,不動産業,スタンダード（内国株式）,1414.0,-0.08524396336202233,0.21496152428611467,72.0,5.244842,0.100810006,-
8934.T,サンフロンティア不動産,不動産業,プライム（内国株式）,2522.0,0.13176828166679067,0.22593256388700353,76.0,8.180109,0.16320999,-
8935.T,ＦＪネクストホールディングス,不動産業,プライム（内国株式）,2038.0,0.4502560987855765,0.33624214787070233,66.0,7.2453465,0.10465,-
8938.T,グローム・ホールディングス,不動産業,グロース（内国株式）,338.0,-0.4847560975609756,0.5750171219334202,0.0,0.0,-0.049640004,-
8944.T,ランドビジネス,不動産業,スタンダード（内国株式）,244.0,0.20896809236758934,0.4238631045826504,6.0,0.0,-0.01603,-
8945.T,サンネクスタグループ,不動産業,スタンダード（内国株式）,1090.0,0.11218539694923996,0.1784503516060576,43.0,34.32752,0.04246,-
8946.T,ＡＳＩＡＮ　ＳＴＡＲ,不動産業,スタンダード（内国株式）,76.0,-0.3333333333333333,0.5363798710965162,0.0,18.067226,0.052199997,-
8995.T,誠建設工業,不動産業,スタンダード（内国株式）,1543.0,1.2994780254214517,1.2702124826655272,25.0,344.75308,-0.00301,-
8996.T,ハウスフリーダム,不動産業,スタンダード（内国株式）,1100.0,0.3718212162795378,0.19706897870137474,55.0,6.184547,0.18207,-
8999.T,グランディハウス,不動産業,プライム（内国株式）,579.0,0.06645453749316065,0.15672178167348816,32.0,22.424004,0.031040002,-
9001.T,東武鉄道,陸運業,プライム（内国株式）,3014.0,0.14992745273063598,0.18353587090936613,70.0,11.822484,0.0,-
9003.T,相鉄ホールディングス,陸運業,プライム（内国株式）,2635.0,0.05919959425821994,0.21009177034284213,70.0,14.989076,0.10549,-
9005.T,東急,陸運業,プライム（内国株式）,1676.5,-0.11022004255092807,0.19051537483821235,30.0,12.624618,0.0,-
9006.T,京浜急行電鉄,陸運業,プライム（内国株式）,1565.0,0.011718209622531967,0.19640282211965376,46.0,17.01422,0.06532,-
9007.T,小田急電鉄,陸運業,プライム（内国株式）,1775.0,0.04334022134385877,0.22323743670090232,55.0,14.265803,0.08952,買い
9008.T,京王電鉄,陸運業,プライム（内国株式）,785.4000244140625,0.08006737582282993,0.20456076607324844,22.0,12.186369,0.08625,買い
9009.T,京成電鉄,陸運業,プライム（内国株式）,1354.5,0.0037176960759260657,0.2564105099380978,21.0,8.252002,0.09781,-
9010.T,富士急行,陸運業,プライム（内国株式）,2739.0,0.3319796992885585,0.326990850862182,32.0,25.060266,0.0,-
9012.T,秩父鉄道,陸運業,スタンダード（内国株式）,2102.0,0.03089749877390878,0.14835519524132423,0.0,9.751434,0.04417,-
9017.T,新潟交通,陸運業,スタンダード（内国株式）,1988.0,-0.04542280306281629,0.08194737545822434,10.0,6.816332,0.05673,-
9020.T,東日本旅客鉄道,陸運業,プライム（内国株式）,3539.0,0.0030308729442728184,0.26320644300815277,74.0,17.519993,0.07711,中立
9021.T,西日本旅客鉄道,陸運業,プライム（内国株式）,2959.5,-0.11508943266529359,0.21900793948743444,97.5,11.194665,0.09794,-
9022.T,東海旅客鉄道,陸運業,プライム（内国株式）,3936.0,0.008864722310039251,0.2837569252836181,32.0,7.96573,0.114300005,買い
9023.T,東京地下鉄,陸運業,プライム（内国株式）,1480.0,-0.13119387033977725,0.1766983681781813,42.0,16.185898,0.08906,-
9024.T,西武ホールディングス,陸運業,プライム（内国株式）,3409.0,-0.3384389862099615,0.36482654290135913,42.0,5.922191,0.42199,中立
9025.T,鴻池運輸,陸運業,プライム（内国株式）,2942.0,-0.10636579934604637,0.22594991514593088,110.0,13.02161,0.088240005,-
9028.T,ゼロ,陸運業,スタンダード（内国株式）,3570.0,0.16052062286936858,0.2888308220306102,140.3,9.153347,0.15629,-
9029.T,ヒガシホールディングス,陸運業,スタンダード（内国株式）,1919.0,0.17183903564868314,0.3473535221544236,60.0,10.875422,0.17948,-
9031.T,西日本鉄道,陸運業,プライム（内国株式）,3143.0,0.4541897397370091,0.24904101089895914,70.0,8.821917,0.12707,-
9033.T,広島電鉄,陸運業,スタンダード（内国株式）,626.0,0.0030642386953142146,0.11841026376765595,8.0,11.284816,0.04487,-
9034.T,南総通運,陸運業,スタンダード（内国株式）,1617.0,0.21097596160702564,0.1891476604092021,70.0,11.750943,0.058179997,-
9036.T,東部ネットワーク,陸運業,スタンダード（内国株式）,1249.0,0.4097723916137912,0.28044589999692904,20.0,17.269814,0.013250001,-
9037.T,ハマキョウレックス,陸運業,プライム（内国株式）,1859.0,0.23878662598692,0.20930554502986953,41.75,14.879325,0.10326,-
9039.T,サカイ引越センター,陸運業,プライム（内国株式）,3030.0,0.06375175354456637,0.1633044505489489,98.0,13.869169,0.08957,-
9041.T,近鉄グループホールディングス,陸運業,プライム（内国株式）,3549.0,0.22472806388767286,0.2014290151096223,60.0,13.116101,0.08518,-
9042.T,阪急阪神ホールディングス,陸運業,プライム（内国株式）,4720.0,0.0781744995607134,0.2475104886560861,100.0,16.265999,0.06611,-
9044.T,ＮＡＮＫＡＩ,陸運業,プライム（内国株式）,3043.0,0.1917499699053714,0.2119675267250958,50.0,15.192541,0.07684,買い
9045.T,京阪ホールディングス,陸運業,プライム（内国株式）,3212.0,0.0031353622364714735,0.20269586471038764,100.0,12.00831,0.09205,-
9046.T,神戸電鉄,陸運業,スタンダード（内国株式）,2475.0,-0.0006393873238062059,0.1697556630923887,25.0,15.67993,0.05291,-
9048.T,名古屋鉄道,陸運業,プライム（内国株式）,1905.0,0.16155216600135286,0.16858267398433635,40.0,10.737715,0.0,-
9049.T,京福電気鉄道,陸運業,スタンダード（内国株式）,6640.0,-0.03522313309987792,0.2035578282547741,20.0,7.993579,0.1437,-
9051.T,センコン物流,陸運業,スタンダード（内国株式）,1352.0,0.04970426437997689,0.3173790704272097,15.0,17.15228,0.04241,-
9052.T,山陽電気鉄道,陸運業,プライム（内国株式）,2031.0,-0.010164435256666686,0.1285576847956512,50.0,10.741253,0.0692,-
9057.T,遠州トラック,陸運業,スタンダード（内国株式）,3205.0,0.05085592652602561,0.22159214782355258,96.0,10.936289,0.095410004,-
9059.T,カンダホールディングス,陸運業,スタンダード（内国株式）,910.0,0.1338087549445348,0.179647489721695,23.0,8.140925,0.09033,-
9060.T,日本ロジテム,陸運業,スタンダード（内国株式）,4190.0,-0.11936315894313153,0.26486741734278796,80.0,7.3964252,0.04765,-
9063.T,岡山県貨物運送,陸運業,スタンダード（内国株式）,4220.0,0.20464224150968327,0.25415728777767854,80.0,7.49057,0.097950004,-
9064.T,ヤマトホールディングス,陸運業,プライム（内国株式）,1931.5,-0.19832950184893147,0.23426571687839043,46.0,17.259455,0.057930004,中立
9065.T,山九,陸運業,プライム（内国株式）,8337.0,0.026600672448375877,0.23148360776121926,246.0,15.418831,0.1117,買い
9068.T,丸全昭和運輸,陸運業,プライム（内国株式）,7340.0,0.02676148480538735,0.26517986558937845,210.0,16.872108,0.073709995,-
9069.T,センコーグループホールディングス,陸運業,プライム（内国株式）,2297.0,0.15660548616430048,0.2615431448257715,50.0,19.490576,0.08021,中立
9072.T,ニッコンホールディングス,陸運業,プライム（内国株式）,5448.0,0.6425279065869725,0.4024599920336516,75.0,38.762375,0.06682,中立
9073.T,京極運輸商事,陸運業,スタンダード（内国株式）,1221.0,-0.05567099268747808,0.2220086223925053,12.0,18.553217,0.04328,-
9074.T,日本石油輸送,陸運業,スタンダード（内国株式）,4990.0,0.5615382699513074,0.3481390107973568,140.0,11.686793,0.0543,-
9075.T,福山通運,陸運業,プライム（内国株式）,6480.0,0.8749488738543681,0.3408775847586443,76.0,35.225048,0.04626,中立
9076.T,セイノーホールディングス,陸運業,プライム（内国株式）,2798.0,0.2521592592155562,0.16171744278315048,104.0,18.20717,0.05736,買い
9081.T,神奈川中央交通,陸運業,プライム（内国株式）,3950.0,0.09259129075244567,0.17383401750152108,90.0,14.122643,0.0533,-
9082.T,大和自動車交通,陸運業,スタンダード（内国株式）,1872.0,0.9710603388060717,0.8570161623562813,9.0,19.736263,0.02625,-
9083.T,神姫バス,陸運業,スタンダード（内国株式）,1966.0,0.06808414067870729,0.14614166415553104,50.0,8.066828,0.0617,-
9087.T,タカセ,陸運業,スタンダード（内国株式）,2060.0,0.6818693000091292,0.35106206097924003,35.0,19.82938,0.025969999,-
9090.T,ＡＺ－ＣＯＭ丸和ホールディングス,陸運業,プライム（内国株式）,891.0,-0.26613137717398516,0.2678049537420989,32.0,15.004985,0.13272999,-
9101.T,日本郵船,海運業,プライム（内国株式）,7101.0,0.413919931025109,0.26481736691339636,230.0,8.518953,0.079840004,中立
9104.T,商船三井,海運業,プライム（内国株式）,7278.0,0.551825291721846,0.30205344177953936,200.0,7.7088537,0.08866,買い
9107.T,川崎汽船,海運業,プライム（内国株式）,3405.0,0.5904564947049898,0.30123513812370584,120.0,8.859684,0.07177,中立
9110.T,ＮＳユナイテッド海運,海運業,プライム（内国株式）,10440.0,1.3304843981806607,0.39510036173566665,310.0,8.635539,0.13108,-
9115.T,明海グループ,海運業,スタンダード（内国株式）,1129.0,0.6810780908442926,0.6602111876643157,5.0,8.73027,0.13999,-
9119.T,飯野海運,海運業,プライム（内国株式）,1706.0,0.49517534798764834,0.2811456583174275,59.0,12.056136,0.0,-
9127.T,玉井商船,海運業,スタンダード（内国株式）,3290.0,0.3206714884750052,0.46929780641756846,125.0,3.1873622,0.029240001,-
9130.T,共栄タンカー,海運業,スタンダード（内国株式）,1684.0,0.5902630033042563,0.6544853430133325,40.0,19.911089,0.02655,-
9142.T,九州旅客鉄道,陸運業,プライム（内国株式）,3516.0,-0.11277961941935524,0.16971573378541457,115.0,13.34025,0.0,-
9143.T,ＳＧホールディングス,陸運業,プライム（内国株式）,1566.0,-0.038440069914067516,0.2587905637894281,53.0,17.350767,0.0,買い
9145.T,ビーイングホールディングス,陸運業,スタンダード（内国株式）,572.0,-0.47901644928925213,0.4192153636533134,14.5,11.391752,0.19544001,強気買い
9147.T,ＮＩＰＰＯＮ　ＥＸＰＲＥＳＳホールディングス,陸運業,プライム（内国株式）,5559.0,0.7857064208268673,0.2596544666474426,100.0,356.04498,0.00485,買い
9158.T,シーユーシー,サービス業,グロース（内国株式）,729.0,-0.41019417475728154,0.4865053888961304,0.0,17.42949,0.05505,-
9159.T,Ｗ　ＴＯＫＹＯ,サービス業,グロース（内国株式）,1941.0,-0.1722814498933902,0.5954552509728179,0.0,36.944496,0.089329995,-
9160.T,オンザページ,サービス業,スタンダード（内国株式）,328.0,-0.006060606060606061,0.2055135908843794,0.0,11.403839,0.13254,-
9162.T,ブリーチ,サービス業,グロース（内国株式）,231.0,-0.4166666666666667,0.33585806996524875,0.0,34.01797,0.02106,-
9163.T,ナレルグループ,サービス業,グロース（内国株式）,2354.0,0.03343636274383919,0.16849381955411472,115.0,10.132975,0.13825,-
9165.T,クオルテック,サービス業,グロース（内国株式）,1688.0,0.19832017960465934,0.378991961731014,47.0,12.95151,0.08093,-
9166.T,ＧＥＮＤＡ,サービス業,グロース（内国株式）,748.0,-0.16780987935950212,0.6500807025439245,4.0,28.289473,0.07364,強気買い
9168.T,ライズ・コンサルティング・グループ,サービス業,グロース（内国株式）,413.0,-0.6092629042542269,0.41294843879193227,21.0,7.947343,0.22891001,-
9171.T,栗林商船,海運業,スタンダード（内国株式）,1510.0,0.4225676580773845,0.5542724160735517,60.0,8.291181,0.11833,-
9173.T,東海汽船,海運業,スタンダード（内国株式）,2822.0,-0.05964724340881649,0.12512228649618284,10.0,17.855013,0.06461,-
9193.T,東京汽船,倉庫・運輸関連業,スタンダード（内国株式）,857.0,-0.11908208941552488,0.2513327505260888,50.0,5.934479,0.01737,-
9201.T,日本航空,空運業,プライム（内国株式）,3002.0,-0.029062525391363576,0.2747103899033877,96.0,9.248123,0.12172,買い
9202.T,ＡＮＡホールディングス,空運業,プライム（内国株式）,3040.0,0.03694285465408618,0.24922361604821022,65.0,10.179705,0.12322,買い
9204.T,スカイマーク,空運業,グロース（内国株式）,427.0,-0.09800074612543713,0.3115008734663905,7.0,6.5482793,0.01538,買い
9206.T,スターフライヤー,空運業,スタンダード（内国株式）,1941.0,-0.15974025974025974,0.17645869282360035,0.0,6.472566,-0.03936,-
9211.T,エフ・コード,サービス業,グロース（内国株式）,1505.0,-0.42070823710546573,0.5169722935989425,0.0,13.570921,0.234,強気買い
9212.T,Ｇｒｅｅｎ　Ｅａｒｔｈ　Ｉｎｓｔｉｔｕｔｅ,サービス業,グロース（内国株式）,270.0,-0.3181818181818182,0.5277747046427113,0.0,34.397163,0.06418,-
9213.T,セイファート,サービス業,スタンダード（内国株式）,1050.0,0.19074267341498372,0.8289507122989432,7.0,0.0,-0.18624,-
9214.T,Ｒｅｃｏｖｅｒｙ　Ｉｎｔｅｒｎａｔｉｏｎａｌ,サービス業,グロース（内国株式）,1284.0,-0.2074074074074074,0.25927743119726215,0.0,15.4461,0.17139,-
9215.T,ＣａＳｙ,サービス業,グロース（内国株式）,958.0,0.005246589716684155,0.30424813899888664,0.0,36.098747,0.0,-
9216.T,ビーウィズ,サービス業,プライム（内国株式）,1690.0,0.15084949099701808,0.23562719304241744,77.0,192.9314,0.016,-
9218.T,メンタルヘルステクノロジーズ,サービス業,グロース（内国株式）,772.0,-0.08234447748087233,0.22723100145430317,10.0,31.260365,0.17762,-
9219.T,ギックス,サービス業,グロース（内国株式）,887.0,0.002618551820454067,0.15634557883831593,53.5,31.538462,-0.051030003,-
9220.T,エフビー介護サービス,サービス業,スタンダード（内国株式）,1244.0,0.12740833489228726,0.22773121934574986,38.0,6.6934853,0.13018,-
9221.T,フルハシＥＰＯ,サービス業,スタンダード（内国株式）,1133.0,0.07572911179530686,0.2739797858811377,30.0,14.979856,0.16677,-
9222.T,ｍａｎａｂｙ,サービス業,PRO Market,50.0,0.0,0.0,0.0,0.0,0.37398,-
9223.T,ＡＳＮＯＶＡ,サービス業,グロース（内国株式）,446.0,-0.2780792286090412,0.21671096039395113,2.0,0.0,-0.05192,-
9225.T,ブリッジコンサルティンググループ,サービス業,グロース（内国株式）,977.0,-0.2920289855072464,0.3122433240336754,0.0,15.871855,0.0,-
9227.T,マイクロ波化学,サービス業,グロース（内国株式）,900.0,0.23796423658872076,0.9082502642706503,0.0,0.0,-1.20265,-
9229.T,サンウェルズ,サービス業,プライム（内国株式）,114.0,-0.8553299492385786,0.6101333768487914,0.0,1.9054937,-0.35744,-
9233.T,アジア航測,空運業,スタンダード（内国株式）,1155.0,-0.06961816208052107,0.19449289591889973,49.0,12.346053,0.095819995,-
9235.T,売れるネット広告社グループ,サービス業,グロース（内国株式）,498.0,-0.6668896321070235,0.6972143402377872,0.0,0.0,-0.32423002,-
9236.T,ジャパンＭ＆Ａソリューション,サービス業,グロース（内国株式）,1299.0,0.08612040133779264,0.5284852082310004,0.0,0.0,-0.06349,-
9237.T,笑美面,サービス業,グロース（内国株式）,899.0,-0.39461279461279464,0.5550767929018158,0.0,35.186035,0.0,-
9238.T,バリュークリエーション,サービス業,グロース（内国株式）,391.0,-0.7698559120589127,0.6111208469362945,2.0,9.121519,0.30558002,-
9239.T,ケーイーティ,サービス業,PRO Market,500.0,0.006036217303822937,0.006146982823549011,3.0,13.315579,0.0,-
9240.T,デリバリーコンサルティング,サービス業,グロース（内国株式）,451.0,-0.15700934579439252,0.6553780323425288,0.0,15.336204,0.12965,-
9241.T,フューチャーリンクネットワーク,サービス業,グロース（内国株式）,1548.0,-0.6485811577752554,0.6061333491341558,0.0,41.870415,0.23625,-
9242.T,メディア総研,サービス業,グロース（内国株式）,1917.0,0.34902110895027705,0.5556976705608743,25.0,11.682518,0.12309,-
9243.T,富士テクノホールディングス,サービス業,PRO Market,480.0,0.0,0.48551268526218916,20.0,13.924086,0.51786,-
9244.T,デジタリフト,サービス業,グロース（内国株式）,1267.0,0.022598870056497175,0.43444854265878896,0.0,13.700265,0.23753001,-
9245.T,リベロ,サービス業,グロース（内国株式）,1938.0,0.07338571229217983,0.31889043724615607,30.0,23.126928,0.21638,-
9246.T,プロジェクトホールディングス,サービス業,グロース（内国株式）,1085.0,-0.15234375,0.27301867961029813,0.0,44.2226,0.055999998,-
9247.T,ＴＲＥホールディングス,サービス業,プライム（内国株式）,1975.0,0.3323971504067471,0.34676259515631846,50.0,4.9721594,0.17698,-
9248.T,人・夢・技術グループ,サービス業,スタンダード（内国株式）,1704.0,-0.0017798125393796663,0.22022334276652591,62.0,9.039484,0.12982,-
9249.T,日本エコシステム,サービス業,スタンダード（内国株式）,1663.0,0.06483985814637161,0.13224951003311033,18.0,44.965076,0.029849999,-
9250.T,ＧＲＣＳ,サービス業,グロース（内国株式）,910.0,-0.32940309506263815,0.5229659755488363,0.0,42.377357,-3.3144698,-
9251.T,ＡＢ＆Ｃｏｍｐａｎｙ,サービス業,グロース（内国株式）,1500.0,0.6231431040789,0.26138929571715286,60.0,19.61348,0.1158,強気買い
9252.T,ラストワンマイル,サービス業,グロース（内国株式）,3865.0,0.032785221142432014,0.35097451414277725,30.0,15.911703,0.20229,-
9253.T,スローガン,サービス業,グロース（内国株式）,735.0,-0.06369426751592357,0.3295230836359713,0.0,10.738347,0.12054,-
9254.T,ラバブルマーケティンググループ,サービス業,グロース（内国株式）,1108.0,-0.2213633169360506,0.34526732383457387,0.0,10.904961,0.20721,-
9256.T,サクシード,サービス業,グロース（内国株式）,1138.0,0.39871327325827866,1.0513713936934366,16.0,11.805961,0.08513,-
9257.T,ＹＣＰホールディングス（グローバル）リミテッド　ＪＤＲ,サービス業,グロース（外国株式）,536.0,-0.3373567095713279,0.3898968228805452,17.484719000000002,22.834372,0.0,-
9258.T,ＣＳ－Ｃ,サービス業,グロース（内国株式）,299.0,-0.3325892857142857,0.3657278430611417,0.0,0.0,-0.04519,-
9259.T,タカヨシホールディングス,サービス業,グロース（内国株式）,851.0,0.2211646358275268,0.32443943267519526,30.0,14.542916,0.0,-
9262.T,シルバーライフ,小売業,スタンダード（内国株式）,685.0,-0.09773447183085288,0.32665046204757553,18.0,12.114989,0.11578,-
9264.T,ポエック,卸売業,スタンダード（内国株式）,1758.0,-0.02539772728041744,0.24746134599566175,70.0,18.833838,0.14323,-
9265.T,ヤマシタヘルスケアホールディングス,卸売業,スタンダード（内国株式）,3755.0,0.21535170453683428,0.31351079998035425,100.0,21.022556,0.06763,-
9267.T,Ｇｅｎｋｙ　ＤｒｕｇＳｔｏｒｅｓ,小売業,プライム（内国株式）,3740.0,-0.20761957728510558,0.3818592667730028,13.0,16.299044,0.14554,強気買い
9268.T,オプティマスグループ,卸売業,スタンダード（内国株式）,422.0,0.24953924238037561,0.38529827507831194,18.0,4.2779784,-0.03155,-
9270.T,バリュエンスホールディングス,卸売業,グロース（内国株式）,2139.0,1.158757160565951,0.6136141287343885,10.0,40.29764,0.25014,-
9271.T,和心,小売業,グロース（内国株式）,1001.0,0.3709439087253605,0.6569316507329194,6.0,10.607414,0.77074,-
9272.T,ブティックス,サービス業,グロース（内国株式）,1407.0,0.08314087759815242,0.4231193212675349,0.0,124.3286,0.06237,-
9273.T,コーア商事ホールディングス,卸売業,プライム（内国株式）,767.0,0.02834659110390733,0.23376161590247913,18.0,9.626404,0.13093,-
9274.T,ＫＰＰグループホールディングス,卸売業,プライム（内国株式）,1122.0,0.4863077926897599,0.27959968892044273,36.0,8.762249,0.07832,-
9278.T,ブックオフグループホールディングス,小売業,プライム（内国株式）,2955.0,0.9798405551551641,0.43434210091440606,30.0,18.467865,0.10092,-
9279.T,ギフトホールディングス,小売業,プライム（内国株式）,5100.0,0.6368826418867091,0.416778320252588,24.0,43.746574,0.25913998,-
9301.T,三菱倉庫,倉庫・運輸関連業,プライム（内国株式）,1510.5,0.24934370164087463,0.22780608428943683,38.0,10.444494,0.13803001,-
9302.T,三井倉庫ホールディングス,倉庫・運輸関連業,プライム（内国株式）,3308.0,-0.2234174778248531,0.28512231136541577,49.0,101.94458,0.09912,-
9303.T,住友倉庫,倉庫・運輸関連業,プライム（内国株式）,4160.0,0.3743382220154185,0.19351635799340108,103.0,14.8026905,0.078,中立
9304.T,澁澤倉庫,倉庫・運輸関連業,プライム（内国株式）,1989.0,0.8498370227205461,0.31900340675869177,56.0,13.969829,0.10544,-
9305.T,ヤマタネ,卸売業,プライム（内国株式）,2131.0,-0.2981927001259037,0.2740364441592832,75.0,14.669436,0.07777,-
9306.T,東陽倉庫,倉庫・運輸関連業,スタンダード（内国株式）,2021.0,0.24810906866034038,0.1701778561324272,70.0,9.354179,0.05862,-
9307.T,杉村倉庫,倉庫・運輸関連業,スタンダード（内国株式）,978.0,0.008149351209064336,0.3394851140304458,15.0,19.333933,0.05682,-
9308.T,乾汽船,海運業,スタンダード（内国株式）,2097.0,0.303560104435821,0.33874387715348686,9.93,22.33247,0.03592,-
9310.T,日本トランスシティ,倉庫・運輸関連業,プライム（内国株式）,1403.0,0.23462301187672135,0.278641700634974,43.0,13.332644,0.06649,-
9311.T,アサガミ,倉庫・運輸関連業,スタンダード（内国株式）,7740.0,0.3132377244344175,0.2923228926447332,140.0,7.3046083,0.07244,-
9312.T,ケイヒン,倉庫・運輸関連業,スタンダード（内国株式）,2879.0,0.0958414672348774,0.2557394910744382,100.0,8.310286,0.07975,-
9313.T,丸八倉庫,倉庫・運輸関連業,スタンダード（内国株式）,1034.0,0.17728574995550708,0.24395954550441168,24.0,20.30863,0.02498,-
9319.T,中央倉庫,倉庫・運輸関連業,プライム（内国株式）,1836.0,0.29682593687742187,0.30935537130977286,38.0,21.97769,0.03846,-
9322.T,川西倉庫,倉庫・運輸関連業,スタンダード（内国株式）,2475.0,0.9574395533664201,0.3983528070364568,130.0,25.020763,0.0279,-
9324.T,安田倉庫,倉庫・運輸関連業,プライム（内国株式）,2586.0,0.23872850959722416,0.2641040061287954,70.0,21.852558,0.03936,-
9325.T,ファイズホールディングス,倉庫・運輸関連業,スタンダード（内国株式）,1075.0,-0.14833253483061137,0.29696955314384166,30.0,15.290831,0.04967,-
9326.T,関通ホールディングス,倉庫・運輸関連業,グロース（内国株式）,500.0,0.44804736769399606,0.4710483299510063,10.0,11.169451,-0.12976,-
9327.T,イー・ロジット,倉庫・運輸関連業,スタンダード（内国株式）,194.0,-0.41033434650455924,0.5841608891109302,0.0,0.0,-32.88,-
9330.T,揚羽,サービス業,グロース（内国株式）,870.0,0.0,0.21674857785922083,0.0,0.0,0.0,-
9331.T,キャスター,サービス業,グロース（内国株式）,726.0,-0.15777262180974477,0.6758925786749289,0.0,0.0,0.0,-
9332.T,ＮＩＳＳＯホールディングス,サービス業,プライム（内国株式）,663.0,0.0612621257635527,0.19233918119095023,25.0,12.9889145,0.094689995,-
9335.T,テクノクリエイティブ,サービス業,PRO Market,1406.0,0.0014245014245014246,0.0014506412456332975,2.0,7.451375,0.0,-
9336.T,大栄環境,サービス業,プライム（内国株式）,3770.0,0.29229274189168303,0.3009702004234007,53.0,27.361052,0.13921,-
9337.T,トリドリ,サービス業,グロース（内国株式）,1467.0,-0.5335453100158982,0.6244986304731842,0.0,13.924246,0.29455,-
9339.T,コーチ・エィ,サービス業,スタンダード（内国株式）,1400.0,0.09016192737222004,0.18359345096893373,20.0,30.033398,0.031400003,-
9340.T,アソインターナショナル,サービス業,スタンダード（内国株式）,703.0,0.012436459854107632,0.21258937538361014,26.0,14.556561,0.16773,-
9341.T,ＧＥＮＯＶＡ,サービス業,プライム（内国株式）,625.0,0.011968804085112505,0.26738875860956657,30.0,17.918194,0.05461,-
9342.T,スマサポ,サービス業,グロース（内国株式）,935.0,-0.24107142857142858,0.4279355807623901,0.0,17.434088,0.19517,-
9343.T,アイビス,サービス業,グロース（内国株式）,766.0,0.0182328937213965,0.3511351737197642,10.0,16.103424,0.0,-
9344.T,アクシスコンサルティング,サービス業,グロース（内国株式）,1280.0,0.6030901852891171,0.32248013700158296,35.0,32.076138,0.17247999,-
9345.T,ビズメイツ,サービス業,グロース（内国株式）,596.0,-0.45766284476100566,0.36296412938165895,15.0,10.848586,0.10759,強気買い
9346.T,ココルポート,サービス業,グロース（内国株式）,1779.0,0.14072077467991323,0.22751289042750247,64.0,10.340518,0.21168,-
9347.T,日本管財ホールディングス,サービス業,プライム（内国株式）,2889.0,0.039217394481180994,0.15085775539178792,57.0,15.414841,0.12767,-
9348.T,ｉｓｐａｃｅ,サービス業,グロース（内国株式）,429.0,-0.1765834932821497,0.6396325378690741,0.0,-6.7231636,-1.00905,-
9351.T,東洋埠頭,倉庫・運輸関連業,スタンダード（内国株式）,1905.0,0.32254736404273504,0.17546940775642178,80.0,10.884391,0.05207,-
9353.T,櫻島埠頭,倉庫・運輸関連業,スタンダード（内国株式）,2850.0,0.6245826113743189,0.569179410514687,54.0,9.812925,0.04163,-
9355.T,リンコーコーポレーション,倉庫・運輸関連業,スタンダード（内国株式）,2248.0,0.262070462364248,0.20062668242151804,60.0,7.496241,0.03812,-
9360.T,鈴与シンワート,情報・通信業,スタンダード（内国株式）,2745.0,-0.05475405279731688,0.1584540709801551,110.0,7.4834332,0.22219999,-
9361.T,伏木海陸運送,倉庫・運輸関連業,スタンダード（内国株式）,2060.0,0.24100291418951733,0.29210927540670945,60.0,7.48507,0.06604,-
9362.T,兵機海運,倉庫・運輸関連業,スタンダード（内国株式）,3695.0,0.05969353250105534,0.3345816690881153,110.0,13.6800785,0.08988,-
9363.T,大運,倉庫・運輸関連業,スタンダード（内国株式）,538.0,0.2537796663653805,0.3667858939606706,15.0,9.514057,0.046469998,-
9364.T,上組,倉庫・運輸関連業,プライム（内国株式）,4856.0,0.12484173746867266,0.19664652610711875,205.0,19.753263,0.075729996,買い
9365.T,トレーディア,倉庫・運輸関連業,スタンダード（内国株式）,1635.0,0.18276807708083959,0.21529697075101914,50.0,5.893579,0.07446,-
9366.T,サンリツ,倉庫・運輸関連業,スタンダード（内国株式）,1102.0,0.3805842795466373,0.23343791199849478,36.0,10.558935,0.037750002,-
9367.T,大東港運,倉庫・運輸関連業,スタンダード（内国株式）,2022.0,1.6809230802845812,0.4495953281267548,31.0,26.047247,0.078150004,-
9368.T,キムラユニティー,倉庫・運輸関連業,スタンダード（内国株式）,922.0,0.10724960321727334,0.14833168153091264,34.0,11.111111,0.09,-
9369.T,キユーソー流通システム,倉庫・運輸関連業,スタンダード（内国株式）,3155.0,-0.1133615183113164,0.4141469761537883,26.0,30.280304,0.057729997,-
9376.T,ユーラシア旅行社,サービス業,スタンダード（内国株式）,818.0,0.17165380323584262,0.2380881415385918,49.0,27.997408,0.07482,-
9380.T,東海運,倉庫・運輸関連業,スタンダード（内国株式）,438.0,0.33867470645921244,0.18181382143439268,8.0,23.146576,0.02829,-
9381.T,エーアイテイー,倉庫・運輸関連業,プライム（内国株式）,2369.0,0.25468112152703654,0.19168287806365528,100.0,16.721092,0.16770001,-
9385.T,ショーエイコーポレーション,化学,スタンダード（内国株式）,752.0,0.38232099217533916,0.23524886575446072,35.0,4.3962483,0.17343001,-
9399.T,ビート・ホールディングス・リミテッド,情報・通信業,スタンダード（外国株式）,17.0,-0.8682170542635659,1.2332747976743792,0.0,0.0,-0.70045996,-
9401.T,ＴＢＳホールディングス,情報・通信業,プライム（内国株式）,5852.0,0.08623896848366068,0.27605504593244135,84.0,16.201546,0.051820002,-
9404.T,日本テレビホールディングス,情報・通信業,プライム（内国株式）,2954.5,-0.22891345172779423,0.2399985894901592,45.0,14.059353,0.06258,-
9405.T,朝日放送グループホールディングス,情報・通信業,プライム（内国株式）,833.0,0.152106108211872,0.2673224951441684,33.0,6.3143396,0.064899996,-
9408.T,ＢＳＮメディアホールディングス,情報・通信業,スタンダード（内国株式）,2551.0,0.23371338081683524,0.2551967697917368,16.0,14.620006,0.05894,-
9409.T,テレビ朝日ホールディングス,情報・通信業,プライム（内国株式）,3075.0,0.007173810410277472,0.2631659530823441,70.0,10.460122,0.07478,-
9412.T,スカパーＪＳＡＴ,情報・通信業,プライム（内国株式）,2225.0,0.5903705242580977,0.5747851716258543,42.0,41.014317,0.07934,強気買い
9413.T,テレビ東京ホールディングス,情報・通信業,プライム（内国株式）,3420.0,-0.23499910548055353,0.2585425088246661,100.0,11.739856,0.092089996,-
9414.T,日本ＢＳ放送,情報・通信業,スタンダード（内国株式）,925.0,0.018402707336293504,0.234573491120004,30.0,14.771303,0.11429,-
9416.T,ビジョン,情報・通信業,プライム（内国株式）,1058.0,-0.11171802537410873,0.26814136909632746,52.0,13.069479,0.23059,-
9417.T,スマートバリュー,情報・通信業,スタンダード（内国株式）,333.0,-0.21830985915492956,0.6883555883228033,0.0,8.524371,0.16413,-
9418.T,Ｕ－ＮＥＸＴ　ＨＯＬＤＩＮＧＳ,情報・通信業,プライム（内国株式）,1755.0,-0.1823438094319466,0.24070867096076576,17.0,15.80288,0.18608999,-
9419.T,ワイヤレスゲート,情報・通信業,スタンダード（内国株式）,296.0,0.07636363636363637,0.3223789092636669,0.0,11.65763,0.0,-
9421.T,エヌジェイホールディングス,情報・通信業,スタンダード（内国株式）,506.0,-0.12758620689655173,0.26796731418988023,0.0,59.982487,0.04563,-
9423.T,フォーバル・リアルストレート,情報・通信業,スタンダード（内国株式）,104.0,-0.06432749822512761,0.1870018911793193,2.8,40.697674,0.15722,-
9424.T,日本通信,情報・通信業,プライム（内国株式）,118.0,-0.3058823529411765,0.3562914297361899,0.0,20.15873,0.23091999,-
9425.T,ＲｅＹｕｕ　Ｊａｐａｎ,情報・通信業,スタンダード（内国株式）,222.0,-0.6666666666666666,1.1272037876495586,0.0,0.0,0.02533,-
9428.T,クロップス,情報・通信業,スタンダード（内国株式）,1500.0,-0.07474192279742382,0.32913144235849257,29.0,15.290117,0.13095,-
9432.T,ＮＴＴ,情報・通信業,プライム（内国株式）,166.10000610351562,0.05384289279294656,0.15719915432799575,5.3,12.215139,0.10722999,買い
9433.T,ＫＤＤＩ,情報・通信業,プライム（内国株式）,2915.5,0.1298482363624563,0.23808417962042497,80.0,14.502379,0.14259,買い
9434.T,ソフトバンク,情報・通信業,プライム（内国株式）,233.8000030517578,0.003084148259604486,0.17287674358837835,8.6,18.826668,0.17556,買い
9435.T,光通信,情報・通信業,プライム（内国株式）,39410.0,-0.04431184259472305,0.27422285729841395,770.0,12.635056,0.12522,買い
9436.T,沖縄セルラー電話,情報・通信業,スタンダード（内国株式）,4000.0,0.5578856646563628,0.21615213140455744,67.0,25.408815,0.13567,買い
9438.T,エムティーアイ,情報・通信業,プライム（内国株式）,601.0,-0.24355068060422014,0.32019266148846626,20.0,10.053597,0.1683,-
9439.T,エム・エイチ・グループ,サービス業,スタンダード（内国株式）,232.0,0.07906976744186046,0.229532654378982,0.0,0.0,-0.052529998,-
9441.T,ベルパーク,情報・通信業,スタンダード（内国株式）,3030.0,0.26719254661809677,0.2717326380896479,116.0,11.739229,0.13509,-
9444.T,トーシンホールディングス,情報・通信業,スタンダード（内国株式）,268.0,-0.5718849840255591,1.0460941156577503,0.0,9.098207,-0.087749995,-
9445.T,フォーバルテレコム,情報・通信業,スタンダード（内国株式）,539.0,0.009810315004271495,0.1333941568812041,23.0,10.23493,0.27481002,-
9446.T,サカイホールディングス,情報・通信業,スタンダード（内国株式）,688.0,0.343928873132092,0.2975877044614214,33.0,6.371165,0.21665001,-
9449.T,ＧＭＯインターネットグループ,情報・通信業,プライム（内国株式）,4054.0,0.05672128061617909,0.42208223051137406,56.6,18.897987,0.17083,買い
9450.T,ファイバーゲート,情報・通信業,スタンダード（内国株式）,770.0,0.0554299676929511,0.2105769760982211,27.0,11.112855,0.19338,-
9466.T,アイドママーケティングコミュニケーション,情報・通信業,スタンダード（内国株式）,241.0,0.008459948642798771,0.12752678155141203,10.0,6.5596848,0.1116,-
9467.T,アルファポリス,情報・通信業,グロース（内国株式）,1225.0,-0.17754724972692,0.47387487328507033,24.0,15.892012,0.15953,-
9468.T,ＫＡＤＯＫＡＷＡ,情報・通信業,プライム（内国株式）,3526.0,0.02980976554414222,0.32518800803702974,30.0,93.02739,0.018919999,-
9470.T,学研ホールディングス,情報・通信業,プライム（内国株式）,1040.0,0.014078002429355566,0.2041402050521363,27.5,11.970512,0.07814,-
9474.T,ゼンリン,情報・通信業,プライム（内国株式）,901.0,-0.1364547973784513,0.20215895811623763,42.0,17.749151,0.053460002,-
9475.T,昭文社ホールディングス,情報・通信業,スタンダード（内国株式）,525.0,0.2731481138858933,0.21118165882269535,5.0,41.025642,0.01887,-
9476.T,中央経済社ホールディングス,情報・通信業,スタンダード（内国株式）,987.0,0.6561520369553896,0.337638849404814,13.0,16.28752,0.06604,-
9478.T,ＳＥホールディングス・アンド・インキュベーションズ,情報・通信業,スタンダード（内国株式）,511.0,0.44355446983423447,0.38783619374541395,4.0,19.379229,0.055910002,-
9501.T,東京電力ホールディングス,電気・ガス業,プライム（内国株式）,549.2999877929688,-0.266328330657118,0.5485342404165028,0.0,3.2407057,-0.21519,-
9502.T,中部電力,電気・ガス業,プライム（内国株式）,2906.5,0.44209943088971965,0.3108929173486282,70.0,9.496045,0.082279995,買い
9503.T,関西電力,電気・ガス業,プライム（内国株式）,2610.0,0.3086507073504737,0.3065245941179005,75.0,6.7097006,0.12425,中立
9504.T,中国電力,電気・ガス業,プライム（内国株式）,987.0,0.10915466077587015,0.2844852937326718,27.0,3.2305362,0.12566,-
9505.T,北陸電力,電気・ガス業,プライム（内国株式）,990.7999877929688,0.14707478482367223,0.32789996206769645,25.0,3.3790936,0.1751,-
9506.T,東北電力,電気・ガス業,プライム（内国株式）,1330.5,0.18990135989587734,0.2801147299693866,40.0,3.5689292,0.16431999,買い
9507.T,四国電力,電気・ガス業,プライム（内国株式）,1889.5,0.426793169622072,0.2727214551919448,50.0,4.9405575,0.15419,-
9508.T,九州電力,電気・ガス業,プライム（内国株式）,1963.5,0.3152820559786284,0.2778466798740054,50.0,5.0262513,0.16837999,買い
9509.T,北海道電力,電気・ガス業,プライム（内国株式）,1088.0,-0.04541287312122038,0.38244650593746277,32.0,3.9383562,0.1401,-
9511.T,沖縄電力,電気・ガス業,プライム（内国株式）,1176.0,0.2004361737083849,0.26599880894078365,30.0,9.687923,0.04932,-
9513.T,電源開発,電気・ガス業,プライム（内国株式）,3977.0,0.4340229231799341,0.257300276460036,100.0,7.158422,0.07379,中立
9514.T,エフオン,電気・ガス業,スタンダード（内国株式）,354.0,-0.14409042518810297,0.4142776196637462,8.0,13.907285,0.03095,-
9517.T,イーレックス,電気・ガス業,プライム（内国株式）,892.0,0.249746707540077,0.4421704763428996,22.0,37.602818,0.013459999,-
9519.T,レノバ,電気・ガス業,プライム（内国株式）,960.0,0.12941176470588237,0.5538549564297393,0.0,13.968206,0.0554,-
9531.T,東京瓦斯,電気・ガス業,プライム（内国株式）,6090.0,0.08322087707026495,0.27497884821376845,110.0,14.059843,0.12126,中立
9532.T,大阪瓦斯,電気・ガス業,プライム（内国株式）,5551.0,0.3290206551224432,0.25984910704922265,120.0,14.574096,0.1079,買い
9533.T,東邦瓦斯,電気・ガス業,プライム（内国株式）,1215.0,0.08098398162129135,0.2685223706816946,22.5,18.630573,0.06061,中立
9534.T,北海道瓦斯,電気・ガス業,プライム（内国株式）,822.0,0.25698713365189413,0.28776978755870114,24.5,6.673157,0.14298001,-
9535.T,広島ガス,電気・ガス業,プライム（内国株式）,424.0,0.14681190804295996,0.1769723938507487,12.0,12.690191,0.0355,-
9536.T,西部ガスホールディングス,電気・ガス業,プライム（内国株式）,2473.0,0.29658679498292706,0.24850934573659872,70.0,10.614502,0.098120004,-
9537.T,北陸瓦斯,電気・ガス業,スタンダード（内国株式）,4465.0,0.19572764620671818,0.33052750035148476,80.0,7.8990073,0.06021,-
9539.T,京葉瓦斯,電気・ガス業,スタンダード（内国株式）,1377.0,0.19768180015639408,0.22393583068783318,26.0,13.398758,0.03341,-
9543.T,静岡ガス,電気・ガス業,プライム（内国株式）,1279.0,0.1352286662365954,0.21469269087851978,44.5,11.304479,0.08061,中立
9551.T,メタウォーター,電気・ガス業,プライム（内国株式）,3110.0,0.06077716123428796,0.3918689132178162,70.0,16.167902,0.13234,中立
9552.T,クオンツ総研ホールディングス,サービス業,プライム（内国株式）,1101.0,-0.18422691380649733,0.6190960255989456,5.0,13.767961,0.32084998,-
9553.T,マイクロアド,サービス業,グロース（内国株式）,592.0,0.0962962962962963,0.6095834594714405,0.0,108.28652,0.14084,-
9554.T,ＡＶｉＣ,サービス業,グロース（内国株式）,1800.0,-0.16666666666666666,0.5455295488388826,0.0,16.793625,0.27014,強気買い
9556.T,ＩＮＴＬＯＯＰ,サービス業,グロース（内国株式）,2242.0,-0.4060927152317881,0.5444070737740418,0.0,31.92188,0.22976999,強気買い
9557.T,エアークローゼット,サービス業,グロース（内国株式）,210.0,-0.5058823529411764,0.5466712223712394,0.0,0.0,-0.71291,-
9558.T,ジャパニアス,サービス業,グロース（内国株式）,1972.0,-0.0753558717842756,0.19359801253296216,100.0,11.413043,0.24768999,-
9560.T,プログリット,サービス業,グロース（内国株式）,884.0,-0.18689333306086536,0.3448017208349018,30.0,13.194888,0.40175,-
9561.T,グラッドキューブ,サービス業,グロース（内国株式）,408.0,-0.3723076923076923,0.521693770600033,0.0,0.0,-0.04223,-
9562.T,ビジネスコーチ,サービス業,グロース（内国株式）,615.0,-0.15107685404322715,0.4573940407384929,16.666668,19.994522,0.05874,-
9563.T,Ａｔｌａｓ　Ｔｅｃｈｎｏｌｏｇｉｅｓ,サービス業,グロース（内国株式）,372.0,0.16981132075471697,0.3436952833311084,0.0,96.02649,0.01321,-
9564.T,ＦＣＥ,サービス業,スタンダード（内国株式）,602.0,-0.34164595453235963,0.4218259127656689,7.5,18.449009,0.19768,-
9565.T,ＧＬＯＥ,サービス業,グロース（内国株式）,670.0,-0.28950159066808057,0.3384016950974348,0.0,519.2857,0.0462,-
9601.T,松竹,情報・通信業,プライム（内国株式）,11020.0,-0.245185486237997,0.32231953845281525,40.0,39.349384,0.053940002,-
9602.T,東宝,情報・通信業,プライム（内国株式）,1543.5,-0.1995708543020223,0.31477033926915066,22.0,27.398184,0.11309,買い
9603.T,エイチ・アイ・エス,サービス業,プライム（内国株式）,1152.0,-0.21986937510085205,0.3166990768179072,10.0,17.587301,0.081920005,中立
9605.T,東映,情報・通信業,プライム（内国株式）,5980.0,0.1309846201554339,0.2728726290684263,36.0,18.188568,0.0994,-
9610.T,ウィルソン・ラーニング　ワールドワイド,サービス業,スタンダード（内国株式）,100.0,-0.4444444444444444,1.1762750036968757,0.0,0.0,-0.21466999,-
9612.T,ラックランド,サービス業,プライム（内国株式）,1252.0,-0.09447272934029828,0.4740075668800213,40.0,7.849255,0.18958001,-
9616.T,共立メンテナンス,サービス業,プライム（内国株式）,3482.0,0.052468176026705116,0.2913361646820275,46.0,15.0880165,0.13972999,強気買い
9619.T,イチネンホールディングス,サービス業,プライム（内国株式）,2699.0,0.5786897312661237,0.2109801197865009,80.0,7.1121826,0.106639996,-
9621.T,建設技術研究所,サービス業,プライム（内国株式）,3225.0,0.1315123570287419,0.2606605768123541,75.0,14.639377,0.09349,-
9622.T,スペース,サービス業,プライム（内国株式）,1460.0,0.14459789131663897,0.236445395146103,87.0,10.232891,0.07729,-
9625.T,セレスポ,サービス業,スタンダード（内国株式）,946.0,-0.09017776187893906,0.2549650888799285,40.0,0.0,-0.0129700005,-
9627.T,アインホールディングス,小売業,プライム（内国株式）,6140.0,-0.008853675721387334,0.3044981169805396,80.0,23.586191,0.08336,買い
9628.T,燦ホールディングス,サービス業,プライム（内国株式）,1382.0,-0.0992529301435821,0.2522021666954226,28.5,6.200701,0.12838,-
9629.T,ピー・シー・エー,情報・通信業,プライム（内国株式）,1593.0,-0.15457045550691673,0.27512539052861607,95.0,21.361563,0.08145001,-
9632.T,スバル興業,サービス業,スタンダード（内国株式）,3700.0,0.07657558718236289,0.26508589197132054,80.0,14.116937,0.06677,-
9633.T,東京テアトル,不動産業,スタンダード（内国株式）,1836.0,0.37827101420615483,0.15538127804352914,20.0,8.347817,0.08191,-
9635.T,武蔵野興業,サービス業,スタンダード（内国株式）,2549.0,0.11261457878655609,0.18961074587730745,0.0,7.256931,0.09283,-
9636.T,きんえい,サービス業,スタンダード（内国株式）,4160.0,0.030861423547259632,0.07812282922393544,10.0,69.931244,0.03912,-
9639.T,三協フロンテア,サービス業,スタンダード（内国株式）,2326.0,0.17101103342784177,0.10546587050809764,85.0,9.4000435,0.10864,-
9640.T,セゾンテクノロジー,情報・通信業,スタンダード（内国株式）,2002.0,0.09476234567633401,0.23742114852558802,90.0,24.389986,0.07961,-
9644.T,タナベコンサルティンググループ,サービス業,プライム（内国株式）,776.0,0.13125814143858774,0.17611826076055287,27.0,22.222223,0.05954,-
9647.T,協和コンサルタンツ,サービス業,スタンダード（内国株式）,6780.0,0.051216188685698896,0.5127893618882405,30.0,7.703571,0.1402,-
9651.T,日本プロセス,情報・通信業,スタンダード（内国株式）,1980.0,0.3771899183899909,0.26872268347665856,76.0,11.417662,0.09847999,-
9656.T,グリーンランドリゾート,サービス業,スタンダード（内国株式）,600.0,-0.02864549186827546,0.055834504915308905,15.0,12.990872,0.04701,-
9658.T,ビジネスブレイン太田昭和,情報・通信業,プライム（内国株式）,1066.0,0.13925424248879978,0.2693309663470127,45.0,11.819981,0.08550999,-
9661.T,歌舞伎座,サービス業,スタンダード（内国株式）,4455.0,-0.05412277108737253,0.06617903669492095,5.0,156.27165,0.03342,-
9663.T,ナガワ,サービス業,プライム（内国株式）,5100.0,-0.2252320602367831,0.2210871610361327,100.0,22.271276,0.05587,-
9672.T,東京都競馬,サービス業,プライム（内国株式）,5120.0,0.0014593409280185818,0.21688775636247368,133.0,14.74189,0.112749994,-
9678.T,カナモト,サービス業,プライム（内国株式）,5450.0,0.5885584397184015,0.2584108732355983,105.0,14.392613,0.07856,-
9679.T,ホウライ,サービス業,スタンダード（内国株式）,2348.0,0.25615723751695274,0.23838094587243602,24.0,17.39167,0.06545,-
9682.T,ＤＴＳ,情報・通信業,プライム（内国株式）,1116.0,-0.08676630693468576,0.2771342457958618,37.0,14.617755,0.19943,-
9684.T,スクウェア・エニックス・ホールディングス,情報・通信業,プライム（内国株式）,2917.0,-0.18943005511765884,0.3170141801710294,43.0,40.69749,0.07472,-
9685.T,ＫＹＣＯＭホールディングス,情報・通信業,スタンダード（内国株式）,564.0,-0.15870182673233119,0.19082737992053025,10.0,6.557205,0.10582,-
9686.T,東洋テック,サービス業,スタンダード（内国株式）,1659.0,0.05028546716412766,0.22492379295032988,71.0,8.121827,0.107480004,-
9687.T,ＫＳＫ,情報・通信業,スタンダード（内国株式）,4390.0,0.04091727685892764,0.26472534081709803,181.0,10.346125,0.13758999,-
9691.T,両毛システムズ,情報・通信業,スタンダード（内国株式）,5150.0,0.330152646845746,0.3533036806139376,44.0,6.5524015,0.15145001,-
9692.T,シーイーシー,情報・通信業,プライム（内国株式）,2395.0,0.055308968155442575,0.25909824658473635,80.0,12.051469,0.12532,-
9697.T,カプコン,情報・通信業,プライム（内国株式）,4130.0,0.03423314851841563,0.44672752543974176,45.0,22.818745,0.0,強気買い
9698.T,クレオ,情報・通信業,スタンダード（内国株式）,1341.0,0.19490896022478335,0.1320430735157484,55.0,11.862891,0.108430006,-
9699.T,ニシオホールディングス,サービス業,プライム（内国株式）,4620.0,0.14686352686934134,0.2454955768880248,131.0,10.353605,0.08562,-
9701.T,東京會舘,サービス業,スタンダード（内国株式）,4320.0,0.11437490167587759,0.18502402897316972,45.0,17.310402,-0.04704,-
9702.T,アイ・エス・ビー,情報・通信業,プライム（内国株式）,2480.0,0.6046651504243253,0.2550674229341421,55.0,16.19443,0.10241,-
9704.T,アゴーラ　ホスピタリティー　グループ,サービス業,スタンダード（内国株式）,30.0,-0.5454545454545454,0.554602936008754,0.0,8.713693,0.19904,-
9706.T,日本空港ビルデング,不動産業,プライム（内国株式）,5683.0,0.12279239473710359,0.28256577566311725,95.0,17.70495,0.21711001,中立
9708.T,帝国ホテル,サービス業,スタンダード（内国株式）,1012.0,0.013027557677065133,0.30176572289916853,7.0,64.38356,0.06631,中立
9709.T,ＮＣＳ＆Ａ,情報・通信業,スタンダード（内国株式）,1365.0,-0.08028566705131758,0.34881950472550954,58.0,10.171646,0.20321,-
9713.T,ロイヤルホテル,サービス業,スタンダード（内国株式）,900.0,-0.10240019196714645,0.21139898243923413,6.0,6.560678,0.073920004,-
9715.T,トランス・コスモス,サービス業,プライム（内国株式）,3700.0,0.03371207416382118,0.1868693829638823,140.0,11.580084,0.11767,-
9716.T,乃村工藝社,サービス業,プライム（内国株式）,1239.0,0.24628572060053217,0.27170338499756286,42.0,14.664369,0.20549,-
9720.T,ホテル、ニューグランド,サービス業,スタンダード（内国株式）,6390.0,-0.05254111130682839,0.24572034419898192,25.0,35.714287,0.05539,-
9722.T,藤田観光,サービス業,プライム（内国株式）,2651.0,0.13989271137099693,0.4254288617887086,14.0,14.508176,0.29749,-
9723.T,京都ホテル,サービス業,スタンダード（内国株式）,634.0,-0.005325635981443008,0.1394333971139071,5.0,11.002161,-0.021710001,-
9726.T,ＫＮＴ－ＣＴホールディングス,サービス業,スタンダード（内国株式）,1942.0,0.3295375987655394,0.32512356286522615,10.0,5.9625335,0.1532,-
9729.T,トーカイ,サービス業,プライム（内国株式）,2552.0,0.1984281123728138,0.245464643990014,68.0,19.20148,0.06533,買い
9731.T,白洋舎,サービス業,スタンダード（内国株式）,3405.0,-0.00918312637204666,0.21064049025569645,100.0,6.21979,0.18496001,-
9733.T,ナガセ,サービス業,スタンダード（内国株式）,2308.0,0.23557583255365686,0.21543080475797696,150.0,19.398462,0.108789995,-
9735.T,セコム,サービス業,プライム（内国株式）,6413.0,0.14048578190101052,0.22212286219528174,100.0,23.613422,0.08574,中立
9739.T,ＮＳＷ,情報・通信業,プライム（内国株式）,2714.0,0.07585437732555264,0.19757631057382555,125.0,11.030372,0.08547,-
9740.T,セントラル警備保障,サービス業,プライム（内国株式）,2805.0,0.1275228801388677,0.32140028643321267,60.0,15.0830965,0.0836,-
9742.T,アイネス,情報・通信業,プライム（内国株式）,2447.0,0.4592067831945888,0.32615563657690405,50.0,33.40279,0.02572,-
9743.T,丹青社,サービス業,プライム（内国株式）,1498.0,0.10646696621193888,0.23575210361256943,73.0,12.0409775,0.16874,-
9744.T,メイテックグループホールディングス,サービス業,プライム（内国株式）,3339.0,0.057450624757123085,0.1400576778576567,196.0,17.72546,0.31326,中立
9746.T,ＴＫＣ,情報・通信業,プライム（内国株式）,4035.0,-0.08731157124778749,0.19899659974925565,115.0,15.9302225,0.14152999,-
9753.T,アイエックス・ナレッジ,情報・通信業,スタンダード（内国株式）,1342.0,-0.07255218930434564,0.30534138271597466,50.0,8.536586,0.145,-
9755.T,応用地質,サービス業,プライム（内国株式）,2890.0,0.009333407685450979,0.2468202767528658,122.0,15.241518,0.05429,-
9757.T,船井総研ホールディングス,サービス業,プライム（内国株式）,1160.0,-0.0650331272173895,0.1969068834092004,45.5,16.72399,0.25729,-
9759.T,ＮＳＤ,情報・通信業,プライム（内国株式）,2869.5,-0.11922236295513947,0.2548282338862412,96.0,17.074694,0.19198999,-
9760.T,進学会ホールディングス,サービス業,スタンダード（内国株式）,120.0,-0.3103448275862069,0.20291345873040673,0.0,0.0,-0.12769,-
9761.T,東海リース,サービス業,スタンダード（内国株式）,2425.0,0.10939864870222987,0.18000185853477063,120.0,6.7782125,0.07632,-
9763.T,丸建リース,卸売業,スタンダード（内国株式）,1301.0,0.17758683021646451,0.24066881991714478,53.332992,9.10268,0.07667,-
9765.T,オオバ,サービス業,プライム（内国株式）,1165.0,0.15004263699495737,0.1803241813967032,44.0,15.554759,0.10524999,-
9766.T,コナミグループ,情報・通信業,プライム（内国株式）,21885.0,-0.08698358087315865,0.44027810090832575,221.5,30.957943,0.16981001,買い
9767.T,日建工学,サービス業,スタンダード（内国株式）,1587.0,0.03608909341773974,0.33453908055774106,30.0,12.706741,0.06688,-
9768.T,いであ,サービス業,スタンダード（内国株式）,3740.0,0.2288441266754579,0.35730907295311065,118.0,11.771586,0.08012,-
9769.T,学究社,サービス業,プライム（内国株式）,2624.0,0.19130133875180033,0.15530748593170224,103.0,15.002511,0.23784,-
9778.T,昴,サービス業,スタンダード（内国株式）,5790.0,-0.16587471829264983,0.15284635913721573,120.0,60.240963,0.00853,-
9780.T,ハリマビステム,サービス業,スタンダード（内国株式）,1100.0,0.29631664927925183,0.1930770938872068,32.0,10.809903,0.10323,-
9782.T,ディーエムエス,サービス業,スタンダード（内国株式）,3455.0,0.10226547471002176,0.23801080825601167,234.0,21.24183,0.07442,-
9788.T,ナック,サービス業,プライム（内国株式）,526.0,0.001039024216291737,0.1158439930563273,22.0,14.654455,0.049310002,-
9790.T,福井コンピュータホールディングス,情報・通信業,プライム（内国株式）,3155.0,-0.036152270410912624,0.23782607926825103,73.0,16.790123,0.1379,-
9791.T,ビケンテクノ,サービス業,スタンダード（内国株式）,1160.0,0.03729684898289955,0.28626469960752504,36.0,8.520696,0.059070002,-
9793.T,ダイセキ,サービス業,プライム（内国株式）,3805.0,0.07292754017485548,0.22418666659294448,76.0,21.413387,0.11163,買い
9795.T,ステップ,サービス業,プライム（内国株式）,2299.0,0.021243996058049955,0.15618437591657394,89.0,14.247154,0.09972,-
9799.T,旭情報サービス,情報・通信業,スタンダード（内国株式）,959.0,-0.04757755127400794,0.26881927374442555,34.0,13.037584,0.10358,-
9812.T,テーオーホールディングス,小売業,スタンダード（内国株式）,243.0,-0.254601226993865,0.24686866797031357,0.0,0.0,-0.15257,-
9816.T,ストライダーズ,不動産業,スタンダード（内国株式）,255.0,-0.06132793635241183,0.4187418758270498,5.0,17.611448,0.053629998,-
9818.T,大丸エナウィン,卸売業,スタンダード（内国株式）,1515.0,-0.0804838875303341,0.38469187493602297,29.0,16.393444,0.06506,-
9820.T,エムティジェネックス,不動産業,スタンダード（内国株式）,3675.0,0.18168788847632145,0.2691370645689255,40.0,15.082988,0.07402,-
9823.T,マミーマートホールディングス,小売業,スタンダード（内国株式）,1028.0,-0.1677326743485632,0.3652755000892553,22.6,13.088655,0.13215,-
9824.T,泉州電業,卸売業,プライム（内国株式）,6940.0,0.6198842099720566,0.3091849410840437,155.0,16.653757,0.111090004,-
9827.T,リリカラ,卸売業,スタンダード（内国株式）,632.0,0.03395199242710943,0.1805959246598175,36.0,15.598493,0.06336,-
9828.T,Ｇｅｎｋｉ　Ｇｌｏｂａｌ　Ｄｉｎｉｎｇ　Ｃｏｎｃｅｐｔｓ,小売業,スタンダード（内国株式）,3410.0,0.011810355681255281,0.24493334872948724,70.0,11.195819,0.26961002,-
9830.T,トラスコ中山,卸売業,プライム（内国株式）,2360.0,0.0350961429322213,0.2579417133904131,62.0,9.9846325,0.08101,-
9831.T,ヤマダホールディングス,小売業,プライム（内国株式）,720.2999877929688,0.6000851198894933,0.21851391600015205,17.0,14.177607,0.03819,-
9832.T,オートバックスセブン,卸売業,プライム（内国株式）,1554.0,0.04067660826075512,0.15693438004287608,60.0,12.838208,0.06841,-
9835.T,ジュンテンドー,小売業,スタンダード（内国株式）,514.0,0.061253962827147075,0.10379200594753607,10.0,25.194553,0.00885,-
9837.T,モリト,卸売業,プライム（内国株式）,1823.0,0.20678458837368455,0.2088350831388956,73.0,17.61709,0.07372,-
9842.T,アークランズ,小売業,プライム（内国株式）,1920.0,0.06859702004821942,0.1990408083614531,40.0,12.201019,0.060489997,-
9843.T,ニトリホールディングス,小売業,プライム（内国株式）,3029.0,0.10475035786805736,0.3892713738161106,30.8,17.750017,0.083950005,買い
9845.T,パーカーコーポレーション,化学,スタンダード（内国株式）,1393.0,0.21117526961927885,0.3244961733317858,53.0,9.42917,0.08737001,-
9846.T,天満屋ストア,小売業,スタンダード（内国株式）,999.0,0.04109025468191523,0.06601795737034949,15.5,8.298472,0.05105,-
9849.T,共同紙販ホールディングス,卸売業,スタンダード（内国株式）,4495.0,-0.03322156175859965,0.07009688237068785,50.0,233.10986,0.0018000001,-
9850.T,グルメ杵屋,小売業,プライム（内国株式）,989.0,-0.008934029103393389,0.11654399372364588,7.0,65.95603,0.03381,-
9853.T,銀座ルノアール,小売業,スタンダード（内国株式）,908.0,-0.0013633633980359243,0.09953283836801803,5.0,231.06061,0.0171,-
9854.T,愛眼,小売業,スタンダード（内国株式）,284.0,0.5106382978723404,0.5249835086559882,0.0,20.91222,0.018760001,-
9856.T,ケーユーホールディングス,小売業,スタンダード（内国株式）,1243.0,0.1117930804893103,0.1701883963574595,58.0,7.167157,0.085200004,-
9857.T,英和,卸売業,スタンダード（内国株式）,2590.0,0.1539426278848729,0.1991412801026707,96.0,8.618851,0.11726,-
9861.T,吉野家ホールディングス,小売業,プライム（内国株式）,3860.0,0.126712706560243,0.22706872411186763,22.0,47.484406,0.05982,-
9867.T,ソレキア,卸売業,スタンダード（内国株式）,10770.0,0.40663610499670805,0.35296615132326425,70.0,6.3694267,0.14054,-
9869.T,加藤産業,卸売業,プライム（内国株式）,6610.0,0.1589871054328548,0.20103341965693902,150.0,16.155165,0.083809994,-
9872.T,北恵,卸売業,スタンダード（内国株式）,949.0,0.0539579781087912,0.16236253079651866,28.0,15.196904,0.06053,-
9876.T,コックス,小売業,スタンダード（内国株式）,219.0,-0.00904977375565611,0.29714613511996385,0.0,6.6113563,0.11418,-
9878.T,セキド,小売業,スタンダード（内国株式）,413.0,-0.4279778393351801,0.3829153841048417,0.0,0.0,-0.2789,-
9880.T,イノテック,電気機器,プライム（内国株式）,3595.0,1.4809758301850329,0.5716390863083132,125.0,26.17314,0.06813,-
9882.T,イエローハット,卸売業,プライム（内国株式）,1797.0,0.11947027188079444,0.2358723994415112,62.0,12.376314,0.09849,-
9885.T,シャルレ,卸売業,スタンダード（内国株式）,334.0,-0.09841615670744858,0.15630047777006278,8.0,0.0,-0.23035999,-
9887.T,松屋フーズホールディングス,小売業,プライム（内国株式）,5130.0,-0.2846300496314867,0.26033569319617356,24.0,41.01148,0.07067,-
9888.T,ＵＥＸ,卸売業,スタンダード（内国株式）,1212.0,0.5528130933775371,0.3961675063640072,22.0,11.009586,0.03338,-
9889.T,ＪＢＣＣホールディングス,情報・通信業,プライム（内国株式）,1757.0,0.3024047719013768,0.3486776076866388,42.0,16.077211,0.20815,-
9890.T,マキヤ,小売業,スタンダード（内国株式）,1359.0,0.14007206678389356,0.3134873658179317,30.0,7.808157,0.06448,-
9895.T,コンセック,卸売業,スタンダード（内国株式）,1265.0,-0.0010663256069871993,0.13412409099303385,27.0,0.0,-0.01714,-
9896.T,ＪＫホールディングス,卸売業,スタンダード（内国株式）,1411.0,0.16882754955294205,0.25960728887011714,55.0,10.139932,0.05939,-
9900.T,サガミホールディングス,小売業,プライム（内国株式）,2169.0,0.14716619390080388,0.23278491699140935,6.0,35.84028,0.080290005,-
9902.T,日伝,卸売業,プライム（内国株式）,3035.0,0.10167927890882762,0.24340792290808813,70.0,14.259854,0.05495,-
9903.T,カンセキ,小売業,スタンダード（内国株式）,905.0,0.04273546468104504,0.3931998471346959,20.0,21.334312,-0.063140005,-
9904.T,ベリテ,小売業,スタンダード（内国株式）,242.0,-0.3050397887282593,0.32318934124986387,13.49,22.768879,-0.02575,-
9906.T,藤井産業,卸売業,スタンダード（内国株式）,4250.0,0.3285180658767296,0.3543399553560943,160.0,6.938578,0.13377,-
9908.T,日本電計,卸売業,スタンダード（内国株式）,2711.0,0.3815692779619337,0.2160820987293804,97.0,9.561189,0.109280005,-
9913.T,日邦産業,卸売業,スタンダード（内国株式）,3260.0,0.30441119524787696,0.4174565101394464,154.0,25.252525,0.09494001,-
9928.T,ミロク情報サービス,情報・通信業,プライム（内国株式）,1955.0,0.0943841553956402,0.23609025204821235,60.0,11.142027,0.15952,強気買い
9929.T,平和紙業,卸売業,スタンダード（内国株式）,474.0,0.10581901527774247,0.13193220374634224,12.0,55.542168,0.00764,-
9930.T,北沢産業,卸売業,スタンダード（内国株式）,402.0,0.11496545890851387,0.1892831292764759,10.0,12.786051,0.03273,-
9932.T,杉本商事,卸売業,プライム（内国株式）,1333.0,-0.2790436841347747,0.2778392720095283,54.0,13.734664,0.04902,-
9934.T,因幡電機産業,卸売業,プライム（内国株式）,2966.0,0.47926788225214995,0.22093369658475034,85.0,15.226249,0.12299,-
9936.T,王将フードサービス,小売業,プライム（内国株式）,2953.0,-0.2275625719321294,0.1947506822164383,56.0,20.85179,0.121199995,-
9941.T,太洋物産,卸売業,スタンダード（内国株式）,1169.0,0.16318407960199005,0.8153996294562188,0.0,13.920609,0.16691999,-
9946.T,ミニストップ,小売業,プライム（内国株式）,1865.0,-0.08438648612350577,0.1947534673072578,20.0,-75.35714,-0.22188999,-
9948.T,アークス,小売業,プライム（内国株式）,3705.0,0.21936292086323653,0.20672064864128867,82.0,17.74755,0.06798,中立
9950.T,ハチバン,小売業,スタンダード（内国株式）,3415.0,-0.01156345484712553,0.05756170307617038,20.0,99.29701,0.00954,-
9955.T,ヨンキュウ,卸売業,スタンダード（内国株式）,2821.0,0.1623137967285501,0.22296166815695773,25.0,10.486672,0.09362,-
9956.T,バローホールディングス,小売業,プライム（内国株式）,3250.0,0.15302670375892596,0.2988674571213168,74.0,15.236211,0.0,-
9959.T,アシードホールディングス,小売業,スタンダード（内国株式）,1100.0,0.6505862784941221,0.37839855987879484,22.0,13.558819,0.10876001,-
9960.T,東テク,卸売業,プライム（内国株式）,3695.0,0.20905165458205102,0.3228906932871056,128.0,13.95816,0.19673,-
9962.T,ミスミグループ本社,卸売業,プライム（内国株式）,3615.0,0.7180051840524253,0.4354641047082414,52.980000000000004,25.749979,0.08724,-
9969.T,ショクブン,小売業,スタンダード（内国株式）,233.0,-0.04357784431512782,0.12011064513881418,2.5,49.39271,0.03146,-
9972.T,アルテック,卸売業,スタンダード（内国株式）,281.0,0.2006364235935714,0.2575790620038222,7.0,0.0,-0.20762,-
9973.T,ＫＯＺＯホールディングス,小売業,スタンダード（内国株式）,20.0,-0.2857142857142857,0.6484752023688785,0.0,0.0,-2.60571,-
9974.T,ベルク,小売業,プライム（内国株式）,6750.0,-0.0791332554930927,0.20643548446314086,124.0,12.987013,0.11153,-
9976.T,セキチュー,小売業,スタンダード（内国株式）,1060.0,0.07893027419067059,0.38027617348512344,30.0,11.904487,-0.00037999998,-
9978.T,文教堂グループホールディングス,小売業,スタンダード（内国株式）,45.0,-0.27419354838709675,0.39065228034959354,0.0,0.0,-0.12865,-
9979.T,大庄,小売業,スタンダード（内国株式）,1100.0,-0.11197858231724593,0.1857258549095113,14.0,19.83545,0.10068,-
9980.T,ＭＲＫホールディングス,小売業,スタンダード（内国株式）,95.0,-0.10369378354128284,0.5179844475574242,1.0,21.920668,0.08796,-
9982.T,タキヒヨー,卸売業,スタンダード（内国株式）,2576.0,0.48267347010756423,0.27892751292798323,45.0,14.01022,0.0456,-
9983.T,ファーストリテイリング,小売業,プライム（内国株式）,73510.0,0.5209326083161454,0.3384059452183514,580.0,47.33971,0.20033,買い
9984.T,ソフトバンクグループ,情報・通信業,プライム（内国株式）,5255.0,0.4444099447863057,0.8616156392848704,11.0,6.9935694,0.26023,買い
9986.T,蔵王産業,卸売業,スタンダード（内国株式）,2507.0,0.07243014542968183,0.08147543536953569,105.0,19.95083,0.07355,-
9987.T,スズケン,卸売業,プライム（内国株式）,5124.0,-0.11000895931804697,0.22256458162997425,100.0,14.5237875,0.0,-
9989.T,サンドラッグ,小売業,プライム（内国株式）,3712.0,-0.20856899427917525,0.1705711073722217,131.0,14.298352,0.11504,買い
9990.T,サックスバー　ホールディングス,小売業,プライム（内国株式）,757.0,-0.013584530567599631,0.14385750617255658,35.0,10.375718,0.07119,-
9991.T,ジェコス,卸売業,プライム（内国株式）,1780.0,0.3475639114559604,0.2626885980096135,69.0,10.658974,0.08766,-
9993.T,ヤマザワ,小売業,スタンダード（内国株式）,1187.0,0.025471469486438733,0.08715675430587144,27.0,0.0,-0.01509,-
9994.T,やまや,小売業,スタンダード（内国株式）,2083.0,-0.11271439695967307,0.20067450030153436,75.0,8.557047,0.09191,-
9996.T,サトー商会,卸売業,スタンダード（内国株式）,2087.0,0.03715061759970183,0.2262619610685912,46.0,14.372894,0.04843,-
9997.T,ベルーナ,小売業,プライム（内国株式）,1064.0,0.06853560232321582,0.25988120551031035,38.0,9.008465,0.0777,-
